{"type":"FeatureCollection","features":[{"type":"Feature","id":"roads-000001","geometry":{"type":"LineString","coordinates":[[102.85580718386896,16.47788004725474],[102.85568511925507,16.477668723669183],[102.85533155236952,16.477055931342345],[102.8550829587502,16.47662493050474],[102.85410184800614,16.475805439208504],[102.85364189938443,16.47542110568243],[102.85309446329192,16.474963645219205],[102.85305931341344,16.474934227343937],[102.85299383936268,16.474807181050448],[102.85294820375094,16.47471830454293],[102.85270439799599,16.47424422932123],[102.85262802235205,16.47409588259103],[102.85243408904125,16.47371852131187],[102.85238490981062,16.473623049618585],[102.85219784502647,16.473258979702948],[102.8521452644753,16.47315687993626],[102.85207864027159,16.473027076131537],[102.85200878699317,16.472890877783026],[102.85154207179674,16.471971604778748],[102.85131804867625,16.471530435920293],[102.85107557245604,16.471052889891688],[102.85001267224138,16.468958777050357],[102.84924137301894,16.46743905797262],[102.848950574043,16.466865813581556]]},"properties":{"id":"roads-000001","label":"ถนนกสิกรทุ่งสร้าง(สามแยกวัดป่ารัตนมงคล-สี่แยกเอื้ออาทร)","sourceRecord":1,"sourceFolder":"ถนนขึ้นทะเบียนทางหลวง","sourceFile":"ถนนเฉพาะขึ้นทะเบียน.shp","datasetId":"roads","geometryDisplayRepair":false,"villageIds":["v13","v26"],"villageId":null,"electionIds":["e02"],"electionId":"e02","insideMunicipality":true,"roadName":"ถนนกสิกรทุ่งสร้าง(สามแยกวัดป่ารัตนมงคล-สี่แยกเอื้ออาทร)","surface":null,"lengthSource":null}},{"type":"Feature","id":"roads-000002","geometry":{"type":"LineString","coordinates":[[102.83251281970657,16.483461555358453],[102.83287980820654,16.48339677640724],[102.83426386730541,16.482915962775564],[102.83603682939673,16.482288777904124],[102.83779173653156,16.4816679587656],[102.8382795379956,16.481495393642344],[102.83933136903042,16.481123283351778],[102.83955525329118,16.481044080752444],[102.84024845543225,16.480798827181214],[102.84120527515097,16.48046031394446],[102.84124608094396,16.480445871957723],[102.84195373204611,16.480246012935186],[102.84228697499478,16.48015187967704],[102.84240811889664,16.48011765114044],[102.84318529731303,16.479898118638758],[102.84395000365977,16.47968211973739],[102.8487681427742,16.478321032104233]]},"properties":{"id":"roads-000002","label":"ถนนมิตรภาพ - หนองไผ่","sourceRecord":2,"sourceFolder":"ถนนขึ้นทะเบียนทางหลวง","sourceFile":"ถนนเฉพาะขึ้นทะเบียน.shp","datasetId":"roads","geometryDisplayRepair":false,"villageIds":["v14"],"villageId":"v14","electionIds":["e02"],"electionId":"e02","insideMunicipality":true,"roadName":"ถนนมิตรภาพ - หนองไผ่","surface":"ลูกรัง","lengthSource":null}},{"type":"Feature","id":"roads-000003","geometry":{"type":"LineString","coordinates":[[102.8045849366515,16.4970110983556],[102.8051902293791,16.49649195799714],[102.80665476964953,16.49520287193626],[102.80673812522281,16.49512953838718],[102.80712984852264,16.494784780021636],[102.80729117563867,16.494642818683584],[102.80751219917938,16.494461108475562],[102.81019254381866,16.49225789553764],[102.81030060340747,16.492169102514538],[102.81064495388732,16.491877386543962],[102.81175473170278,16.490937333007466],[102.81210876705396,16.490637484635737],[102.81223315285814,16.490559803769514],[102.81249190218465,16.490538954433045],[102.8136263155505,16.490608811932354],[102.81382090028924,16.490620748923586],[102.81409029852551,16.49062130518108],[102.81430919645642,16.49062169602389],[102.81477977313011,16.490537931920308],[102.81520020774614,16.49043898264737],[102.81543247594023,16.490384315273246],[102.81556889329764,16.49035218453594],[102.81583900189015,16.490288553290288],[102.81619961419536,16.490203578352265],[102.8172457862448,16.490038854064206],[102.81735491904986,16.490021647382328],[102.81762457598931,16.489986024933405],[102.8178698397983,16.489953581026924],[102.81876664250683,16.489770330160514],[102.8200777720311,16.489290066461574],[102.82014962542384,16.489263742259812],[102.82124688998819,16.488877491833506],[102.82154935380807,16.488800274255947],[102.82202355103657,16.488777499735004],[102.82228112089827,16.488772623648376],[102.82254976141978,16.488767472379052],[102.82286821109653,16.48876135215075],[102.8234277877538,16.48874145652948],[102.82411547870576,16.488716935526757],[102.82494969409301,16.488687208828654],[102.82512536534134,16.488680911411166],[102.8253875379487,16.48867763388705],[102.82678689526576,16.488659961501963],[102.82753276244736,16.48865050496313],[102.8278826798432,16.48864701618648],[102.82914179932439,16.48863434800893],[102.82955726791569,16.488630122761766],[102.8302413747399,16.48862323999195],[102.83133685858795,16.48861212862593],[102.83253448553569,16.48859998940778]]},"properties":{"id":"roads-000003","label":"ถนนโนนม่วง - หนองปอ","sourceRecord":3,"sourceFolder":"ถนนขึ้นทะเบียนทางหลวง","sourceFile":"ถนนเฉพาะขึ้นทะเบียน.shp","datasetId":"roads","geometryDisplayRepair":false,"villageIds":["v27","v12","v03","v02"],"villageId":null,"electionIds":["e01"],"electionId":"e01","insideMunicipality":true,"roadName":"ถนนโนนม่วง - หนองปอ","surface":"ลูกรัง","lengthSource":null}},{"type":"Feature","id":"roads-000004","geometry":{"type":"LineString","coordinates":[[102.82062363928563,16.480389354277285],[102.82008471397563,16.481326877501505],[102.81967641484702,16.48207225325841],[102.81936632410756,16.48263853863055],[102.81931662907463,16.482731260462554],[102.81914043288904,16.483060541956345],[102.81888522256631,16.483388438985525],[102.8187885393446,16.4835127549521],[102.818439208235,16.483898007428234],[102.81782155023728,16.4845793264055],[102.81746275640856,16.484974721443677],[102.81744401195081,16.484995364204497],[102.81688000643955,16.485617058905756],[102.81638323851777,16.486100490723327]]},"properties":{"id":"roads-000004","label":"ถนนศูนย์พัฒนาเด็กเล็ก [ เดิม ]","sourceRecord":4,"sourceFolder":"ถนนขึ้นทะเบียนทางหลวง","sourceFile":"ถนนเฉพาะขึ้นทะเบียน.shp","datasetId":"roads","geometryDisplayRepair":false,"villageIds":["v27"],"villageId":"v27","electionIds":["e01"],"electionId":"e01","insideMunicipality":true,"roadName":"ถนนศูนย์พัฒนาเด็กเล็ก [ เดิม ]","surface":null,"lengthSource":null}},{"type":"Feature","id":"roads-000005","geometry":{"type":"LineString","coordinates":[[102.8215266677689,16.49067348887462],[102.8216374999311,16.490765690968118],[102.82173444605307,16.490827766136515],[102.82203636768342,16.491020865329244],[102.82233602713467,16.491212347525074],[102.82258095294037,16.49129844076852],[102.82281025008177,16.491378920440543],[102.82339402955692,16.491514919501757],[102.823989174996,16.491677633490188],[102.82462892806309,16.491867544954307],[102.8252288306605,16.49204551344285]]},"properties":{"id":"roads-000005","label":"ซอยนครินทร์แลนด์(ป่าสัก)","sourceRecord":5,"sourceFolder":"ถนนขึ้นทะเบียนทางหลวง","sourceFile":"ถนนเฉพาะขึ้นทะเบียน.shp","datasetId":"roads","geometryDisplayRepair":false,"villageIds":["v03"],"villageId":"v03","electionIds":["e01"],"electionId":"e01","insideMunicipality":true,"roadName":"ซอยนครินทร์แลนด์(ป่าสัก)","surface":"ลูกรัง","lengthSource":null}},{"type":"Feature","id":"roads-000006","geometry":{"type":"LineString","coordinates":[[102.82954496865557,16.490804432737153],[102.830143767484,16.49092522396001],[102.83045932115456,16.490963280298367],[102.83086832862266,16.490985948815183],[102.8313380812737,16.49100973510074]]},"properties":{"id":"roads-000006","label":"ซอยโนนม่วง1/1","sourceRecord":6,"sourceFolder":"ถนนขึ้นทะเบียนทางหลวง","sourceFile":"ถนนเฉพาะขึ้นทะเบียน.shp","datasetId":"roads","geometryDisplayRepair":false,"villageIds":["v03"],"villageId":"v03","electionIds":["e01"],"electionId":"e01","insideMunicipality":true,"roadName":"ซอยโนนม่วง1/1","surface":null,"lengthSource":null}},{"type":"Feature","id":"roads-000007","geometry":{"type":"LineString","coordinates":[[102.83603682939673,16.482288777904124],[102.83610618188116,16.482727693262454],[102.83612585372815,16.483012817379723],[102.83613724977046,16.48317609532318],[102.83615863271876,16.483609051773097],[102.83618748821887,16.484189400114573],[102.83621647027229,16.484751904514816],[102.8362433374492,16.485270281907564],[102.83625699269031,16.485644205110344],[102.83627238450627,16.48606394495265],[102.83628078519024,16.486289592401015]]},"properties":{"id":"roads-000007","label":"ซอยบำบัดภัย","sourceRecord":7,"sourceFolder":"ถนนขึ้นทะเบียนทางหลวง","sourceFile":"ถนนเฉพาะขึ้นทะเบียน.shp","datasetId":"roads","geometryDisplayRepair":false,"villageIds":["v24"],"villageId":"v24","electionIds":["e02"],"electionId":"e02","insideMunicipality":true,"roadName":"ซอยบำบัดภัย","surface":"คอนกรีต","lengthSource":null}},{"type":"Feature","id":"roads-000008","geometry":{"type":"LineString","coordinates":[[102.83612585372815,16.483012817379723],[102.83500663062517,16.483396167930625],[102.83390730997715,16.483772682352807],[102.83388909470156,16.483778915151373],[102.83251603007497,16.48423911244713]]},"properties":{"id":"roads-000008","label":"ซอยร่มเย็น","sourceRecord":8,"sourceFolder":"ถนนขึ้นทะเบียนทางหลวง","sourceFile":"ถนนเฉพาะขึ้นทะเบียน.shp","datasetId":"roads","geometryDisplayRepair":false,"villageIds":["v24"],"villageId":"v24","electionIds":["e02"],"electionId":"e02","insideMunicipality":true,"roadName":"ซอยร่มเย็น","surface":"คอนกรีต","lengthSource":null}},{"type":"Feature","id":"roads-000009","geometry":{"type":"LineString","coordinates":[[102.8361874612623,16.48418941130394],[102.83527731920833,16.484415924609632],[102.83414607392842,16.484697428794448],[102.83251962156812,16.485102145190424]]},"properties":{"id":"roads-000009","label":"ซอยแสนสบาย","sourceRecord":9,"sourceFolder":"ถนนขึ้นทะเบียนทางหลวง","sourceFile":"ถนนเฉพาะขึ้นทะเบียน.shp","datasetId":"roads","geometryDisplayRepair":false,"villageIds":["v24"],"villageId":"v24","electionIds":["e02"],"electionId":"e02","insideMunicipality":true,"roadName":"ซอยแสนสบาย","surface":"คอนกรีต","lengthSource":null}},{"type":"Feature","id":"roads-000010","geometry":{"type":"LineString","coordinates":[[102.83615863271876,16.483609051773097],[102.83514779324346,16.483897133909203],[102.83481979794503,16.483990595048414],[102.83402904385541,16.48422735491993],[102.83292404081969,16.48455817552368],[102.83251771238673,16.4846628107001]]},"properties":{"id":"roads-000010","label":"ซอยเทพรักษา","sourceRecord":10,"sourceFolder":"ถนนขึ้นทะเบียนทางหลวง","sourceFile":"ถนนเฉพาะขึ้นทะเบียน.shp","datasetId":"roads","geometryDisplayRepair":false,"villageIds":["v24"],"villageId":"v24","electionIds":["e02"],"electionId":"e02","insideMunicipality":true,"roadName":"ซอยเทพรักษา","surface":"คอนกรีต","lengthSource":null}},{"type":"Feature","id":"roads-000011","geometry":{"type":"LineString","coordinates":[[102.83621647027229,16.484751904514816],[102.83542617883573,16.484918442896095],[102.83425219530626,16.485165789566956],[102.8328365112104,16.48546826212662],[102.83252135009279,16.485524413361265]]},"properties":{"id":"roads-000011","label":"ซอยพจนา","sourceRecord":11,"sourceFolder":"ถนนขึ้นทะเบียนทางหลวง","sourceFile":"ถนนเฉพาะขึ้นทะเบียน.shp","datasetId":"roads","geometryDisplayRepair":false,"villageIds":["v24"],"villageId":"v24","electionIds":["e02"],"electionId":"e02","insideMunicipality":true,"roadName":"ซอยพจนา","surface":"คอนกรีต","lengthSource":null}},{"type":"Feature","id":"roads-000012","geometry":{"type":"LineString","coordinates":[[102.83625699269031,16.485644205110344],[102.8343175426268,16.48583828934879],[102.83284135268656,16.485985956991204],[102.83252333230149,16.486001909554187]]},"properties":{"id":"roads-000012","label":"ซอยมหาชัย","sourceRecord":12,"sourceFolder":"ถนนขึ้นทะเบียนทางหลวง","sourceFile":"ถนนเฉพาะขึ้นทะเบียน.shp","datasetId":"roads","geometryDisplayRepair":false,"villageIds":["v24"],"villageId":"v24","electionIds":["e02"],"electionId":"e02","insideMunicipality":true,"roadName":"ซอยมหาชัย","surface":"คอนกรีต","lengthSource":null}},{"type":"Feature","id":"roads-000013","geometry":{"type":"LineString","coordinates":[[102.83627238450627,16.48606394495265],[102.83500009164791,16.48618017756055],[102.83436351104919,16.486242864402342],[102.83379638795368,16.48629866137917],[102.83285584807936,16.486398381496933],[102.8325250889157,16.48642278096371]]},"properties":{"id":"roads-000013","label":"ซอยเบญจพล","sourceRecord":13,"sourceFolder":"ถนนขึ้นทะเบียนทางหลวง","sourceFile":"ถนนเฉพาะขึ้นทะเบียน.shp","datasetId":"roads","geometryDisplayRepair":false,"villageIds":["v24"],"villageId":"v24","electionIds":["e02"],"electionId":"e02","insideMunicipality":true,"roadName":"ซอยเบญจพล","surface":"คอนกรีต","lengthSource":null}},{"type":"Feature","id":"roads-000014","geometry":{"type":"LineString","coordinates":[[102.83779173653156,16.4816679587656],[102.83782542914209,16.482489714128445],[102.83784485537947,16.48294741949492],[102.83792637175269,16.48485801707691],[102.83805176868982,16.487250104137086]]},"properties":{"id":"roads-000014","label":"ซอยนายพล (แสนจันทร์ฮาม)","sourceRecord":14,"sourceFolder":"ถนนขึ้นทะเบียนทางหลวง","sourceFile":"ถนนเฉพาะขึ้นทะเบียน.shp","datasetId":"roads","geometryDisplayRepair":false,"villageIds":["v14","v02"],"villageId":null,"electionIds":["e02","e01"],"electionId":null,"insideMunicipality":true,"roadName":"ซอยนายพล (แสนจันทร์ฮาม)","surface":"คอนกรีต","lengthSource":null}},{"type":"Feature","id":"roads-000015","geometry":{"type":"LineString","coordinates":[[102.83933929377666,16.48696889565881],[102.83906224505492,16.482538298008]]},"properties":{"id":"roads-000015","label":"ซอยอุทัย","sourceRecord":15,"sourceFolder":"ถนนขึ้นทะเบียนทางหลวง","sourceFile":"ถนนเฉพาะขึ้นทะเบียน.shp","datasetId":"roads","geometryDisplayRepair":false,"villageIds":["v14","v02"],"villageId":null,"electionIds":["e02","e01"],"electionId":null,"insideMunicipality":true,"roadName":"ซอยอุทัย","surface":"ลูกรัง","lengthSource":null}},{"type":"Feature","id":"roads-000016","geometry":{"type":"LineString","coordinates":[[102.84024845543225,16.480798827181214],[102.84075563206198,16.48184650282304],[102.84080368581748,16.481945547196133],[102.84097533848227,16.48224747609297],[102.84112137000298,16.48250401233445],[102.84135095350067,16.48290774520867],[102.84140324795474,16.482999491167202],[102.8415686590279,16.48329037308062],[102.8416770879667,16.483480758039345],[102.84179632220948,16.483690335050298],[102.84196582040029,16.483987834171298],[102.84199384258606,16.484036694265907],[102.84219461932578,16.484385349588322],[102.84224867962543,16.484479058415655],[102.84240879504674,16.484757213856113],[102.84254098648118,16.484986540714825],[102.84261080069528,16.48510753109832],[102.8428376071461,16.485494655890733]]},"properties":{"id":"roads-000016","label":"ซอยรุ่งโรจน์","sourceRecord":16,"sourceFolder":"ถนนขึ้นทะเบียนทางหลวง","sourceFile":"ถนนเฉพาะขึ้นทะเบียน.shp","datasetId":"roads","geometryDisplayRepair":false,"villageIds":["v14"],"villageId":"v14","electionIds":["e02"],"electionId":"e02","insideMunicipality":true,"roadName":"ซอยรุ่งโรจน์","surface":"ลูกรัง","lengthSource":null}},{"type":"Feature","id":"roads-000017","geometry":{"type":"LineString","coordinates":[[102.83990941889424,16.482246302254232],[102.84013336962519,16.48284520676389],[102.84017150295705,16.482947433204597],[102.84033103704024,16.483373809338755],[102.84036777784159,16.483472302926202],[102.84052711512669,16.4838981141325],[102.84056477335899,16.483999048026476],[102.8407282996695,16.484436004740633],[102.84076764853515,16.484541443962573],[102.84092528179916,16.484962585858504],[102.84096662485067,16.48507333252551],[102.84112147447486,16.485486945250805],[102.84116470196771,16.485602629514204],[102.84137176367884,16.486155315054408]]},"properties":{"id":"roads-000017","label":"ซอยร่วมพัฒนา 19","sourceRecord":17,"sourceFolder":"ถนนขึ้นทะเบียนทางหลวง","sourceFile":"ถนนเฉพาะขึ้นทะเบียน.shp","datasetId":"roads","geometryDisplayRepair":false,"villageIds":["v14"],"villageId":"v14","electionIds":["e02"],"electionId":"e02","insideMunicipality":true,"roadName":"ซอยร่วมพัฒนา 19","surface":"ลูกรัง","lengthSource":null}},{"type":"Feature","id":"roads-000018","geometry":{"type":"LineString","coordinates":[[102.84013336962519,16.48284520676389],[102.84112137000298,16.48250401233445]]},"properties":{"id":"roads-000018","label":"ซอยรุ่งโรจน์ 4","sourceRecord":18,"sourceFolder":"ถนนขึ้นทะเบียนทางหลวง","sourceFile":"ถนนเฉพาะขึ้นทะเบียน.shp","datasetId":"roads","geometryDisplayRepair":false,"villageIds":["v14"],"villageId":"v14","electionIds":["e02"],"electionId":"e02","insideMunicipality":true,"roadName":"ซอยรุ่งโรจน์ 4","surface":null,"lengthSource":null}},{"type":"Feature","id":"roads-000019","geometry":{"type":"LineString","coordinates":[[102.84140324795474,16.482999491167202],[102.84046008439483,16.48332881804766],[102.84033103704024,16.483373809338755]]},"properties":{"id":"roads-000019","label":"ซอยรุ่งโรจน์ 6","sourceRecord":19,"sourceFolder":"ถนนขึ้นทะเบียนทางหลวง","sourceFile":"ถนนเฉพาะขึ้นทะเบียน.shp","datasetId":"roads","geometryDisplayRepair":false,"villageIds":["v14"],"villageId":"v14","electionIds":["e02"],"electionId":"e02","insideMunicipality":true,"roadName":"ซอยรุ่งโรจน์ 6","surface":null,"lengthSource":null}},{"type":"Feature","id":"roads-000020","geometry":{"type":"LineString","coordinates":[[102.8416770879667,16.483480758039345],[102.84052711512669,16.4838981141325]]},"properties":{"id":"roads-000020","label":"ซอยรุ่งโรจน์ 8","sourceRecord":20,"sourceFolder":"ถนนขึ้นทะเบียนทางหลวง","sourceFile":"ถนนเฉพาะขึ้นทะเบียน.shp","datasetId":"roads","geometryDisplayRepair":false,"villageIds":["v14"],"villageId":"v14","electionIds":["e02"],"electionId":"e02","insideMunicipality":true,"roadName":"ซอยรุ่งโรจน์ 8","surface":null,"lengthSource":null}},{"type":"Feature","id":"roads-000021","geometry":{"type":"LineString","coordinates":[[102.84196579341702,16.483987845370443],[102.8407282996695,16.484436004740633]]},"properties":{"id":"roads-000021","label":"ซอยรุ่งโรจน์ 10","sourceRecord":21,"sourceFolder":"ถนนขึ้นทะเบียนทางหลวง","sourceFile":"ถนนเฉพาะขึ้นทะเบียน.shp","datasetId":"roads","geometryDisplayRepair":false,"villageIds":["v14"],"villageId":"v14","electionIds":["e02"],"electionId":"e02","insideMunicipality":true,"roadName":"ซอยรุ่งโรจน์ 10","surface":"ลูกรัง","lengthSource":null}},{"type":"Feature","id":"roads-000022","geometry":{"type":"LineString","coordinates":[[102.84092528179916,16.484962585858504],[102.84224867962543,16.484479058415655]]},"properties":{"id":"roads-000022","label":"ซอยรุ่งโรจน์13(ซอยแก่นคูณ)","sourceRecord":22,"sourceFolder":"ถนนขึ้นทะเบียนทางหลวง","sourceFile":"ถนนเฉพาะขึ้นทะเบียน.shp","datasetId":"roads","geometryDisplayRepair":false,"villageIds":["v14"],"villageId":"v14","electionIds":["e02"],"electionId":"e02","insideMunicipality":true,"roadName":"ซอยรุ่งโรจน์13(ซอยแก่นคูณ)","surface":null,"lengthSource":null}},{"type":"Feature","id":"roads-000023","geometry":{"type":"LineString","coordinates":[[102.84254098648118,16.484986540714825],[102.84180422018706,16.485246269576432]]},"properties":{"id":"roads-000023","label":"ซอยรุ่งโรจน์16","sourceRecord":23,"sourceFolder":"ถนนขึ้นทะเบียนทางหลวง","sourceFile":"ถนนเฉพาะขึ้นทะเบียน.shp","datasetId":"roads","geometryDisplayRepair":false,"villageIds":["v14"],"villageId":"v14","electionIds":["e02"],"electionId":"e02","insideMunicipality":true,"roadName":"ซอยรุ่งโรจน์16","surface":"ลูกรัง","lengthSource":null}},{"type":"Feature","id":"roads-000024","geometry":{"type":"LineString","coordinates":[[102.84240879504674,16.484757213856113],[102.84428405045567,16.48392605728314]]},"properties":{"id":"roads-000024","label":"ซอยรุ่งโรจน์ 14","sourceRecord":24,"sourceFolder":"ถนนขึ้นทะเบียนทางหลวง","sourceFile":"ถนนเฉพาะขึ้นทะเบียน.shp","datasetId":"roads","geometryDisplayRepair":false,"villageIds":["v14"],"villageId":"v14","electionIds":["e02"],"electionId":"e02","insideMunicipality":true,"roadName":"ซอยรุ่งโรจน์ 14","surface":null,"lengthSource":null}},{"type":"Feature","id":"roads-000025","geometry":{"type":"LineString","coordinates":[[102.84637980703039,16.483851354315796],[102.84608636449636,16.483272496594793],[102.84513289921999,16.481666766041826],[102.84458755968757,16.480740430518438],[102.84395000365977,16.47968211973739]]},"properties":{"id":"roads-000025","label":"ซอยสื่อสาร - หนองไผ่","sourceRecord":25,"sourceFolder":"ถนนขึ้นทะเบียนทางหลวง","sourceFile":"ถนนเฉพาะขึ้นทะเบียน.shp","datasetId":"roads","geometryDisplayRepair":false,"villageIds":["v14"],"villageId":"v14","electionIds":["e02"],"electionId":"e02","insideMunicipality":true,"roadName":"ซอยสื่อสาร - หนองไผ่","surface":null,"lengthSource":null}},{"type":"Feature","id":"roads-000026","geometry":{"type":"LineString","coordinates":[[102.84474737867964,16.484633891925576],[102.84456373610708,16.484351837586857],[102.84452868618071,16.484298126521814],[102.8440587828678,16.483575989482013],[102.84365964022665,16.48296229901002],[102.84360330716373,16.482875561525216],[102.84339227715427,16.4825202773449],[102.84338263974672,16.48250397691966],[102.84322552360071,16.482179528665256],[102.8432019538621,16.482131014068365],[102.84286993271162,16.48144456624325],[102.84278310768602,16.48126514078744],[102.84277521366687,16.481248608222472],[102.84228697499478,16.48015187967704]]},"properties":{"id":"roads-000026","label":"ซอย รพช.- หนองไผ่","sourceRecord":26,"sourceFolder":"ถนนขึ้นทะเบียนทางหลวง","sourceFile":"ถนนเฉพาะขึ้นทะเบียน.shp","datasetId":"roads","geometryDisplayRepair":false,"villageIds":["v14"],"villageId":"v14","electionIds":["e02"],"electionId":"e02","insideMunicipality":true,"roadName":"ซอย รพช.- หนองไผ่","surface":"ลูกรัง","lengthSource":null}},{"type":"Feature","id":"roads-000027","geometry":{"type":"LineString","coordinates":[[102.83966800375275,16.485507083992143],[102.84096662485067,16.48507333252551]]},"properties":{"id":"roads-000027","label":"ซอยร่วมพัฒนา19/3","sourceRecord":27,"sourceFolder":"ถนนขึ้นทะเบียนทางหลวง","sourceFile":"ถนนเฉพาะขึ้นทะเบียน.shp","datasetId":"roads","geometryDisplayRepair":false,"villageIds":["v14"],"villageId":"v14","electionIds":["e02"],"electionId":"e02","insideMunicipality":true,"roadName":"ซอยร่วมพัฒนา19/3","surface":null,"lengthSource":null}},{"type":"Feature","id":"roads-000028","geometry":{"type":"LineString","coordinates":[[102.84294345624669,16.466238558580507],[102.84275759530202,16.464989866245325],[102.84267045374983,16.463394409080635],[102.84266998061852,16.463341755725352],[102.84266964331246,16.463285503979964],[102.8426971718776,16.463165223277613],[102.84275577331981,16.463052057404397],[102.8427919281917,16.462982436620077],[102.84289757218437,16.462908034279106],[102.84291578752075,16.462895233094326],[102.84305214207866,16.46291122180092],[102.84348967621436,16.463027054909766],[102.84415390501523,16.463099036844554],[102.8442669792387,16.46310325809635],[102.84466882534635,16.463118092125548],[102.8447043034575,16.46311943017187],[102.84473707507259,16.46312059560705],[102.84569345412834,16.46292430893691],[102.84577337480734,16.46289258128503],[102.84609928667376,16.46276319293192],[102.84663014544213,16.462489259427386]]},"properties":{"id":"roads-000028","label":"ซอยราษฎร์บำรุง","sourceRecord":28,"sourceFolder":"ถนนขึ้นทะเบียนทางหลวง","sourceFile":"ถนนเฉพาะขึ้นทะเบียน.shp","datasetId":"roads","geometryDisplayRepair":false,"villageIds":["v20","v13"],"villageId":null,"electionIds":["e02"],"electionId":"e02","insideMunicipality":true,"roadName":"ซอยราษฎร์บำรุง","surface":null,"lengthSource":null}},{"type":"Feature","id":"roads-000029","geometry":{"type":"LineString","coordinates":[[102.845054648305,16.459593122486535],[102.84405686079491,16.459900064477214],[102.84336017070265,16.460114363707067],[102.843175648924,16.460171114031457],[102.84255885433154,16.460184208101687],[102.84253316505216,16.460184937912814],[102.84229283083036,16.46019154536819],[102.84172189193944,16.46020719245285],[102.84105883880129,16.460225342194835],[102.83982542244293,16.46025910005823]]},"properties":{"id":"roads-000029","label":"ซอยร่วมพัฒนา","sourceRecord":29,"sourceFolder":"ถนนขึ้นทะเบียนทางหลวง","sourceFile":"ถนนเฉพาะขึ้นทะเบียน.shp","datasetId":"roads","geometryDisplayRepair":false,"villageIds":["v20","v13"],"villageId":null,"electionIds":["e02"],"electionId":"e02","insideMunicipality":true,"roadName":"ซอยร่วมพัฒนา","surface":null,"lengthSource":null}},{"type":"Feature","id":"roads-000030","geometry":{"type":"LineString","coordinates":[[102.8393658795695,16.459902391146514],[102.83997007481449,16.459753055728136],[102.84099961092927,16.459773392348506]]},"properties":{"id":"roads-000030","label":"ซอยศรีพุทธา","sourceRecord":30,"sourceFolder":"ถนนขึ้นทะเบียนทางหลวง","sourceFile":"ถนนเฉพาะขึ้นทะเบียน.shp","datasetId":"roads","geometryDisplayRepair":false,"villageIds":["v20"],"villageId":"v20","electionIds":["e02"],"electionId":"e02","insideMunicipality":true,"roadName":"ซอยศรีพุทธา","surface":null,"lengthSource":null}},{"type":"Feature","id":"roads-000031","geometry":{"type":"LineString","coordinates":[[102.84105883880129,16.460225342194835],[102.84099958391427,16.45977340357659],[102.84096188667013,16.459453481495295],[102.84095540564276,16.45939763209314],[102.84079224192735,16.458960631516586],[102.84063052296268,16.45852699917383],[102.84058240934152,16.45832232196472],[102.84055707732985,16.45812532173673],[102.84052888832201,16.457904695865047],[102.84048225519057,16.45753956704376],[102.84046677465584,16.457495958819162],[102.84043731074692,16.457412705831707],[102.84016706827498,16.456888579403934],[102.84015914638425,16.45687313334422],[102.83999303332844,16.45640569315281],[102.8397473209431,16.454459085497714]]},"properties":{"id":"roads-000031","label":"ซอยพัฒนา","sourceRecord":31,"sourceFolder":"ถนนขึ้นทะเบียนทางหลวง","sourceFile":"ถนนเฉพาะขึ้นทะเบียน.shp","datasetId":"roads","geometryDisplayRepair":false,"villageIds":["v20"],"villageId":"v20","electionIds":["e02"],"electionId":"e02","insideMunicipality":true,"roadName":"ซอยพัฒนา","surface":null,"lengthSource":null}},{"type":"Feature","id":"roads-000032","geometry":{"type":"LineString","coordinates":[[102.83936450601043,16.459116765888865],[102.83936450601043,16.459116765888865],[102.83936450601043,16.459116765888865],[102.83922024943091,16.458668756281686],[102.83909956235999,16.458293419540617],[102.83898988926107,16.458076954165392],[102.83886972722922,16.457839715260125],[102.83859251185565,16.45729198199765],[102.83854345642595,16.457194827871962],[102.83853626706848,16.457156113967443],[102.83846407984683,16.456764830765334],[102.83839644360377,16.456397555954176],[102.8383875821781,16.45634927137193],[102.83838129669135,16.456257239751984],[102.83835557328239,16.455875101413096],[102.83828786776485,16.454761923097994]]},"properties":{"id":"roads-000032","label":"ซอยดอกคูณ","sourceRecord":32,"sourceFolder":"ถนนขึ้นทะเบียนทางหลวง","sourceFile":"ถนนเฉพาะขึ้นทะเบียน.shp","datasetId":"roads","geometryDisplayRepair":false,"villageIds":["v20"],"villageId":"v20","electionIds":["e02"],"electionId":"e02","insideMunicipality":true,"roadName":"ซอยดอกคูณ","surface":null,"lengthSource":null}},{"type":"Feature","id":"roads-000033","geometry":{"type":"LineString","coordinates":[[102.84336017070265,16.460114363707067],[102.84326976232134,16.45986094928894],[102.8449073380403,16.459332789891214]]},"properties":{"id":"roads-000033","label":"ซอยสามัคคีพัฒนา","sourceRecord":33,"sourceFolder":"ถนนขึ้นทะเบียนทางหลวง","sourceFile":"ถนนเฉพาะขึ้นทะเบียน.shp","datasetId":"roads","geometryDisplayRepair":false,"villageIds":["v20","v13"],"villageId":null,"electionIds":["e02"],"electionId":"e02","insideMunicipality":true,"roadName":"ซอยสามัคคีพัฒนา","surface":null,"lengthSource":null}},{"type":"Feature","id":"roads-000034","geometry":{"type":"LineString","coordinates":[[102.84299656756569,16.45941768762286],[102.84378566846422,16.459130234340762],[102.8446150963141,16.458816110946227]]},"properties":{"id":"roads-000034","label":"ซอยทหาร1","sourceRecord":34,"sourceFolder":"ถนนขึ้นทะเบียนทางหลวง","sourceFile":"ถนนเฉพาะขึ้นทะเบียน.shp","datasetId":"roads","geometryDisplayRepair":false,"villageIds":["v20","v13"],"villageId":null,"electionIds":["e02"],"electionId":"e02","insideMunicipality":true,"roadName":"ซอยทหาร1","surface":null,"lengthSource":null}},{"type":"Feature","id":"roads-000035","geometry":{"type":"LineString","coordinates":[[102.84423446080247,16.458143025188992],[102.84261642663013,16.45880511770329]]},"properties":{"id":"roads-000035","label":"ซอยเจริญจิตจำรัส","sourceRecord":35,"sourceFolder":"ถนนขึ้นทะเบียนทางหลวง","sourceFile":"ถนนเฉพาะขึ้นทะเบียน.shp","datasetId":"roads","geometryDisplayRepair":false,"villageIds":["v20","v13"],"villageId":null,"electionIds":["e02"],"electionId":"e02","insideMunicipality":true,"roadName":"ซอยเจริญจิตจำรัส","surface":null,"lengthSource":null}},{"type":"Feature","id":"roads-000036","geometry":{"type":"LineString","coordinates":[[102.83319209545928,16.474034419156048],[102.83491483059586,16.47416804798603],[102.84931782564445,16.47525495368794]]},"properties":{"id":"roads-000036","label":"ถนนศูนย์ราชการ","sourceRecord":36,"sourceFolder":"ถนนขึ้นทะเบียนทางหลวง","sourceFile":"ถนนเฉพาะขึ้นทะเบียน.shp","datasetId":"roads","geometryDisplayRepair":false,"villageIds":["v14"],"villageId":"v14","electionIds":["e02"],"electionId":"e02","insideMunicipality":true,"roadName":"ถนนศูนย์ราชการ","surface":"ลูกรัง","lengthSource":null}},{"type":"Feature","id":"roads-000037","geometry":{"type":"LineString","coordinates":[[102.832555848944,16.46891936546864],[102.83562762027287,16.468192723035617],[102.83797554718478,16.467609534299633],[102.83840682953168,16.467502413495332],[102.83882718744064,16.46739799854189],[102.83923377540826,16.467296976429648],[102.84059756781319,16.46690788812731],[102.84107781571963,16.46677087608683],[102.84218853081039,16.466453970034618],[102.84294348326091,16.466238547357374],[102.84544543005177,16.465482716220173]]},"properties":{"id":"roads-000037","label":"ถนนมิตรภาพ - ดอนหญ้านาง(มิตรภาพ27)","sourceRecord":37,"sourceFolder":"ถนนขึ้นทะเบียนทางหลวง","sourceFile":"ถนนเฉพาะขึ้นทะเบียน.shp","datasetId":"roads","geometryDisplayRepair":false,"villageIds":["v21","v13"],"villageId":null,"electionIds":["e02"],"electionId":"e02","insideMunicipality":true,"roadName":"ถนนมิตรภาพ - ดอนหญ้านาง(มิตรภาพ27)","surface":null,"lengthSource":null}},{"type":"Feature","id":"roads-000038","geometry":{"type":"LineString","coordinates":[[102.83797554718478,16.467609534299633],[102.8373777866234,16.46601337749325]]},"properties":{"id":"roads-000038","label":"ซอยมาตา","sourceRecord":38,"sourceFolder":"ถนนขึ้นทะเบียนทางหลวง","sourceFile":"ถนนเฉพาะขึ้นทะเบียน.shp","datasetId":"roads","geometryDisplayRepair":false,"villageIds":["v21"],"villageId":"v21","electionIds":["e02"],"electionId":"e02","insideMunicipality":true,"roadName":"ซอยมาตา","surface":null,"lengthSource":null}},{"type":"Feature","id":"roads-000039","geometry":{"type":"LineString","coordinates":[[102.83840682953168,16.467502413495332],[102.83776210859445,16.465664724345146]]},"properties":{"id":"roads-000039","label":"ซอยปานใจ","sourceRecord":39,"sourceFolder":"ถนนขึ้นทะเบียนทางหลวง","sourceFile":"ถนนเฉพาะขึ้นทะเบียน.shp","datasetId":"roads","geometryDisplayRepair":false,"villageIds":["v21"],"villageId":"v21","electionIds":["e02"],"electionId":"e02","insideMunicipality":true,"roadName":"ซอยปานใจ","surface":null,"lengthSource":null}},{"type":"Feature","id":"roads-000040","geometry":{"type":"LineString","coordinates":[[102.83882718744064,16.46739799854189],[102.83813603231044,16.46532555471845]]},"properties":{"id":"roads-000040","label":"ซอยกลั่นเจริญ","sourceRecord":40,"sourceFolder":"ถนนขึ้นทะเบียนทางหลวง","sourceFile":"ถนนเฉพาะขึ้นทะเบียน.shp","datasetId":"roads","geometryDisplayRepair":false,"villageIds":["v21"],"villageId":"v21","electionIds":["e02"],"electionId":"e02","insideMunicipality":true,"roadName":"ซอยกลั่นเจริญ","surface":"คอนกรีต,ลูกรัง","lengthSource":null}},{"type":"Feature","id":"roads-000041","geometry":{"type":"LineString","coordinates":[[102.83923374841258,16.467296987645327],[102.83861814475578,16.46550753726061],[102.83840273371031,16.46500585563122]]},"properties":{"id":"roads-000041","label":"ซอยเทพฤทธิ์","sourceRecord":41,"sourceFolder":"ถนนขึ้นทะเบียนทางหลวง","sourceFile":"ถนนเฉพาะขึ้นทะเบียน.shp","datasetId":"roads","geometryDisplayRepair":false,"villageIds":["v21"],"villageId":"v21","electionIds":["e02"],"electionId":"e02","insideMunicipality":true,"roadName":"ซอยเทพฤทธิ์","surface":"ลูกรัง","lengthSource":null}},{"type":"Feature","id":"roads-000042","geometry":{"type":"LineString","coordinates":[[102.84059756781319,16.46690788812731],[102.83999144952497,16.465665641061953]]},"properties":{"id":"roads-000042","label":"ซอยโยธา","sourceRecord":42,"sourceFolder":"ถนนขึ้นทะเบียนทางหลวง","sourceFile":"ถนนเฉพาะขึ้นทะเบียน.shp","datasetId":"roads","geometryDisplayRepair":false,"villageIds":["v21"],"villageId":"v21","electionIds":["e02"],"electionId":"e02","insideMunicipality":true,"roadName":"ซอยโยธา","surface":null,"lengthSource":null}},{"type":"Feature","id":"roads-000043","geometry":{"type":"LineString","coordinates":[[102.84107781571963,16.46677087608683],[102.84047649666599,16.46552588246051]]},"properties":{"id":"roads-000043","label":"ซอยทวีสุข","sourceRecord":43,"sourceFolder":"ถนนขึ้นทะเบียนทางหลวง","sourceFile":"ถนนเฉพาะขึ้นทะเบียน.shp","datasetId":"roads","geometryDisplayRepair":false,"villageIds":["v21"],"villageId":"v21","electionIds":["e02"],"electionId":"e02","insideMunicipality":true,"roadName":"ซอยทวีสุข","surface":null,"lengthSource":null}},{"type":"Feature","id":"roads-000044","geometry":{"type":"LineString","coordinates":[[102.84218853081039,16.466453970034618],[102.84154173501969,16.465247342339847]]},"properties":{"id":"roads-000044","label":"ซอยปรมัตถ์","sourceRecord":44,"sourceFolder":"ถนนขึ้นทะเบียนทางหลวง","sourceFile":"ถนนเฉพาะขึ้นทะเบียน.shp","datasetId":"roads","geometryDisplayRepair":false,"villageIds":["v21"],"villageId":"v21","electionIds":["e02"],"electionId":"e02","insideMunicipality":true,"roadName":"ซอยปรมัตถ์","surface":null,"lengthSource":null}},{"type":"Feature","id":"roads-000045","geometry":{"type":"LineString","coordinates":[[102.83979215589758,16.465567008902436],[102.84038432046204,16.464192508173852]]},"properties":{"id":"roads-000045","label":"ซอยสายลม","sourceRecord":45,"sourceFolder":"ถนนขึ้นทะเบียนทางหลวง","sourceFile":"ถนนเฉพาะขึ้นทะเบียน.shp","datasetId":"roads","geometryDisplayRepair":false,"villageIds":["v21"],"villageId":"v21","electionIds":["e02"],"electionId":"e02","insideMunicipality":true,"roadName":"ซอยสายลม","surface":null,"lengthSource":null}},{"type":"Feature","id":"roads-000046","geometry":{"type":"LineString","coordinates":[[102.83929848278488,16.46377761186066],[102.83881933484162,16.463167920498787],[102.83875070396486,16.463080434497186],[102.83875067696508,16.46308044571739],[102.83850607937595,16.462876071657195],[102.83813016848337,16.462605831398427],[102.837916611812,16.462455865444706],[102.83771676398241,16.46231535055182],[102.83733673050473,16.46202491000483],[102.83726291083221,16.461968546674083],[102.83703672834694,16.461795461343602],[102.83676431398655,16.46131452317022]]},"properties":{"id":"roads-000046","label":"ซอยร่วมมิตร","sourceRecord":46,"sourceFolder":"ถนนขึ้นทะเบียนทางหลวง","sourceFile":"ถนนเฉพาะขึ้นทะเบียน.shp","datasetId":"roads","geometryDisplayRepair":false,"villageIds":["v21"],"villageId":"v21","electionIds":["e02"],"electionId":"e02","insideMunicipality":true,"roadName":"ซอยร่วมมิตร","surface":"คอนกรีต","lengthSource":null}},{"type":"Feature","id":"roads-000047","geometry":{"type":"LineString","coordinates":[[102.8367642869932,16.461314534389377],[102.83648751403692,16.460839156057812],[102.83613172235934,16.46022765873141],[102.83600039380471,16.460011228647236],[102.83576348292662,16.459653082790137],[102.83567459572515,16.459521359857526],[102.83556023435236,16.459351534518127],[102.83556020736157,16.459351545737782],[102.83556018037078,16.459351556957436],[102.83525810906721,16.458999332058426],[102.83500093572137,16.45869060850221],[102.83492785324006,16.458478502335442]]},"properties":{"id":"roads-000047","label":"ซอยเสรี(หนองไผ่)","sourceRecord":47,"sourceFolder":"ถนนขึ้นทะเบียนทางหลวง","sourceFile":"ถนนเฉพาะขึ้นทะเบียน.shp","datasetId":"roads","geometryDisplayRepair":false,"villageIds":["v21"],"villageId":"v21","electionIds":["e02"],"electionId":"e02","insideMunicipality":true,"roadName":"ซอยเสรี(หนองไผ่)","surface":"คอนกรีต","lengthSource":null}},{"type":"Feature","id":"roads-000048","geometry":{"type":"LineString","coordinates":[[102.83784454097805,16.46558991688152],[102.8375013422894,16.464889045245236],[102.83717808711572,16.46412219622294],[102.83710556906235,16.463936153238315],[102.83705690482023,16.463763591888636]]},"properties":{"id":"roads-000048","label":"ซอยมัชฌิมา","sourceRecord":48,"sourceFolder":"ถนนขึ้นทะเบียนทางหลวง","sourceFile":"ถนนเฉพาะขึ้นทะเบียน.shp","datasetId":"roads","geometryDisplayRepair":false,"villageIds":["v21"],"villageId":"v21","electionIds":["e02"],"electionId":"e02","insideMunicipality":true,"roadName":"ซอยมัชฌิมา","surface":null,"lengthSource":null}},{"type":"Feature","id":"roads-000049","geometry":{"type":"LineString","coordinates":[[102.83881933484162,16.463167920498787],[102.83818259279325,16.463637898552587],[102.8378999721224,16.46384509135934],[102.83774772899638,16.463936513362665]]},"properties":{"id":"roads-000049","label":"ซอยหวานใจ","sourceRecord":49,"sourceFolder":"ถนนขึ้นทะเบียนทางหลวง","sourceFile":"ถนนเฉพาะขึ้นทะเบียน.shp","datasetId":"roads","geometryDisplayRepair":false,"villageIds":["v21"],"villageId":"v21","electionIds":["e02"],"electionId":"e02","insideMunicipality":true,"roadName":"ซอยหวานใจ","surface":null,"lengthSource":null}},{"type":"Feature","id":"roads-000050","geometry":{"type":"LineString","coordinates":[[102.8385143483542,16.46486296362414],[102.83799940116883,16.464310180375403],[102.83774772899638,16.463936513362665]]},"properties":{"id":"roads-000050","label":"ซอยอู่เพียง","sourceRecord":50,"sourceFolder":"ถนนขึ้นทะเบียนทางหลวง","sourceFile":"ถนนเฉพาะขึ้นทะเบียน.shp","datasetId":"roads","geometryDisplayRepair":false,"villageIds":["v21"],"villageId":"v21","electionIds":["e02"],"electionId":"e02","insideMunicipality":true,"roadName":"ซอยอู่เพียง","surface":null,"lengthSource":null}},{"type":"Feature","id":"roads-000051","geometry":{"type":"LineString","coordinates":[[102.83818256579688,16.463637909771162],[102.838440801649,16.463970205388428],[102.8388244752801,16.464461945970086]]},"properties":{"id":"roads-000051","label":"ซอยบุญตระการ","sourceRecord":51,"sourceFolder":"ถนนขึ้นทะเบียนทางหลวง","sourceFile":"ถนนเฉพาะขึ้นทะเบียน.shp","datasetId":"roads","geometryDisplayRepair":false,"villageIds":["v21"],"villageId":"v21","electionIds":["e02"],"electionId":"e02","insideMunicipality":true,"roadName":"ซอยบุญตระการ","surface":null,"lengthSource":null}},{"type":"Feature","id":"roads-000052","geometry":{"type":"LineString","coordinates":[[102.8357595153281,16.46411223461145],[102.83578631828232,16.46305351362371],[102.83572535628598,16.462490289986476],[102.83552113725871,16.461737049206935]]},"properties":{"id":"roads-000052","label":"ซอยร่วมมิตร 1","sourceRecord":52,"sourceFolder":"ถนนขึ้นทะเบียนทางหลวง","sourceFile":"ถนนเฉพาะขึ้นทะเบียน.shp","datasetId":"roads","geometryDisplayRepair":false,"villageIds":["v21"],"villageId":"v21","electionIds":["e02"],"electionId":"e02","insideMunicipality":true,"roadName":"ซอยร่วมมิตร 1","surface":"ลูกรัง","lengthSource":null}},{"type":"Feature","id":"roads-000053","geometry":{"type":"LineString","coordinates":[[102.8367642869932,16.461314534389377],[102.83626564563953,16.46148401794526],[102.83552111027166,16.461737060423516],[102.83502156601455,16.46189308490315],[102.83498837796779,16.46190376683479]]},"properties":{"id":"roads-000053","label":"ซอยมิตรภาพ 15","sourceRecord":53,"sourceFolder":"ถนนขึ้นทะเบียนทางหลวง","sourceFile":"ถนนเฉพาะขึ้นทะเบียน.shp","datasetId":"roads","geometryDisplayRepair":false,"villageIds":["v21"],"villageId":"v21","electionIds":["e02"],"electionId":"e02","insideMunicipality":true,"roadName":"ซอยมิตรภาพ 15","surface":null,"lengthSource":null}},{"type":"Feature","id":"roads-000054","geometry":{"type":"LineString","coordinates":[[102.83531605160734,16.458306765930615],[102.83507584699365,16.457979623436213],[102.83501728817208,16.457657751642376],[102.83500568750497,16.457541116041273],[102.83522559165199,16.457351736209205]]},"properties":{"id":"roads-000054","label":"ซอยคลองลำราง","sourceRecord":54,"sourceFolder":"ถนนขึ้นทะเบียนทางหลวง","sourceFile":"ถนนเฉพาะขึ้นทะเบียน.shp","datasetId":"roads","geometryDisplayRepair":false,"villageIds":["v21"],"villageId":"v21","electionIds":["e02"],"electionId":"e02","insideMunicipality":true,"roadName":"ซอยคลองลำราง","surface":null,"lengthSource":null}},{"type":"Feature","id":"roads-000055","geometry":{"type":"LineString","coordinates":[[102.83592649032872,16.457807416935054],[102.83572413115267,16.457976152355613],[102.8353160246161,16.45830677715118],[102.83513175257033,16.45843495183451],[102.83492785295935,16.458477678344686]]},"properties":{"id":"roads-000055","label":"ซอยมิตรภาพ11","sourceRecord":55,"sourceFolder":"ถนนขึ้นทะเบียนทางหลวง","sourceFile":"ถนนเฉพาะขึ้นทะเบียน.shp","datasetId":"roads","geometryDisplayRepair":false,"villageIds":["v20","v21"],"villageId":null,"electionIds":["e02"],"electionId":"e02","insideMunicipality":true,"roadName":"ซอยมิตรภาพ11","surface":null,"lengthSource":null}},{"type":"Feature","id":"roads-000056","geometry":{"type":"LineString","coordinates":[[102.83898988926107,16.458076954165392],[102.83826154449099,16.45836164398577],[102.83769423472175,16.458566196440906]]},"properties":{"id":"roads-000056","label":"ซอยเมตตาธรรม 5","sourceRecord":56,"sourceFolder":"ถนนขึ้นทะเบียนทางหลวง","sourceFile":"ถนนเฉพาะขึ้นทะเบียน.shp","datasetId":"roads","geometryDisplayRepair":false,"villageIds":["v20"],"villageId":"v20","electionIds":["e02"],"electionId":"e02","insideMunicipality":true,"roadName":"ซอยเมตตาธรรม 5","surface":null,"lengthSource":null}},{"type":"Feature","id":"roads-000057","geometry":{"type":"LineString","coordinates":[[102.83886972722922,16.457839715260125],[102.8381365687659,16.45800288801395],[102.83776284692259,16.45808726641143],[102.83733014107482,16.458204971856972]]},"properties":{"id":"roads-000057","label":"ซอยเมตตาธรรม 4","sourceRecord":57,"sourceFolder":"ถนนขึ้นทะเบียนทางหลวง","sourceFile":"ถนนเฉพาะขึ้นทะเบียน.shp","datasetId":"roads","geometryDisplayRepair":false,"villageIds":["v20"],"villageId":"v20","electionIds":["e02"],"electionId":"e02","insideMunicipality":true,"roadName":"ซอยเมตตาธรรม 4","surface":null,"lengthSource":null}},{"type":"Feature","id":"roads-000058","geometry":{"type":"LineString","coordinates":[[102.83859251185565,16.45729198199765],[102.83815081539196,16.4573520164626],[102.83763916694342,16.457453071015877],[102.83707058118213,16.457561454981505],[102.83675457116729,16.457621540573708]]},"properties":{"id":"roads-000058","label":"ซอยเมตตาธรรม 3","sourceRecord":58,"sourceFolder":"ถนนขึ้นทะเบียนทางหลวง","sourceFile":"ถนนเฉพาะขึ้นทะเบียน.shp","datasetId":"roads","geometryDisplayRepair":false,"villageIds":["v20"],"villageId":"v20","electionIds":["e02"],"electionId":"e02","insideMunicipality":true,"roadName":"ซอยเมตตาธรรม 3","surface":null,"lengthSource":null}},{"type":"Feature","id":"roads-000059","geometry":{"type":"LineString","coordinates":[[102.83838129669135,16.456257239751984],[102.83754879376603,16.456299422755905],[102.83704439736064,16.456328152773807],[102.83685689971676,16.456360969778757],[102.83645345250268,16.456431521519214],[102.83631147687322,16.456456331590655],[102.83586724207801,16.456535190246715],[102.83584164219543,16.456539714186757]]},"properties":{"id":"roads-000059","label":"ซอยเมตตาธรรม 2","sourceRecord":59,"sourceFolder":"ถนนขึ้นทะเบียนทางหลวง","sourceFile":"ถนนเฉพาะขึ้นทะเบียน.shp","datasetId":"roads","geometryDisplayRepair":false,"villageIds":["v20"],"villageId":"v20","electionIds":["e02"],"electionId":"e02","insideMunicipality":true,"roadName":"ซอยเมตตาธรรม 2","surface":null,"lengthSource":null}},{"type":"Feature","id":"roads-000060","geometry":{"type":"LineString","coordinates":[[102.83835557328239,16.455875101413096],[102.83823324971597,16.45585196436378],[102.8369810837366,16.455921054622387],[102.83696406006833,16.455764770242443],[102.83696403306578,16.455764781468933],[102.83685246276416,16.45573279230663],[102.83543436070525,16.45596588395772]]},"properties":{"id":"roads-000060","label":"ซอยเมตตาธรรม 1","sourceRecord":60,"sourceFolder":"ถนนขึ้นทะเบียนทางหลวง","sourceFile":"ถนนเฉพาะขึ้นทะเบียน.shp","datasetId":"roads","geometryDisplayRepair":false,"villageIds":["v20"],"villageId":"v20","electionIds":["e02"],"electionId":"e02","insideMunicipality":false,"roadName":"ซอยเมตตาธรรม 1","surface":null,"lengthSource":null}},{"type":"Feature","id":"roads-000061","geometry":{"type":"LineString","coordinates":[[102.83853626706848,16.457156113967443],[102.83971530928426,16.456955699954115],[102.84016706827498,16.456888579403934]]},"properties":{"id":"roads-000061","label":"ซอยทิพวรรณ","sourceRecord":61,"sourceFolder":"ถนนขึ้นทะเบียนทางหลวง","sourceFile":"ถนนเฉพาะขึ้นทะเบียน.shp","datasetId":"roads","geometryDisplayRepair":false,"villageIds":["v20"],"villageId":"v20","electionIds":["e02"],"electionId":"e02","insideMunicipality":true,"roadName":"ซอยทิพวรรณ","surface":null,"lengthSource":null}},{"type":"Feature","id":"roads-000062","geometry":{"type":"LineString","coordinates":[[102.84016704125948,16.45688859063429],[102.84087384737242,16.45676741611324],[102.84120717280007,16.45670495716654],[102.84161261254341,16.456576489136108]]},"properties":{"id":"roads-000062","label":"ซอยบ้านแก้ว","sourceRecord":62,"sourceFolder":"ถนนขึ้นทะเบียนทางหลวง","sourceFile":"ถนนเฉพาะขึ้นทะเบียน.shp","datasetId":"roads","geometryDisplayRepair":false,"villageIds":["v20"],"villageId":"v20","electionIds":["e02"],"electionId":"e02","insideMunicipality":false,"roadName":"ซอยบ้านแก้ว","surface":null,"lengthSource":null}},{"type":"Feature","id":"roads-000063","geometry":{"type":"LineString","coordinates":[[102.84046677465584,16.45749595881916],[102.84112609286922,16.457357969439965],[102.84183678251185,16.457226151096293],[102.84205000234934,16.45715745561764],[102.84208854829421,16.45714503381643],[102.8429909640056,16.456941200921317],[102.84344288582271,16.456815983896107]]},"properties":{"id":"roads-000063","label":"ซอยเสรี","sourceRecord":63,"sourceFolder":"ถนนขึ้นทะเบียนทางหลวง","sourceFile":"ถนนเฉพาะขึ้นทะเบียน.shp","datasetId":"roads","geometryDisplayRepair":false,"villageIds":["v20"],"villageId":"v20","electionIds":["e02"],"electionId":"e02","insideMunicipality":true,"roadName":"ซอยเสรี","surface":null,"lengthSource":null}},{"type":"Feature","id":"roads-000064","geometry":{"type":"LineString","coordinates":[[102.84052888832201,16.457904695865047],[102.84219137045059,16.457583765333478]]},"properties":{"id":"roads-000064","label":"ซอยอุดมสุข 1","sourceRecord":64,"sourceFolder":"ถนนขึ้นทะเบียนทางหลวง","sourceFile":"ถนนเฉพาะขึ้นทะเบียน.shp","datasetId":"roads","geometryDisplayRepair":false,"villageIds":["v20"],"villageId":"v20","electionIds":["e02"],"electionId":"e02","insideMunicipality":true,"roadName":"ซอยอุดมสุข 1","surface":null,"lengthSource":null}},{"type":"Feature","id":"roads-000065","geometry":{"type":"LineString","coordinates":[[102.84058238232626,16.458322333193948],[102.84233700216245,16.457983456522847]]},"properties":{"id":"roads-000065","label":"ซอยอุดมสุข 2","sourceRecord":65,"sourceFolder":"ถนนขึ้นทะเบียนทางหลวง","sourceFile":"ถนนเฉพาะขึ้นทะเบียน.shp","datasetId":"roads","geometryDisplayRepair":false,"villageIds":["v20"],"villageId":"v20","electionIds":["e02"],"electionId":"e02","insideMunicipality":true,"roadName":"ซอยอุดมสุข 2","surface":null,"lengthSource":null}},{"type":"Feature","id":"roads-000066","geometry":{"type":"LineString","coordinates":[[102.83922024943091,16.458668756281686],[102.84055707732985,16.45812532173673]]},"properties":{"id":"roads-000066","label":"ซอยพัฒนา 9","sourceRecord":66,"sourceFolder":"ถนนขึ้นทะเบียนทางหลวง","sourceFile":"ถนนเฉพาะขึ้นทะเบียน.shp","datasetId":"roads","geometryDisplayRepair":false,"villageIds":["v20"],"villageId":"v20","electionIds":["e02"],"electionId":"e02","insideMunicipality":true,"roadName":"ซอยพัฒนา 9","surface":null,"lengthSource":null}},{"type":"Feature","id":"roads-000067","geometry":{"type":"LineString","coordinates":[[102.84395827091814,16.457654594099008],[102.84244405711027,16.45826736539271]]},"properties":{"id":"roads-000067","label":"ซอยบันเทิง","sourceRecord":67,"sourceFolder":"ถนนขึ้นทะเบียนทางหลวง","sourceFile":"ถนนเฉพาะขึ้นทะเบียน.shp","datasetId":"roads","geometryDisplayRepair":false,"villageIds":["v20","v13"],"villageId":null,"electionIds":["e02"],"electionId":"e02","insideMunicipality":true,"roadName":"ซอยบันเทิง","surface":null,"lengthSource":null}},{"type":"Feature","id":"roads-000068","geometry":{"type":"LineString","coordinates":[[102.84233697513868,16.457983467755405],[102.84380719373961,16.457387411012792]]},"properties":{"id":"roads-000068","label":"ซอยพลีสถิตย์","sourceRecord":68,"sourceFolder":"ถนนขึ้นทะเบียนทางหลวง","sourceFile":"ถนนเฉพาะขึ้นทะเบียน.shp","datasetId":"roads","geometryDisplayRepair":false,"villageIds":["v20","v13"],"villageId":null,"electionIds":["e02"],"electionId":"e02","insideMunicipality":true,"roadName":"ซอยพลีสถิตย์","surface":null,"lengthSource":null}},{"type":"Feature","id":"roads-000069","geometry":{"type":"LineString","coordinates":[[102.84205000234934,16.45715745561764],[102.84233697513868,16.457983467755405],[102.84244403008643,16.45826737662508],[102.84261639960629,16.458805128935264],[102.84272211628303,16.459094892200675]]},"properties":{"id":"roads-000069","label":"ซอยอุดมสุข","sourceRecord":69,"sourceFolder":"ถนนขึ้นทะเบียนทางหลวง","sourceFile":"ถนนเฉพาะขึ้นทะเบียน.shp","datasetId":"roads","geometryDisplayRepair":false,"villageIds":["v20"],"villageId":"v20","electionIds":["e02"],"electionId":"e02","insideMunicipality":true,"roadName":"ซอยอุดมสุข","surface":null,"lengthSource":null}},{"type":"Feature","id":"roads-000070","geometry":{"type":"LineString","coordinates":[[102.84272208925915,16.459094903432458],[102.8417728203862,16.459283078376945],[102.84096188667013,16.459453481495295]]},"properties":{"id":"roads-000070","label":"ซอยชัยนิคม","sourceRecord":70,"sourceFolder":"ถนนขึ้นทะเบียนทางหลวง","sourceFile":"ถนนเฉพาะขึ้นทะเบียน.shp","datasetId":"roads","geometryDisplayRepair":false,"villageIds":["v20"],"villageId":"v20","electionIds":["e02"],"electionId":"e02","insideMunicipality":true,"roadName":"ซอยชัยนิคม","surface":null,"lengthSource":null}},{"type":"Feature","id":"roads-000071","geometry":{"type":"LineString","coordinates":[[102.84229283083036,16.46019154536819],[102.84228578065894,16.46054741601514],[102.84227659973341,16.4609534311609],[102.84226293857348,16.461446504442694],[102.84224141398256,16.462120492639492]]},"properties":{"id":"roads-000071","label":"ซอยร่วมพัฒนา 4","sourceRecord":71,"sourceFolder":"ถนนขึ้นทะเบียนทางหลวง","sourceFile":"ถนนเฉพาะขึ้นทะเบียน.shp","datasetId":"roads","geometryDisplayRepair":false,"villageIds":["v20"],"villageId":"v20","electionIds":["e02"],"electionId":"e02","insideMunicipality":true,"roadName":"ซอยร่วมพัฒนา 4","surface":null,"lengthSource":null}},{"type":"Feature","id":"roads-000072","geometry":{"type":"LineString","coordinates":[[102.84253755749565,16.461710929055574],[102.84253302567667,16.46084888895907],[102.84253316505216,16.460184937912814]]},"properties":{"id":"roads-000072","label":"ซอยร่วมพัฒนา 3","sourceRecord":72,"sourceFolder":"ถนนขึ้นทะเบียนทางหลวง","sourceFile":"ถนนเฉพาะขึ้นทะเบียน.shp","datasetId":"roads","geometryDisplayRepair":false,"villageIds":["v20"],"villageId":"v20","electionIds":["e02"],"electionId":"e02","insideMunicipality":true,"roadName":"ซอยร่วมพัฒนา 3","surface":null,"lengthSource":null}},{"type":"Feature","id":"roads-000073","geometry":{"type":"LineString","coordinates":[[102.84311042437587,16.460056967973298],[102.84320362615256,16.460745712714374],[102.84336316653012,16.46073604314802],[102.84339546063099,16.461208096690076]]},"properties":{"id":"roads-000073","label":"ซอยร่วมพัฒนา 2","sourceRecord":73,"sourceFolder":"ถนนขึ้นทะเบียนทางหลวง","sourceFile":"ถนนเฉพาะขึ้นทะเบียน.shp","datasetId":"roads","geometryDisplayRepair":false,"villageIds":["v20"],"villageId":"v20","electionIds":["e02"],"electionId":"e02","insideMunicipality":true,"roadName":"ซอยร่วมพัฒนา 2","surface":null,"lengthSource":null}},{"type":"Feature","id":"roads-000074","geometry":{"type":"LineString","coordinates":[[102.84405686079491,16.459900064477214],[102.84447397292485,16.46078480752748],[102.84459489823521,16.46108695809189],[102.84480130949524,16.461715781433732],[102.84491704705148,16.462063127580105],[102.8451596806392,16.46238462984899]]},"properties":{"id":"roads-000074","label":"ซอยร่วมพัฒนา 1","sourceRecord":74,"sourceFolder":"ถนนขึ้นทะเบียนทางหลวง","sourceFile":"ถนนเฉพาะขึ้นทะเบียน.shp","datasetId":"roads","geometryDisplayRepair":false,"villageIds":["v20"],"villageId":"v20","electionIds":["e02"],"electionId":"e02","insideMunicipality":true,"roadName":"ซอยร่วมพัฒนา 1","surface":null,"lengthSource":null}},{"type":"Feature","id":"roads-000075","geometry":{"type":"LineString","coordinates":[[102.8415686590279,16.48329037308062],[102.84339227715427,16.482520277344896]]},"properties":{"id":"roads-000075","label":"ซอยรุ่งโรจน์ 7","sourceRecord":75,"sourceFolder":"ถนนขึ้นทะเบียนทางหลวง","sourceFile":"ถนนเฉพาะขึ้นทะเบียน.shp","datasetId":"roads","geometryDisplayRepair":false,"villageIds":["v14"],"villageId":"v14","electionIds":["e02"],"electionId":"e02","insideMunicipality":true,"roadName":"ซอยรุ่งโรจน์ 7","surface":"ลูกรัง","lengthSource":null}},{"type":"Feature","id":"roads-000076","geometry":{"type":"LineString","coordinates":[[102.84179632220948,16.483690335050298],[102.84360328017134,16.48287557272846]]},"properties":{"id":"roads-000076","label":"ซอยรุ่งโรจน์ 9","sourceRecord":76,"sourceFolder":"ถนนขึ้นทะเบียนทางหลวง","sourceFile":"ถนนเฉพาะขึ้นทะเบียน.shp","datasetId":"roads","geometryDisplayRepair":false,"villageIds":["v14"],"villageId":"v14","electionIds":["e02"],"electionId":"e02","insideMunicipality":true,"roadName":"ซอยรุ่งโรจน์ 9","surface":"ลูกรัง","lengthSource":null}},{"type":"Feature","id":"roads-000077","geometry":{"type":"LineString","coordinates":[[102.86111960301606,16.47531178480808],[102.86203986122999,16.47436433381619],[102.86230413669709,16.474213184910884],[102.86236579322073,16.4742026642268],[102.86285384936437,16.474119249536123],[102.86356249394154,16.474072184375757],[102.86388117181019,16.473999950493006],[102.86417365976807,16.47393362315441],[102.8642708661808,16.47390452499316],[102.86458778249069,16.473809639711522],[102.86474692200251,16.473761978723896],[102.86515652527342,16.473639323749904],[102.86530066593377,16.47359614814092],[102.86555458450295,16.473520101243146],[102.86565868532912,16.4734351886212],[102.86566510393453,16.473399897900485],[102.86571852159211,16.473110002089456],[102.86573768318215,16.472859062541474],[102.86576155146629,16.47283589051888],[102.86583011048482,16.472769505809442],[102.86589858347784,16.472733275805712],[102.86615321722604,16.47259858895744],[102.86627395182539,16.472493483200925],[102.86640730043331,16.47230705672872],[102.86645724311037,16.472189351286286]]},"properties":{"id":"roads-000077","label":"ถนนกลางบ้านโกทา","sourceRecord":77,"sourceFolder":"ถนนขึ้นทะเบียนทางหลวง","sourceFile":"ถนนเฉพาะขึ้นทะเบียน.shp","datasetId":"roads","geometryDisplayRepair":false,"villageIds":["v09","v25"],"villageId":null,"electionIds":["e03"],"electionId":"e03","insideMunicipality":true,"roadName":"ถนนกลางบ้านโกทา","surface":null,"lengthSource":null}},{"type":"Feature","id":"roads-000078","geometry":{"type":"LineString","coordinates":[[102.86530066593377,16.47359614814092],[102.8654647381112,16.47369509259407],[102.86570506054066,16.47380387954051],[102.86585320314288,16.473979600716664],[102.86619799004664,16.47418447627047],[102.86684008892155,16.474433106136626]]},"properties":{"id":"roads-000078","label":"ซอยเบิกบาน","sourceRecord":78,"sourceFolder":"ถนนขึ้นทะเบียนทางหลวง","sourceFile":"ถนนเฉพาะขึ้นทะเบียน.shp","datasetId":"roads","geometryDisplayRepair":false,"villageIds":["v25"],"villageId":"v25","electionIds":["e03"],"electionId":"e03","insideMunicipality":true,"roadName":"ซอยเบิกบาน","surface":null,"lengthSource":null}},{"type":"Feature","id":"roads-000079","geometry":{"type":"LineString","coordinates":[[102.8642708661808,16.47390452499316],[102.86440432274986,16.47422840154334],[102.8645239899176,16.474541844001518],[102.86458740598533,16.47474611374134],[102.86466117810828,16.475396196698778],[102.8646723445349,16.475511388976283],[102.86471974991044,16.475997690989022],[102.86474283992113,16.47623326845008],[102.86475446940094,16.47635134728176],[102.86478631524083,16.47672486502816],[102.86483344831001,16.47727524279556],[102.86489447967475,16.47796452097759]]},"properties":{"id":"roads-000079","label":"ถนนอดิศรราษฏร์","sourceRecord":79,"sourceFolder":"ถนนขึ้นทะเบียนทางหลวง","sourceFile":"ถนนเฉพาะขึ้นทะเบียน.shp","datasetId":"roads","geometryDisplayRepair":false,"villageIds":["v25"],"villageId":"v25","electionIds":["e03"],"electionId":"e03","insideMunicipality":true,"roadName":"ถนนอดิศรราษฏร์","surface":"คอนกรีต","lengthSource":null}},{"type":"Feature","id":"roads-000080","geometry":{"type":"LineString","coordinates":[[102.86474692200251,16.473761978723896],[102.86479546431394,16.474001053834254],[102.86500399906718,16.474121960934777],[102.86511621719987,16.474366321662803],[102.86520690590122,16.474542588499872],[102.8652877877565,16.474650881017897],[102.86542147152815,16.474755187056857],[102.86570836399648,16.474893861251914],[102.86588965308515,16.47504050827527]]},"properties":{"id":"roads-000080","label":"ซอยรื่นเริง","sourceRecord":80,"sourceFolder":"ถนนขึ้นทะเบียนทางหลวง","sourceFile":"ถนนเฉพาะขึ้นทะเบียน.shp","datasetId":"roads","geometryDisplayRepair":false,"villageIds":["v25"],"villageId":"v25","electionIds":["e03"],"electionId":"e03","insideMunicipality":true,"roadName":"ซอยรื่นเริง","surface":null,"lengthSource":null}},{"type":"Feature","id":"roads-000081","geometry":{"type":"LineString","coordinates":[[102.86703035050577,16.47472407663747],[102.86684356350042,16.474490551922237],[102.8668400618103,16.474433117388823],[102.86684263246228,16.474307847347596],[102.8668582060439,16.474116826678497],[102.866837998632,16.473981437687645],[102.86680108203322,16.47385805828123],[102.86677466693641,16.473769250579558],[102.86672627606761,16.47363344012451],[102.86668765677466,16.47352458183505],[102.8666338356254,16.473407515702387],[102.86663380851354,16.47340752695554],[102.86653121899808,16.473249793256795],[102.86628170449222,16.472802673208715],[102.86615319011518,16.472598600210823]]},"properties":{"id":"roads-000081","label":"ซอยชายคลอง","sourceRecord":81,"sourceFolder":"ถนนขึ้นทะเบียนทางหลวง","sourceFile":"ถนนเฉพาะขึ้นทะเบียน.shp","datasetId":"roads","geometryDisplayRepair":false,"villageIds":["v25"],"villageId":"v25","electionIds":["e03"],"electionId":"e03","insideMunicipality":true,"roadName":"ซอยชายคลอง","surface":null,"lengthSource":null}},{"type":"Feature","id":"roads-000082","geometry":{"type":"LineString","coordinates":[[102.86213884467723,16.473997975936378],[102.86226404857948,16.473845648214777],[102.86227905800325,16.4738274600753],[102.86245801810375,16.473437879933634],[102.86258136630691,16.473201579857225],[102.8627835677458,16.472971944057704],[102.86280616466081,16.472946346270728],[102.86282236189919,16.472928018809206],[102.86320439983392,16.47262196006946],[102.86346305875519,16.472448127254157],[102.863696541929,16.47232494281775],[102.8639880921925,16.47225212504019],[102.86423688328298,16.472229776272332],[102.86438794326153,16.472246023505136],[102.8651020356339,16.47191506716909]]},"properties":{"id":"roads-000082","label":"ถนนชลทาน","sourceRecord":82,"sourceFolder":"ถนนขึ้นทะเบียนทางหลวง","sourceFile":"ถนนเฉพาะขึ้นทะเบียน.shp","datasetId":"roads","geometryDisplayRepair":false,"villageIds":["v09","v25"],"villageId":null,"electionIds":["e03"],"electionId":"e03","insideMunicipality":true,"roadName":"ถนนชลทาน","surface":null,"lengthSource":null}},{"type":"Feature","id":"roads-000083","geometry":{"type":"LineString","coordinates":[[102.85390611944892,16.473703382280572],[102.85403549676137,16.473302779155457],[102.85437014933763,16.472417945182023],[102.85491565149867,16.470920318266657],[102.85516434159527,16.470245896093868]]},"properties":{"id":"roads-000083","label":"ซอยขามแก่น 1","sourceRecord":83,"sourceFolder":"ถนนขึ้นทะเบียนทางหลวง","sourceFile":"ถนนเฉพาะขึ้นทะเบียน.shp","datasetId":"roads","geometryDisplayRepair":false,"villageIds":["v13","v15"],"villageId":null,"electionIds":["e03","e02"],"electionId":null,"insideMunicipality":true,"roadName":"ซอยขามแก่น 1","surface":null,"lengthSource":null}},{"type":"Feature","id":"roads-000084","geometry":{"type":"LineString","coordinates":[[102.855641628064,16.470505918614045],[102.85511736428657,16.47189505528771],[102.85443316087289,16.473725773215378],[102.85430189466744,16.474077214937438],[102.85424585557283,16.474230339325707],[102.85411324950329,16.47459331246609],[102.8540356054987,16.474805996760065]]},"properties":{"id":"roads-000084","label":"ซอยขามแก่น 2","sourceRecord":84,"sourceFolder":"ถนนขึ้นทะเบียนทางหลวง","sourceFile":"ถนนเฉพาะขึ้นทะเบียน.shp","datasetId":"roads","geometryDisplayRepair":false,"villageIds":["v13","v15"],"villageId":null,"electionIds":["e03","e02"],"electionId":null,"insideMunicipality":true,"roadName":"ซอยขามแก่น 2","surface":null,"lengthSource":null}},{"type":"Feature","id":"roads-000085","geometry":{"type":"LineString","coordinates":[[102.8560742961839,16.47076390775999],[102.85585870364112,16.471337938034782],[102.85551883369168,16.472319185134246],[102.85512787328581,16.473400390182622],[102.85522193871697,16.473464029959786],[102.85556026161522,16.473475534857887],[102.85574818956546,16.47350837336857],[102.85574818956546,16.47350837336857],[102.85574818956546,16.47350837336857]]},"properties":{"id":"roads-000085","label":"ซอยขามแก่น 3","sourceRecord":85,"sourceFolder":"ถนนขึ้นทะเบียนทางหลวง","sourceFile":"ถนนเฉพาะขึ้นทะเบียน.shp","datasetId":"roads","geometryDisplayRepair":false,"villageIds":["v13","v15"],"villageId":null,"electionIds":["e03","e02"],"electionId":null,"insideMunicipality":true,"roadName":"ซอยขามแก่น 3","surface":null,"lengthSource":null}},{"type":"Feature","id":"roads-000086","geometry":{"type":"LineString","coordinates":[[102.85986520979463,16.474386352730562],[102.85953528764539,16.47456023536624],[102.8592032977682,16.47454076284036],[102.85879116307109,16.474517455459555],[102.85841395707413,16.474537712185825],[102.85815667420826,16.474543118202376],[102.85798957351408,16.47458662538026],[102.85787420510427,16.474660806644774],[102.85773345441909,16.474959809037365],[102.85763304500408,16.475188886407686],[102.85749802777127,16.475179465753868],[102.85667155657409,16.47483339425843],[102.85610110548917,16.47464918402603],[102.85511180851319,16.47464708711779],[102.85421884276259,16.474786648462555],[102.85406264620754,16.47480314986523],[102.85403557844657,16.474806007990672],[102.85309446329192,16.474963645219205]]},"properties":{"id":"roads-000086","label":"ซอยสายลม-อุดมโภชนา","sourceRecord":86,"sourceFolder":"ถนนขึ้นทะเบียนทางหลวง","sourceFile":"ถนนเฉพาะขึ้นทะเบียน.shp","datasetId":"roads","geometryDisplayRepair":false,"villageIds":["v13","v15"],"villageId":null,"electionIds":["e03","e02"],"electionId":null,"insideMunicipality":true,"roadName":"ซอยสายลม-อุดมโภชนา","surface":null,"lengthSource":null}},{"type":"Feature","id":"roads-000087","geometry":{"type":"LineString","coordinates":[[102.85364189938443,16.47542110568243],[102.85380930859817,16.47537830999233],[102.85415210148129,16.4753274683458],[102.85540779712359,16.475146097912837],[102.85546733270267,16.475388412596946]]},"properties":{"id":"roads-000087","label":"ซอยเคหะทหารม้า","sourceRecord":87,"sourceFolder":"ถนนขึ้นทะเบียนทางหลวง","sourceFile":"ถนนเฉพาะขึ้นทะเบียน.shp","datasetId":"roads","geometryDisplayRepair":false,"villageIds":["v15","v26"],"villageId":null,"electionIds":["e03","e02"],"electionId":null,"insideMunicipality":true,"roadName":"ซอยเคหะทหารม้า","surface":null,"lengthSource":null}},{"type":"Feature","id":"roads-000088","geometry":{"type":"LineString","coordinates":[[102.85411322245048,16.474593323697096],[102.85294817670366,16.474718315771867]]},"properties":{"id":"roads-000088","label":"ซอยบันได","sourceRecord":88,"sourceFolder":"ถนนขึ้นทะเบียนทางหลวง","sourceFile":"ถนนเฉพาะขึ้นทะเบียน.shp","datasetId":"roads","geometryDisplayRepair":false,"villageIds":["v13","v15"],"villageId":null,"electionIds":["e03","e02"],"electionId":null,"insideMunicipality":true,"roadName":"ซอยบันได","surface":null,"lengthSource":null}},{"type":"Feature","id":"roads-000089","geometry":{"type":"LineString","coordinates":[[102.85424585557283,16.474230339325707],[102.85270439799599,16.47424422932123]]},"properties":{"id":"roads-000089","label":"ซอย ส.คิงสตาร์ 1","sourceRecord":89,"sourceFolder":"ถนนขึ้นทะเบียนทางหลวง","sourceFile":"ถนนเฉพาะขึ้นทะเบียน.shp","datasetId":"roads","geometryDisplayRepair":false,"villageIds":["v13","v15"],"villageId":null,"electionIds":["e03","e02"],"electionId":null,"insideMunicipality":true,"roadName":"ซอย ส.คิงสตาร์ 1","surface":null,"lengthSource":null}},{"type":"Feature","id":"roads-000090","geometry":{"type":"LineString","coordinates":[[102.85443316087289,16.473725773215378],[102.85390609239575,16.47370339351236],[102.85243408904125,16.47371852131187]]},"properties":{"id":"roads-000090","label":"ซอย ส.คิงสตาร์2","sourceRecord":90,"sourceFolder":"ถนนขึ้นทะเบียนทางหลวง","sourceFile":"ถนนเฉพาะขึ้นทะเบียน.shp","datasetId":"roads","geometryDisplayRepair":false,"villageIds":["v13","v15"],"villageId":null,"electionIds":["e03","e02"],"electionId":null,"insideMunicipality":true,"roadName":"ซอย ส.คิงสตาร์2","surface":null,"lengthSource":null}},{"type":"Feature","id":"roads-000091","geometry":{"type":"LineString","coordinates":[[102.86096977422291,16.47520656974025],[102.86069125616059,16.47560149921554],[102.86036964555154,16.475869515019934],[102.86009059019584,16.476055569522597],[102.85936401806788,16.476594765115202],[102.85898257480488,16.47685564653009],[102.8588402544308,16.47696822678175],[102.85905505182785,16.47798630370387],[102.85984526048148,16.478006444366933],[102.86060859463183,16.478008220429338],[102.86089981516238,16.478006824068085]]},"properties":{"id":"roads-000091","label":"ซอยฟาร์มเห็ด","sourceRecord":91,"sourceFolder":"ถนนขึ้นทะเบียนทางหลวง","sourceFile":"ถนนเฉพาะขึ้นทะเบียน.shp","datasetId":"roads","geometryDisplayRepair":false,"villageIds":["v15","v25"],"villageId":null,"electionIds":["e03"],"electionId":"e03","insideMunicipality":true,"roadName":"ซอยฟาร์มเห็ด","surface":null,"lengthSource":null}},{"type":"Feature","id":"roads-000092","geometry":{"type":"LineString","coordinates":[[102.8600905631179,16.476055580761603],[102.85979909267283,16.47496044685012]]},"properties":{"id":"roads-000092","label":"ซอยราวดี","sourceRecord":92,"sourceFolder":"ถนนขึ้นทะเบียนทางหลวง","sourceFile":"ถนนเฉพาะขึ้นทะเบียน.shp","datasetId":"roads","geometryDisplayRepair":false,"villageIds":["v15"],"villageId":"v15","electionIds":["e03"],"electionId":"e03","insideMunicipality":true,"roadName":"ซอยราวดี","surface":null,"lengthSource":null}},{"type":"Feature","id":"roads-000093","geometry":{"type":"LineString","coordinates":[[102.86230410960627,16.47421319615587],[102.86213881758684,16.473997987181363],[102.86148417488248,16.473695363714],[102.86048979391332,16.473235503435763],[102.86048973424828,16.473235475709306]]},"properties":{"id":"roads-000093","label":"ซอยหลังโรงเรียนบ้านโกทา","sourceRecord":93,"sourceFolder":"ถนนขึ้นทะเบียนทางหลวง","sourceFile":"ถนนเฉพาะขึ้นทะเบียน.shp","datasetId":"roads","geometryDisplayRepair":false,"villageIds":["v25"],"villageId":"v25","electionIds":["e03"],"electionId":"e03","insideMunicipality":true,"roadName":"ซอยหลังโรงเรียนบ้านโกทา","surface":null,"lengthSource":null}},{"type":"Feature","id":"roads-000094","geometry":{"type":"LineString","coordinates":[[102.86048979391332,16.47323550343576],[102.86041799685209,16.473410191969023],[102.8600385696263,16.474536379606473]]},"properties":{"id":"roads-000094","label":"ซอยข้างโรงเรียนบ้านโกทา","sourceRecord":94,"sourceFolder":"ถนนขึ้นทะเบียนทางหลวง","sourceFile":"ถนนเฉพาะขึ้นทะเบียน.shp","datasetId":"roads","geometryDisplayRepair":false,"villageIds":["v15","v25"],"villageId":null,"electionIds":["e03"],"electionId":"e03","insideMunicipality":true,"roadName":"ซอยข้างโรงเรียนบ้านโกทา","surface":null,"lengthSource":null}},{"type":"Feature","id":"roads-000095","geometry":{"type":"LineString","coordinates":[[102.86869261566629,16.476860793992287],[102.8685335755031,16.476738594501892],[102.86729203071107,16.47570905733901],[102.86672699029788,16.475288303789537],[102.86643656659025,16.474988929984516]]},"properties":{"id":"roads-000095","label":"ซอยประชารวมจิต","sourceRecord":95,"sourceFolder":"ถนนขึ้นทะเบียนทางหลวง","sourceFile":"ถนนเฉพาะขึ้นทะเบียน.shp","datasetId":"roads","geometryDisplayRepair":false,"villageIds":["v25","v08"],"villageId":null,"electionIds":["e03"],"electionId":"e03","insideMunicipality":true,"roadName":"ซอยประชารวมจิต","surface":"คอนกรีต","lengthSource":null}},{"type":"Feature","id":"roads-000096","geometry":{"type":"LineString","coordinates":[[102.8562790421248,16.4708860148909],[102.85643267007634,16.470186131354108],[102.85645877399325,16.469960790687292],[102.85661900597498,16.46858232768616],[102.85680263821232,16.467792404652556],[102.85707445744195,16.466179426312014],[102.85718661867675,16.465449060543865],[102.85727915176469,16.465367611609032],[102.85819104331719,16.465397036680397]]},"properties":{"id":"roads-000096","label":"ถนน เกษร-ดอนยาง","sourceRecord":96,"sourceFolder":"ถนนขึ้นทะเบียนทางหลวง","sourceFile":"ถนนเฉพาะขึ้นทะเบียน.shp","datasetId":"roads","geometryDisplayRepair":false,"villageIds":["v13","v15","v16"],"villageId":null,"electionIds":["e03","e02"],"electionId":null,"insideMunicipality":true,"roadName":"ถนน เกษร-ดอนยาง","surface":null,"lengthSource":null}},{"type":"Feature","id":"roads-000097","geometry":{"type":"LineString","coordinates":[[102.85645877399325,16.469960790687292],[102.85961376520495,16.471444566834325]]},"properties":{"id":"roads-000097","label":"ซอยหมู่บ้านรวยสุข","sourceRecord":97,"sourceFolder":"ถนนขึ้นทะเบียนทางหลวง","sourceFile":"ถนนเฉพาะขึ้นทะเบียน.shp","datasetId":"roads","geometryDisplayRepair":false,"villageIds":["v13","v15"],"villageId":null,"electionIds":["e03","e02"],"electionId":null,"insideMunicipality":true,"roadName":"ซอยหมู่บ้านรวยสุข","surface":null,"lengthSource":null}},{"type":"Feature","id":"roads-000098","geometry":{"type":"LineString","coordinates":[[102.86148417488248,16.473695363714],[102.8616199243034,16.472967789254454],[102.86187910655794,16.472884021531367],[102.86146217734805,16.471589563210305],[102.86121683127472,16.471201652109286],[102.86106404391812,16.470960026537533],[102.86100564809549,16.47086745188986]]},"properties":{"id":"roads-000098","label":"ซอยเป็นสุข","sourceRecord":98,"sourceFolder":"ถนนขึ้นทะเบียนทางหลวง","sourceFile":"ถนนเฉพาะขึ้นทะเบียน.shp","datasetId":"roads","geometryDisplayRepair":false,"villageIds":["v15","v25"],"villageId":null,"electionIds":["e03"],"electionId":"e03","insideMunicipality":true,"roadName":"ซอยเป็นสุข","surface":null,"lengthSource":null}},{"type":"Feature","id":"roads-000099","geometry":{"type":"LineString","coordinates":[[102.86117570704766,16.47198010386364],[102.86167701765564,16.471680649573063],[102.86259048822967,16.471138284636755],[102.86281301030492,16.470942410021472]]},"properties":{"id":"roads-000099","label":"ซอยเป็นสุข 1","sourceRecord":99,"sourceFolder":"ถนนขึ้นทะเบียนทางหลวง","sourceFile":"ถนนเฉพาะขึ้นทะเบียน.shp","datasetId":"roads","geometryDisplayRepair":false,"villageIds":["v15","v09"],"villageId":null,"electionIds":["e03"],"electionId":"e03","insideMunicipality":true,"roadName":"ซอยเป็นสุข 1","surface":null,"lengthSource":null}},{"type":"Feature","id":"roads-000100","geometry":{"type":"LineString","coordinates":[[102.86103203653201,16.47166926967035],[102.86123133933899,16.471566056569333],[102.86234931445654,16.470922874667057],[102.86252135973352,16.470748881868925]]},"properties":{"id":"roads-000100","label":"ซอยเป็นสุข 2","sourceRecord":100,"sourceFolder":"ถนนขึ้นทะเบียนทางหลวง","sourceFile":"ถนนเฉพาะขึ้นทะเบียน.shp","datasetId":"roads","geometryDisplayRepair":false,"villageIds":["v15","v09"],"villageId":null,"electionIds":["e03"],"electionId":"e03","insideMunicipality":true,"roadName":"ซอยเป็นสุข 2","surface":null,"lengthSource":null}},{"type":"Feature","id":"roads-000101","geometry":{"type":"LineString","coordinates":[[102.86092404159791,16.47137025054286],[102.86200586117484,16.47076820671521],[102.86224507786315,16.47056487582997]]},"properties":{"id":"roads-000101","label":"ซอยเป็นสุข 3","sourceRecord":101,"sourceFolder":"ถนนขึ้นทะเบียนทางหลวง","sourceFile":"ถนนเฉพาะขึ้นทะเบียน.shp","datasetId":"roads","geometryDisplayRepair":false,"villageIds":["v15","v09"],"villageId":null,"electionIds":["e03"],"electionId":"e03","insideMunicipality":true,"roadName":"ซอยเป็นสุข 3","surface":null,"lengthSource":null}},{"type":"Feature","id":"roads-000102","geometry":{"type":"LineString","coordinates":[[102.86106404391812,16.470960026537533],[102.8616077907075,16.470660413114746]]},"properties":{"id":"roads-000102","label":"ซอยเป็นสุข 4","sourceRecord":102,"sourceFolder":"ถนนขึ้นทะเบียนทางหลวง","sourceFile":"ถนนเฉพาะขึ้นทะเบียน.shp","datasetId":"roads","geometryDisplayRepair":false,"villageIds":["v15"],"villageId":"v15","electionIds":["e03"],"electionId":"e03","insideMunicipality":true,"roadName":"ซอยเป็นสุข 4","surface":null,"lengthSource":null}},{"type":"Feature","id":"roads-000103","geometry":{"type":"LineString","coordinates":[[102.84515022092977,16.464368778758764],[102.84574638335351,16.463933629687183],[102.84630132912822,16.46353176285477],[102.84694382811975,16.46308221445746]]},"properties":{"id":"roads-000103","label":"ซอยไทยพัฒนา","sourceRecord":103,"sourceFolder":"ถนนขึ้นทะเบียนทางหลวง","sourceFile":"ถนนเฉพาะขึ้นทะเบียน.shp","datasetId":"roads","geometryDisplayRepair":false,"villageIds":["v13"],"villageId":"v13","electionIds":["e02"],"electionId":"e02","insideMunicipality":true,"roadName":"ซอยไทยพัฒนา","surface":null,"lengthSource":null}},{"type":"Feature","id":"roads-000104","geometry":{"type":"LineString","coordinates":[[102.84576619699854,16.464819458267634],[102.84730934139999,16.463769393575927]]},"properties":{"id":"roads-000104","label":"ซอยแผ่นดินเงิน","sourceRecord":104,"sourceFolder":"ถนนขึ้นทะเบียนทางหลวง","sourceFile":"ถนนเฉพาะขึ้นทะเบียน.shp","datasetId":"roads","geometryDisplayRepair":false,"villageIds":["v13"],"villageId":"v13","electionIds":["e02"],"electionId":"e02","insideMunicipality":true,"roadName":"ซอยแผ่นดินเงิน","surface":null,"lengthSource":null}},{"type":"Feature","id":"roads-000105","geometry":{"type":"LineString","coordinates":[[102.84608814832698,16.465125136613654],[102.84645369849935,16.464860827435626],[102.84749107933732,16.464110842338023]]},"properties":{"id":"roads-000105","label":"ซอยแผ่นดินไทย","sourceRecord":105,"sourceFolder":"ถนนขึ้นทะเบียนทางหลวง","sourceFile":"ถนนเฉพาะขึ้นทะเบียน.shp","datasetId":"roads","geometryDisplayRepair":false,"villageIds":["v13"],"villageId":"v13","electionIds":["e02"],"electionId":"e02","insideMunicipality":true,"roadName":"ซอยแผ่นดินไทย","surface":null,"lengthSource":null}},{"type":"Feature","id":"roads-000106","geometry":{"type":"LineString","coordinates":[[102.84645369849935,16.464860827435626],[102.84692697345547,16.46540361522676],[102.8478088980052,16.464707880256963]]},"properties":{"id":"roads-000106","label":"ซอยแผ่นดินทอง","sourceRecord":106,"sourceFolder":"ถนนขึ้นทะเบียนทางหลวง","sourceFile":"ถนนเฉพาะขึ้นทะเบียน.shp","datasetId":"roads","geometryDisplayRepair":false,"villageIds":["v13"],"villageId":"v13","electionIds":["e02"],"electionId":"e02","insideMunicipality":true,"roadName":"ซอยแผ่นดินทอง","surface":null,"lengthSource":null}},{"type":"Feature","id":"roads-000107","geometry":{"type":"LineString","coordinates":[[102.85057454098416,16.472237851053357],[102.85154207179674,16.471971604778748]]},"properties":{"id":"roads-000107","label":"ซอยกสิกรทุ่งสร้าง6","sourceRecord":107,"sourceFolder":"ถนนขึ้นทะเบียนทางหลวง","sourceFile":"ถนนเฉพาะขึ้นทะเบียน.shp","datasetId":"roads","geometryDisplayRepair":false,"villageIds":["v13"],"villageId":"v13","electionIds":["e02"],"electionId":"e02","insideMunicipality":true,"roadName":"ซอยกสิกรทุ่งสร้าง6","surface":null,"lengthSource":null}},{"type":"Feature","id":"roads-000108","geometry":{"type":"LineString","coordinates":[[102.85131804867625,16.471530435920293],[102.85086956494523,16.47169298720238],[102.85052604759017,16.471812153858554]]},"properties":{"id":"roads-000108","label":"ซอยกสิกรทุ่งสร้าง5","sourceRecord":108,"sourceFolder":"ถนนขึ้นทะเบียนทางหลวง","sourceFile":"ถนนเฉพาะขึ้นทะเบียน.shp","datasetId":"roads","geometryDisplayRepair":false,"villageIds":["v13"],"villageId":"v13","electionIds":["e02"],"electionId":"e02","insideMunicipality":true,"roadName":"ซอยกสิกรทุ่งสร้าง5","surface":null,"lengthSource":null}},{"type":"Feature","id":"roads-000109","geometry":{"type":"LineString","coordinates":[[102.85018970684695,16.47355725105453],[102.85027739947944,16.473556801285632],[102.8521452644753,16.47315687993626]]},"properties":{"id":"roads-000109","label":"ซอยกสิกรทุ่งสร้าง7","sourceRecord":109,"sourceFolder":"ถนนขึ้นทะเบียนทางหลวง","sourceFile":"ถนนเฉพาะขึ้นทะเบียน.shp","datasetId":"roads","geometryDisplayRepair":false,"villageIds":["v13","v14"],"villageId":null,"electionIds":["e02"],"electionId":"e02","insideMunicipality":true,"roadName":"ซอยกสิกรทุ่งสร้าง7","surface":null,"lengthSource":null}},{"type":"Feature","id":"roads-000110","geometry":{"type":"LineString","coordinates":[[102.850122514691,16.474024470077655],[102.85048521072251,16.47401102304245],[102.85238490981062,16.473623049618585]]},"properties":{"id":"roads-000110","label":"ซอยกสิกรทุ่งสร้าง8","sourceRecord":110,"sourceFolder":"ถนนขึ้นทะเบียนทางหลวง","sourceFile":"ถนนเฉพาะขึ้นทะเบียน.shp","datasetId":"roads","geometryDisplayRepair":false,"villageIds":["v13","v14"],"villageId":null,"electionIds":["e02"],"electionId":"e02","insideMunicipality":true,"roadName":"ซอยกสิกรทุ่งสร้าง8","surface":null,"lengthSource":null}},{"type":"Feature","id":"roads-000111","geometry":{"type":"LineString","coordinates":[[102.85568511925507,16.477668723669183],[102.85338844007264,16.478921958910618],[102.85319804000267,16.47902721514072],[102.85306430976068,16.47910116222744]]},"properties":{"id":"roads-000111","label":"ซอยทหารม้า","sourceRecord":111,"sourceFolder":"ถนนขึ้นทะเบียนทางหลวง","sourceFile":"ถนนเฉพาะขึ้นทะเบียน.shp","datasetId":"roads","geometryDisplayRepair":false,"villageIds":["v26"],"villageId":"v26","electionIds":["e02"],"electionId":"e02","insideMunicipality":true,"roadName":"ซอยทหารม้า","surface":null,"lengthSource":null}},{"type":"Feature","id":"roads-000112","geometry":{"type":"LineString","coordinates":[[102.85269029907181,16.48038718193149],[102.85207648900816,16.479537133042545],[102.85197636308662,16.479401718064832],[102.85183302010948,16.479207505072363],[102.85165403967193,16.478962777762774],[102.85165401174774,16.478962795700898]]},"properties":{"id":"roads-000112","label":"ซอยโชคดี","sourceRecord":112,"sourceFolder":"ถนนขึ้นทะเบียนทางหลวง","sourceFile":"ถนนเฉพาะขึ้นทะเบียน.shp","datasetId":"roads","geometryDisplayRepair":false,"villageIds":["v26"],"villageId":"v26","electionIds":["e02"],"electionId":"e02","insideMunicipality":true,"roadName":"ซอยโชคดี","surface":null,"lengthSource":null}},{"type":"Feature","id":"roads-000113","geometry":{"type":"LineString","coordinates":[[102.85580715681334,16.477880058484384],[102.85590536155397,16.478168598635055],[102.85610611956061,16.47871656286963],[102.85650373759113,16.479672156103756],[102.85675117453128,16.48026678356583],[102.8568241652011,16.48044227900713],[102.85698169331165,16.480820309505972],[102.8573062198712,16.481703531668412],[102.85752653323595,16.482303026996973],[102.85761628230718,16.48254688440345],[102.85762137331137,16.48271580539226],[102.85788329009009,16.48350961361781],[102.85794297791884,16.48369016932091],[102.85804133983517,16.48398829570339],[102.85812917859124,16.484254277082986],[102.85832189795407,16.484837562032595],[102.85836240793293,16.484962735594753],[102.85849618269289,16.485374869649945],[102.858803503006,16.486321526323728],[102.85909843638194,16.48727111998593],[102.85923414659399,16.487790291857866],[102.85937770335025,16.488338771187706],[102.8594366427911,16.488943847948143],[102.85949130540583,16.489503348617536],[102.85951099415779,16.489685769059854],[102.85951731166055,16.48974326851704],[102.85954587960595,16.490005184071823],[102.85967489680144,16.49049747191284],[102.8599467613853,16.49097445644761],[102.86000061719632,16.49106873493646],[102.86003664904908,16.491131733572242],[102.8602105734631,16.49147961136884],[102.86032363208156,16.491850138924562],[102.86032980591618,16.49199328279048],[102.86026944697716,16.492443588607554],[102.8602636535565,16.492487437648737],[102.86028085424842,16.492939640979095],[102.86033177354153,16.4932905880831],[102.860671097048,16.49383984721784],[102.86104468891706,16.49438656652946],[102.8613254287858,16.494567306842505]]},"properties":{"id":"roads-000113","label":"ถนนหนองไผ่ - ศิลา (สี่แยกเอื้ออาทร)","sourceRecord":113,"sourceFolder":"ถนนขึ้นทะเบียนทางหลวง","sourceFile":"ถนนเฉพาะขึ้นทะเบียน.shp","datasetId":"roads","geometryDisplayRepair":false,"villageIds":["v26","v28"],"villageId":null,"electionIds":["e03","e02"],"electionId":null,"insideMunicipality":true,"roadName":"ถนนหนองไผ่ - ศิลา (สี่แยกเอื้ออาทร)","surface":null,"lengthSource":null}},{"type":"Feature","id":"roads-000114","geometry":{"type":"LineString","coordinates":[[102.8568241652011,16.48044227900713],[102.85842581034649,16.479865296026045],[102.85852561636906,16.48016776552491],[102.86003797933716,16.479732756479187]]},"properties":{"id":"roads-000114","label":"ซอยแม่สี","sourceRecord":114,"sourceFolder":"ถนนขึ้นทะเบียนทางหลวง","sourceFile":"ถนนเฉพาะขึ้นทะเบียน.shp","datasetId":"roads","geometryDisplayRepair":false,"villageIds":["v15","v26"],"villageId":null,"electionIds":["e03","e02"],"electionId":null,"insideMunicipality":true,"roadName":"ซอยแม่สี","surface":null,"lengthSource":null}},{"type":"Feature","id":"roads-000115","geometry":{"type":"LineString","coordinates":[[102.8573062198712,16.481703531668412],[102.85785427898227,16.481534041896484],[102.8583748496347,16.48137305011918],[102.85887278821937,16.481219054363248],[102.85990269859352,16.480900518138483],[102.86047645653827,16.480723047081455]]},"properties":{"id":"roads-000115","label":"ซอยเจริญทรัพย์นคร","sourceRecord":115,"sourceFolder":"ถนนขึ้นทะเบียนทางหลวง","sourceFile":"ถนนเฉพาะขึ้นทะเบียน.shp","datasetId":"roads","geometryDisplayRepair":false,"villageIds":["v15","v26"],"villageId":null,"electionIds":["e03","e02"],"electionId":null,"insideMunicipality":true,"roadName":"ซอยเจริญทรัพย์นคร","surface":null,"lengthSource":null}},{"type":"Feature","id":"roads-000116","geometry":{"type":"LineString","coordinates":[[102.85381494964344,16.48161752228134],[102.8542187205573,16.48143795130518]]},"properties":{"id":"roads-000116","label":"ซอยรักเพื่อน","sourceRecord":116,"sourceFolder":"ถนนขึ้นทะเบียนทางหลวง","sourceFile":"ถนนเฉพาะขึ้นทะเบียน.shp","datasetId":"roads","geometryDisplayRepair":false,"villageIds":["v26"],"villageId":"v26","electionIds":["e02"],"electionId":"e02","insideMunicipality":true,"roadName":"ซอยรักเพื่อน","surface":"ลูกรัง","lengthSource":null}},{"type":"Feature","id":"roads-000117","geometry":{"type":"LineString","coordinates":[[102.84895414355304,16.482939446964874],[102.84895060601117,16.483078774192432],[102.84905386117788,16.483654596201514],[102.84909936382896,16.483793314557737],[102.84909933681281,16.483793325768875],[102.84922976981612,16.48392272158867],[102.84969782264167,16.48431835199821],[102.84995561169883,16.484512895365388],[102.85008451493209,16.484557764883665],[102.85052887661655,16.484577249693366]]},"properties":{"id":"roads-000117","label":"ซอยหนองขาม","sourceRecord":117,"sourceFolder":"ถนนขึ้นทะเบียนทางหลวง","sourceFile":"ถนนเฉพาะขึ้นทะเบียน.shp","datasetId":"roads","geometryDisplayRepair":false,"villageIds":["v26"],"villageId":"v26","electionIds":["e02"],"electionId":"e02","insideMunicipality":true,"roadName":"ซอยหนองขาม","surface":null,"lengthSource":null}},{"type":"Feature","id":"roads-000118","geometry":{"type":"LineString","coordinates":[[102.8594366427911,16.488943847948143],[102.85890861682829,16.48899515356722],[102.85658240624883,16.487417009527913]]},"properties":{"id":"roads-000118","label":"ซอยยุกตะทัต","sourceRecord":118,"sourceFolder":"ถนนขึ้นทะเบียนทางหลวง","sourceFile":"ถนนเฉพาะขึ้นทะเบียน.shp","datasetId":"roads","geometryDisplayRepair":false,"villageIds":["v28"],"villageId":"v28","electionIds":["e03"],"electionId":"e03","insideMunicipality":true,"roadName":"ซอยยุกตะทัต","surface":null,"lengthSource":null}},{"type":"Feature","id":"roads-000119","geometry":{"type":"LineString","coordinates":[[102.85923414659399,16.487790291857866],[102.86078977110998,16.488101857180585],[102.86223939326844,16.4886776561952]]},"properties":{"id":"roads-000119","label":"ขก.ถ.","sourceRecord":119,"sourceFolder":"ถนนขึ้นทะเบียนทางหลวง","sourceFile":"ถนนเฉพาะขึ้นทะเบียน.shp","datasetId":"roads","geometryDisplayRepair":false,"villageIds":["v28"],"villageId":"v28","electionIds":["e03"],"electionId":"e03","insideMunicipality":true,"roadName":"ขก.ถ.","surface":"ลูกรัง","lengthSource":null}},{"type":"Feature","id":"roads-000120","geometry":{"type":"LineString","coordinates":[[102.85905727060918,16.48326416593636],[102.85794297791884,16.48369016932091]]},"properties":{"id":"roads-000120","label":"ซอยหมู่บ้านธาราริน 5","sourceRecord":120,"sourceFolder":"ถนนขึ้นทะเบียนทางหลวง","sourceFile":"ถนนเฉพาะขึ้นทะเบียน.shp","datasetId":"roads","geometryDisplayRepair":false,"villageIds":["v15","v26"],"villageId":null,"electionIds":["e03","e02"],"electionId":null,"insideMunicipality":true,"roadName":"ซอยหมู่บ้านธาราริน 5","surface":null,"lengthSource":null}},{"type":"Feature","id":"roads-000121","geometry":{"type":"LineString","coordinates":[[102.85849618269289,16.485374869649945],[102.85957350845872,16.485051912218537],[102.85978884900567,16.48497548911494],[102.86027382451019,16.484979854923296],[102.86197028815009,16.484930702141003],[102.86199452339304,16.485379361816705],[102.86106897289822,16.48541672451994],[102.85973143563191,16.48548603754652],[102.85957350845872,16.485051912218537]]},"properties":{"id":"roads-000121","label":"ซอยสะเดาหวาน","sourceRecord":121,"sourceFolder":"ถนนขึ้นทะเบียนทางหลวง","sourceFile":"ถนนเฉพาะขึ้นทะเบียน.shp","datasetId":"roads","geometryDisplayRepair":false,"villageIds":["v15","v26"],"villageId":null,"electionIds":["e03","e02"],"electionId":null,"insideMunicipality":true,"roadName":"ซอยสะเดาหวาน","surface":null,"lengthSource":null}},{"type":"Feature","id":"roads-000122","geometry":{"type":"LineString","coordinates":[[102.85018461431123,16.483183882333883],[102.85066750983675,16.483162222646495],[102.85106272433443,16.484483582002092]]},"properties":{"id":"roads-000122","label":"ซอยพูลสวัสดิ์","sourceRecord":122,"sourceFolder":"ถนนขึ้นทะเบียนทางหลวง","sourceFile":"ถนนเฉพาะขึ้นทะเบียน.shp","datasetId":"roads","geometryDisplayRepair":false,"villageIds":["v26"],"villageId":"v26","electionIds":["e02"],"electionId":"e02","insideMunicipality":true,"roadName":"ซอยพูลสวัสดิ์","surface":null,"lengthSource":null}},{"type":"Feature","id":"roads-000123","geometry":{"type":"LineString","coordinates":[[102.84926818291898,16.48634192937877],[102.85071903649632,16.485857585649473]]},"properties":{"id":"roads-000123","label":"ซอยตาอู๊ด","sourceRecord":123,"sourceFolder":"ถนนขึ้นทะเบียนทางหลวง","sourceFile":"ถนนเฉพาะขึ้นทะเบียน.shp","datasetId":"roads","geometryDisplayRepair":false,"villageIds":["v26"],"villageId":"v26","electionIds":["e02"],"electionId":"e02","insideMunicipality":true,"roadName":"ซอยตาอู๊ด","surface":null,"lengthSource":null}},{"type":"Feature","id":"roads-000124","geometry":{"type":"LineString","coordinates":[[102.85097721953169,16.486267769766815],[102.85126678961304,16.486749409995035],[102.8515574385018,16.487232504645995]]},"properties":{"id":"roads-000124","label":"ซอยหล้าคำแก้ว 1","sourceRecord":124,"sourceFolder":"ถนนขึ้นทะเบียนทางหลวง","sourceFile":"ถนนเฉพาะขึ้นทะเบียน.shp","datasetId":"roads","geometryDisplayRepair":false,"villageIds":["v26"],"villageId":"v26","electionIds":["e02"],"electionId":"e02","insideMunicipality":true,"roadName":"ซอยหล้าคำแก้ว 1","surface":null,"lengthSource":null}},{"type":"Feature","id":"roads-000125","geometry":{"type":"LineString","coordinates":[[102.8515574385018,16.487232504645995],[102.85131265238823,16.48731338048294],[102.84975115352565,16.48782995988465],[102.849895735767,16.48825345819041]]},"properties":{"id":"roads-000125","label":"ซอยจันโท","sourceRecord":125,"sourceFolder":"ถนนขึ้นทะเบียนทางหลวง","sourceFile":"ถนนเฉพาะขึ้นทะเบียน.shp","datasetId":"roads","geometryDisplayRepair":false,"villageIds":["v26"],"villageId":"v26","electionIds":["e02"],"electionId":"e02","insideMunicipality":true,"roadName":"ซอยจันโท","surface":"ลูกรัง","lengthSource":null}},{"type":"Feature","id":"roads-000126","geometry":{"type":"LineString","coordinates":[[102.8417622609177,16.485979315640037],[102.84210696555476,16.486664327963155],[102.84227582068074,16.487014604520194],[102.84235461191842,16.487217368244504],[102.84232895076296,16.48732810072964],[102.84243349880097,16.487539538749697],[102.84261504225097,16.48795085027479],[102.84270650536543,16.488293251762236],[102.84280324277901,16.488623170268305],[102.84288670759051,16.488825588009124],[102.8429532748547,16.489051930155256],[102.84300472519446,16.489383689590834],[102.84301617778947,16.489626204289394],[102.84307416133922,16.49023712023727]]},"properties":{"id":"roads-000126","label":"ซอยพ่อขุน","sourceRecord":126,"sourceFolder":"ถนนขึ้นทะเบียนทางหลวง","sourceFile":"ถนนเฉพาะขึ้นทะเบียน.shp","datasetId":"roads","geometryDisplayRepair":false,"villageIds":["v14"],"villageId":"v14","electionIds":["e02"],"electionId":"e02","insideMunicipality":true,"roadName":"ซอยพ่อขุน","surface":"ลูกรัง","lengthSource":null}},{"type":"Feature","id":"roads-000127","geometry":{"type":"LineString","coordinates":[[102.84051516583902,16.486535161852583],[102.8406989832855,16.487488064543726],[102.84081161703969,16.488106262226914],[102.84093369722899,16.48868598078864],[102.8410775645378,16.489352513310628],[102.84110349792502,16.489658953127307],[102.8411210608137,16.489889678455278],[102.84113062287634,16.490362518872097],[102.84113232483396,16.49044510078433],[102.84108234260142,16.49083122633613],[102.84098161527703,16.49152493231741],[102.84096236277799,16.49191331789717],[102.84095190005031,16.49209699163175],[102.8409034334094,16.49239382241637],[102.84089844582986,16.492744874545338],[102.84090834634428,16.492948202977793],[102.84092218991819,16.493201121195053],[102.84094423155567,16.493773884296512],[102.84093066183443,16.49391848724606],[102.8408317549094,16.49421149323874],[102.84076651664633,16.494494449428014],[102.84076966179086,16.494908385164553],[102.84076963482937,16.494908396347974],[102.84073896488981,16.495024780144586],[102.8403977898677,16.49563047081879],[102.84020454666887,16.496116380003144],[102.84008106559926,16.496455039099143],[102.83978240026704,16.496876194381333],[102.83955206380293,16.497132066914304],[102.83917938438961,16.497410565133737],[102.83895182030977,16.49756149498651],[102.83893828524813,16.497570493272235],[102.8387908260915,16.497962318354233]]},"properties":{"id":"roads-000127","label":"ถนนหนองไผ่ - หนองกุง","sourceRecord":127,"sourceFolder":"ถนนขึ้นทะเบียนทางหลวง","sourceFile":"ถนนเฉพาะขึ้นทะเบียน.shp","datasetId":"roads","geometryDisplayRepair":false,"villageIds":["v02"],"villageId":"v02","electionIds":["e01"],"electionId":"e01","insideMunicipality":true,"roadName":"ถนนหนองไผ่ - หนองกุง","surface":"ลูกรัง","lengthSource":null}},{"type":"Feature","id":"roads-000128","geometry":{"type":"LineString","coordinates":[[102.8325721245344,16.497498648103093],[102.83294288975033,16.49751827398958],[102.83374202615765,16.497558922085037],[102.83477383992656,16.497568220890837],[102.83509038979254,16.49757102790916],[102.83513721454969,16.497570900518248],[102.83629019128695,16.497566908835005],[102.8363741023585,16.49757474319526],[102.83670688943374,16.497605609815196],[102.83707580980821,16.497651142570117],[102.83728916085037,16.49767740576522],[102.83748081555676,16.49770917975315],[102.83828620251023,16.497842456981413],[102.83879079914357,16.49796232953055],[102.83889863592327,16.498057126658026],[102.8395546835556,16.49826856727587],[102.84037967892813,16.49843727183494]]},"properties":{"id":"roads-000128","label":"ถนนกลางบ้านหนองกุง","sourceRecord":128,"sourceFolder":"ถนนขึ้นทะเบียนทางหลวง","sourceFile":"ถนนเฉพาะขึ้นทะเบียน.shp","datasetId":"roads","geometryDisplayRepair":false,"villageIds":["v02","v17"],"villageId":null,"electionIds":["e02","e01"],"electionId":null,"insideMunicipality":true,"roadName":"ถนนกลางบ้านหนองกุง","surface":null,"lengthSource":null}},{"type":"Feature","id":"roads-000129","geometry":{"type":"LineString","coordinates":[[102.8348188038135,16.487578737163318],[102.83498449150795,16.488691506869497],[102.83522581487927,16.490310822466256],[102.83540152270756,16.49089035216972]]},"properties":{"id":"roads-000129","label":"ซอยกิ่งแก้ว","sourceRecord":129,"sourceFolder":"ถนนขึ้นทะเบียนทางหลวง","sourceFile":"ถนนเฉพาะขึ้นทะเบียน.shp","datasetId":"roads","geometryDisplayRepair":false,"villageIds":["v02"],"villageId":"v02","electionIds":["e01"],"electionId":"e01","insideMunicipality":true,"roadName":"ซอยกิ่งแก้ว","surface":null,"lengthSource":null}},{"type":"Feature","id":"roads-000130","geometry":{"type":"LineString","coordinates":[[102.83455582296774,16.487601655914165],[102.8346380891998,16.488278194124188],[102.83472180264232,16.488897784533236],[102.83476685557389,16.489366056649256],[102.83483117209508,16.48993871242228],[102.83487312935604,16.490328612673704]]},"properties":{"id":"roads-000130","label":"ซอยสุขสถิตย์","sourceRecord":130,"sourceFolder":"ถนนขึ้นทะเบียนทางหลวง","sourceFile":"ถนนเฉพาะขึ้นทะเบียน.shp","datasetId":"roads","geometryDisplayRepair":false,"villageIds":["v02"],"villageId":"v02","electionIds":["e01"],"electionId":"e01","insideMunicipality":true,"roadName":"ซอยสุขสถิตย์","surface":null,"lengthSource":null}},{"type":"Feature","id":"roads-000131","geometry":{"type":"LineString","coordinates":[[102.8360865408397,16.493532799140343],[102.83613914092527,16.494017140222475]]},"properties":{"id":"roads-000131","label":"ซอย ธาราริน 3","sourceRecord":131,"sourceFolder":"ถนนขึ้นทะเบียนทางหลวง","sourceFile":"ถนนเฉพาะขึ้นทะเบียน.shp","datasetId":"roads","geometryDisplayRepair":false,"villageIds":["v02"],"villageId":"v02","electionIds":["e01"],"electionId":"e01","insideMunicipality":true,"roadName":"ซอย ธาราริน 3","surface":null,"lengthSource":null}},{"type":"Feature","id":"roads-000132","geometry":{"type":"LineString","coordinates":[[102.83608651389751,16.493532810317785],[102.83586821689391,16.492190476868952]]},"properties":{"id":"roads-000132","label":"ซอยหมู่บ้านธาราริน 2","sourceRecord":132,"sourceFolder":"ถนนขึ้นทะเบียนทางหลวง","sourceFile":"ถนนเฉพาะขึ้นทะเบียน.shp","datasetId":"roads","geometryDisplayRepair":false,"villageIds":["v02"],"villageId":"v02","electionIds":["e01"],"electionId":"e01","insideMunicipality":true,"roadName":"ซอยหมู่บ้านธาราริน 2","surface":null,"lengthSource":null}},{"type":"Feature","id":"roads-000133","geometry":{"type":"LineString","coordinates":[[102.83642692087857,16.49309039841712],[102.8374222535317,16.49296727146743]]},"properties":{"id":"roads-000133","label":"ซอยหมู่บ้านธาราริน 7","sourceRecord":133,"sourceFolder":"ถนนขึ้นทะเบียนทางหลวง","sourceFile":"ถนนเฉพาะขึ้นทะเบียน.shp","datasetId":"roads","geometryDisplayRepair":false,"villageIds":["v02"],"villageId":"v02","electionIds":["e01"],"electionId":"e01","insideMunicipality":true,"roadName":"ซอยหมู่บ้านธาราริน 7","surface":null,"lengthSource":null}},{"type":"Feature","id":"roads-000134","geometry":{"type":"LineString","coordinates":[[102.84113229786415,16.490445111973973],[102.84142156053221,16.490428888114398],[102.84233260966307,16.49030098863276],[102.84307413436021,16.490237131430366],[102.84341460459127,16.490202717680745],[102.8434680542204,16.490197285714025],[102.84401074988395,16.490076996643587],[102.8443706474564,16.49011081533749],[102.84490530188336,16.490372035032856],[102.84521079491525,16.490470343151276],[102.84573205000548,16.49064185885823],[102.84596495216132,16.490674496696734],[102.84613508218662,16.490666434844105],[102.8464295796816,16.490626490788753],[102.84685804106198,16.490617432406157],[102.84691600542861,16.490616170684945]]},"properties":{"id":"roads-000134","label":"ซอยแก่นนครปาร์ควิว","sourceRecord":134,"sourceFolder":"ถนนขึ้นทะเบียนทางหลวง","sourceFile":"ถนนเฉพาะขึ้นทะเบียน.shp","datasetId":"roads","geometryDisplayRepair":false,"villageIds":["v14","v02"],"villageId":null,"electionIds":["e02","e01"],"electionId":null,"insideMunicipality":true,"roadName":"ซอยแก่นนครปาร์ควิว","surface":"ลูกรัง","lengthSource":null}},{"type":"Feature","id":"roads-000135","geometry":{"type":"LineString","coordinates":[[102.82955726791569,16.488630122761766],[102.82900935887533,16.49059525322188]]},"properties":{"id":"roads-000135","label":"ซอยสมานมิตร","sourceRecord":135,"sourceFolder":"ถนนขึ้นทะเบียนทางหลวง","sourceFile":"ถนนเฉพาะขึ้นทะเบียน.shp","datasetId":"roads","geometryDisplayRepair":false,"villageIds":["v27","v03"],"villageId":null,"electionIds":["e01"],"electionId":"e01","insideMunicipality":true,"roadName":"ซอยสมานมิตร","surface":null,"lengthSource":null}},{"type":"Feature","id":"roads-000136","geometry":{"type":"LineString","coordinates":[[102.8302413747399,16.48862323999195],[102.8301584258809,16.48928288847029],[102.83072523305518,16.489278752128058],[102.83059734933889,16.489917016144855]]},"properties":{"id":"roads-000136","label":"ซอย โนนม่วง 2","sourceRecord":136,"sourceFolder":"ถนนขึ้นทะเบียนทางหลวง","sourceFile":"ถนนเฉพาะขึ้นทะเบียน.shp","datasetId":"roads","geometryDisplayRepair":false,"villageIds":["v27","v03"],"villageId":null,"electionIds":["e01"],"electionId":"e01","insideMunicipality":true,"roadName":"ซอย โนนม่วง 2","surface":"คอนกรีต","lengthSource":null}},{"type":"Feature","id":"roads-000137","geometry":{"type":"LineString","coordinates":[[102.8278826798432,16.48864701618648],[102.82771113630345,16.490128969363212],[102.82845201892755,16.49014673168128]]},"properties":{"id":"roads-000137","label":"ซอยอุดมโชค","sourceRecord":137,"sourceFolder":"ถนนขึ้นทะเบียนทางหลวง","sourceFile":"ถนนเฉพาะขึ้นทะเบียน.shp","datasetId":"roads","geometryDisplayRepair":false,"villageIds":["v27","v03"],"villageId":null,"electionIds":["e01"],"electionId":"e01","insideMunicipality":true,"roadName":"ซอยอุดมโชค","surface":"ลูกรัง","lengthSource":null}},{"type":"Feature","id":"roads-000138","geometry":{"type":"LineString","coordinates":[[102.81349445035713,16.491187977005954],[102.81349447719977,16.491187965862714],[102.81359352548937,16.491185718152433],[102.81361332647114,16.491185230911903],[102.81501703792264,16.491027099097725],[102.81506490563028,16.49102302125767],[102.81548596613317,16.490986709362218],[102.81550873955254,16.490984720029967],[102.81606021380739,16.490927008148955],[102.81649071104673,16.490881925796426],[102.81677942216311,16.490864765151077],[102.81691172058846,16.490856859576414],[102.81713856128107,16.490845484526627],[102.81729558808586,16.490837560438248],[102.81743018143725,16.490826757594487],[102.81752598279786,16.490819022090943],[102.81787179590087,16.490742670296797]]},"properties":{"id":"roads-000138","label":"ถนนไพบูลย์วัฒนา","sourceRecord":138,"sourceFolder":"ถนนขึ้นทะเบียนทางหลวง","sourceFile":"ถนนเฉพาะขึ้นทะเบียน.shp","datasetId":"roads","geometryDisplayRepair":false,"villageIds":["v03"],"villageId":"v03","electionIds":["e01"],"electionId":"e01","insideMunicipality":true,"roadName":"ถนนไพบูลย์วัฒนา","surface":"ลูกรัง","lengthSource":null}},{"type":"Feature","id":"roads-000139","geometry":{"type":"LineString","coordinates":[[102.81743018143725,16.490826757594487],[102.81743561389945,16.49110155480738],[102.81730127260127,16.491392627417124],[102.81706142948292,16.491716436719567],[102.81698675668724,16.49178317253862],[102.8169183463589,16.491844320620203],[102.81677398463903,16.491973477208674],[102.81650887544313,16.492117263756064]]},"properties":{"id":"roads-000139","label":"ซอยโชคอนันท์","sourceRecord":139,"sourceFolder":"ถนนขึ้นทะเบียนทางหลวง","sourceFile":"ถนนเฉพาะขึ้นทะเบียน.shp","datasetId":"roads","geometryDisplayRepair":false,"villageIds":["v03"],"villageId":"v03","electionIds":["e01"],"electionId":"e01","insideMunicipality":true,"roadName":"ซอยโชคอนันท์","surface":null,"lengthSource":null}},{"type":"Feature","id":"roads-000140","geometry":{"type":"LineString","coordinates":[[102.81548596613317,16.490986709362218],[102.81548552032073,16.491395303755194],[102.81558018921481,16.491507341102764],[102.81562731687792,16.491642163384505],[102.81567218762403,16.491807760856467],[102.81580528938308,16.492255918151223],[102.81587171889505,16.492441461830275],[102.81592675847621,16.492472908178456]]},"properties":{"id":"roads-000140","label":"ซอยสิมมะลี","sourceRecord":140,"sourceFolder":"ถนนขึ้นทะเบียนทางหลวง","sourceFile":"ถนนเฉพาะขึ้นทะเบียน.shp","datasetId":"roads","geometryDisplayRepair":false,"villageIds":["v03"],"villageId":"v03","electionIds":["e01"],"electionId":"e01","insideMunicipality":true,"roadName":"ซอยสิมมะลี","surface":null,"lengthSource":null}},{"type":"Feature","id":"roads-000141","geometry":{"type":"LineString","coordinates":[[102.81696511396646,16.490888056827856],[102.81698675668724,16.49178317253862]]},"properties":{"id":"roads-000141","label":"ซอยบานเย็น","sourceRecord":141,"sourceFolder":"ถนนขึ้นทะเบียนทางหลวง","sourceFile":"ถนนเฉพาะขึ้นทะเบียน.shp","datasetId":"roads","geometryDisplayRepair":false,"villageIds":["v03"],"villageId":"v03","electionIds":["e01"],"electionId":"e01","insideMunicipality":true,"roadName":"ซอยบานเย็น","surface":null,"lengthSource":null}},{"type":"Feature","id":"roads-000142","geometry":{"type":"LineString","coordinates":[[102.81409029852551,16.49062130518108],[102.81393616431981,16.489558217318706],[102.81325446130124,16.48948666565866]]},"properties":{"id":"roads-000142","label":"ซอยข้างโรงเรียนบ้านโนนม่วง","sourceRecord":142,"sourceFolder":"ถนนขึ้นทะเบียนทางหลวง","sourceFile":"ถนนเฉพาะขึ้นทะเบียน.shp","datasetId":"roads","geometryDisplayRepair":false,"villageIds":["v12"],"villageId":"v12","electionIds":["e01"],"electionId":"e01","insideMunicipality":true,"roadName":"ซอยข้างโรงเรียนบ้านโนนม่วง","surface":null,"lengthSource":null}},{"type":"Feature","id":"roads-000143","geometry":{"type":"LineString","coordinates":[[102.81492837525434,16.4904825103046],[102.8147744720622,16.490171927339848],[102.81465678389264,16.490110337432704],[102.81452355002094,16.48979369256425]]},"properties":{"id":"roads-000143","label":"ซอยสอง","sourceRecord":143,"sourceFolder":"ถนนขึ้นทะเบียนทางหลวง","sourceFile":"ถนนเฉพาะขึ้นทะเบียน.shp","datasetId":"roads","geometryDisplayRepair":false,"villageIds":["v12"],"villageId":"v12","electionIds":["e01"],"electionId":"e01","insideMunicipality":true,"roadName":"ซอยสอง","surface":null,"lengthSource":null}},{"type":"Feature","id":"roads-000144","geometry":{"type":"LineString","coordinates":[[102.81543247594023,16.490384315273246],[102.81496127187499,16.489416720860483],[102.81483741351926,16.48901095909137],[102.8148051138269,16.488752948839146]]},"properties":{"id":"roads-000144","label":"ซอยราตรี","sourceRecord":144,"sourceFolder":"ถนนขึ้นทะเบียนทางหลวง","sourceFile":"ถนนเฉพาะขึ้นทะเบียน.shp","datasetId":"roads","geometryDisplayRepair":false,"villageIds":["v12"],"villageId":"v12","electionIds":["e01"],"electionId":"e01","insideMunicipality":true,"roadName":"ซอยราตรี","surface":null,"lengthSource":null}},{"type":"Feature","id":"roads-000145","geometry":{"type":"LineString","coordinates":[[102.81480510953254,16.488752914535734],[102.81550880675603,16.489002158464544]]},"properties":{"id":"roads-000145","label":"ซอยชวลิต","sourceRecord":145,"sourceFolder":"ถนนขึ้นทะเบียนทางหลวง","sourceFile":"ถนนเฉพาะขึ้นทะเบียน.shp","datasetId":"roads","geometryDisplayRepair":false,"villageIds":["v27","v12"],"villageId":null,"electionIds":["e01"],"electionId":"e01","insideMunicipality":true,"roadName":"ซอยชวลิต","surface":null,"lengthSource":null}},{"type":"Feature","id":"roads-000146","geometry":{"type":"LineString","coordinates":[[102.81414097383623,16.48855518202398],[102.81387362635422,16.48853348973093],[102.81371947082617,16.48851052812254],[102.8135383094401,16.488483444929553],[102.8131229237448,16.48838639551998],[102.81297084000053,16.488350791526944],[102.81280524162662,16.488308746824178],[102.8125909527025,16.488254311451424],[102.81186520195146,16.48806971217789],[102.81177158133536,16.488031914643603],[102.81166611568437,16.487989194492386],[102.8115581648004,16.487842994470142],[102.81153773932269,16.487674457288385],[102.81150771015545,16.487445280667874],[102.81147788342012,16.487216353730666],[102.81136788264234,16.486777825756906],[102.8112377184652,16.486440547827222],[102.81099128372085,16.485860544361238],[102.81087358851046,16.485583208825442],[102.81085046051425,16.485525988253283],[102.8107608532383,16.485303529683797],[102.8106218712005,16.48495789691187],[102.81047127051951,16.48451105461357]]},"properties":{"id":"roads-000146","label":"ซอยตลาด5แยก","sourceRecord":146,"sourceFolder":"ถนนขึ้นทะเบียนทางหลวง","sourceFile":"ถนนเฉพาะขึ้นทะเบียน.shp","datasetId":"roads","geometryDisplayRepair":false,"villageIds":["v12"],"villageId":"v12","electionIds":["e01"],"electionId":"e01","insideMunicipality":true,"roadName":"ซอยตลาด5แยก","surface":null,"lengthSource":null}},{"type":"Feature","id":"roads-000147","geometry":{"type":"LineString","coordinates":[[102.82185110378587,16.48769676646239],[102.82187078276245,16.48690854739873]]},"properties":{"id":"roads-000147","label":"ซอยพร้อมมิตร 3","sourceRecord":147,"sourceFolder":"ถนนขึ้นทะเบียนทางหลวง","sourceFile":"ถนนเฉพาะขึ้นทะเบียน.shp","datasetId":"roads","geometryDisplayRepair":false,"villageIds":["v27"],"villageId":"v27","electionIds":["e01"],"electionId":"e01","insideMunicipality":true,"roadName":"ซอยพร้อมมิตร 3","surface":null,"lengthSource":null}},{"type":"Feature","id":"roads-000148","geometry":{"type":"LineString","coordinates":[[102.82229210084056,16.487716312300254],[102.82231511607873,16.48717724994573]]},"properties":{"id":"roads-000148","label":"ซอยพร้อมมิตร 2","sourceRecord":148,"sourceFolder":"ถนนขึ้นทะเบียนทางหลวง","sourceFile":"ถนนเฉพาะขึ้นทะเบียน.shp","datasetId":"roads","geometryDisplayRepair":false,"villageIds":["v27"],"villageId":"v27","electionIds":["e01"],"electionId":"e01","insideMunicipality":true,"roadName":"ซอยพร้อมมิตร 2","surface":null,"lengthSource":null}},{"type":"Feature","id":"roads-000149","geometry":{"type":"LineString","coordinates":[[102.82130858243839,16.487730061814226],[102.82130101299697,16.488374535767516]]},"properties":{"id":"roads-000149","label":"ซอยพร้อมมิตร 4","sourceRecord":149,"sourceFolder":"ถนนขึ้นทะเบียนทางหลวง","sourceFile":"ถนนเฉพาะขึ้นทะเบียน.shp","datasetId":"roads","geometryDisplayRepair":false,"villageIds":["v27"],"villageId":"v27","electionIds":["e01"],"electionId":"e01","insideMunicipality":true,"roadName":"ซอยพร้อมมิตร 4","surface":null,"lengthSource":null}},{"type":"Feature","id":"roads-000150","geometry":{"type":"LineString","coordinates":[[102.82090817942675,16.4876893838589],[102.82073092126589,16.48689988049947]]},"properties":{"id":"roads-000150","label":"ซอยพร้อมมิตร 5","sourceRecord":150,"sourceFolder":"ถนนขึ้นทะเบียนทางหลวง","sourceFile":"ถนนเฉพาะขึ้นทะเบียน.shp","datasetId":"roads","geometryDisplayRepair":false,"villageIds":["v27"],"villageId":"v27","electionIds":["e01"],"electionId":"e01","insideMunicipality":true,"roadName":"ซอยพร้อมมิตร 5","surface":null,"lengthSource":null}},{"type":"Feature","id":"roads-000151","geometry":{"type":"LineString","coordinates":[[102.82079850176072,16.48768394434864],[102.8208446488234,16.48807271067047],[102.82078993624131,16.488330693065762]]},"properties":{"id":"roads-000151","label":"ซอยพร้อมมิตร 6","sourceRecord":151,"sourceFolder":"ถนนขึ้นทะเบียนทางหลวง","sourceFile":"ถนนเฉพาะขึ้นทะเบียน.shp","datasetId":"roads","geometryDisplayRepair":false,"villageIds":["v27"],"villageId":"v27","electionIds":["e01"],"electionId":"e01","insideMunicipality":true,"roadName":"ซอยพร้อมมิตร 6","surface":null,"lengthSource":null}},{"type":"Feature","id":"roads-000152","geometry":{"type":"LineString","coordinates":[[102.82035416531697,16.487696318680754],[102.82031610788924,16.488134453870035]]},"properties":{"id":"roads-000152","label":"ซอยพร้อมมิตร 7","sourceRecord":152,"sourceFolder":"ถนนขึ้นทะเบียนทางหลวง","sourceFile":"ถนนเฉพาะขึ้นทะเบียน.shp","datasetId":"roads","geometryDisplayRepair":false,"villageIds":["v27"],"villageId":"v27","electionIds":["e01"],"electionId":"e01","insideMunicipality":true,"roadName":"ซอยพร้อมมิตร 7","surface":null,"lengthSource":null}},{"type":"Feature","id":"roads-000153","geometry":{"type":"LineString","coordinates":[[102.8200699416522,16.487647644730533],[102.8198722135094,16.48649513122547]]},"properties":{"id":"roads-000153","label":"ซอยพร้อมมิตร 8","sourceRecord":153,"sourceFolder":"ถนนขึ้นทะเบียนทางหลวง","sourceFile":"ถนนเฉพาะขึ้นทะเบียน.shp","datasetId":"roads","geometryDisplayRepair":false,"villageIds":["v27"],"villageId":"v27","electionIds":["e01"],"electionId":"e01","insideMunicipality":true,"roadName":"ซอยพร้อมมิตร 8","surface":null,"lengthSource":null}},{"type":"Feature","id":"roads-000154","geometry":{"type":"LineString","coordinates":[[102.81900683545842,16.487804987410605],[102.81903898696932,16.486436372208065],[102.81860539429438,16.48627329659663],[102.81859908316484,16.486015579174754],[102.81905805301007,16.485985542434246]]},"properties":{"id":"roads-000154","label":"ซอยพร้อมมิตร 9","sourceRecord":154,"sourceFolder":"ถนนขึ้นทะเบียนทางหลวง","sourceFile":"ถนนเฉพาะขึ้นทะเบียน.shp","datasetId":"roads","geometryDisplayRepair":false,"villageIds":["v27"],"villageId":"v27","electionIds":["e01"],"electionId":"e01","insideMunicipality":true,"roadName":"ซอยพร้อมมิตร 9","surface":null,"lengthSource":null}},{"type":"Feature","id":"roads-000155","geometry":{"type":"LineString","coordinates":[[102.81070366309615,16.482611681169345],[102.81112846856495,16.48244346466196],[102.81167086362656,16.482290027034786],[102.81231841757821,16.482040393845818],[102.81256588431047,16.481990367076673],[102.8133066476416,16.481966053886055],[102.81361589269677,16.48195585944263],[102.81436148212079,16.481934773247694],[102.81472403248003,16.4819283871336]]},"properties":{"id":"roads-000155","label":"ซอยกัลปพฤกษ์","sourceRecord":155,"sourceFolder":"ถนนขึ้นทะเบียนทางหลวง","sourceFile":"ถนนเฉพาะขึ้นทะเบียน.shp","datasetId":"roads","geometryDisplayRepair":false,"villageIds":["v12"],"villageId":"v12","electionIds":["e01"],"electionId":"e01","insideMunicipality":true,"roadName":"ซอยกัลปพฤกษ์","surface":null,"lengthSource":null}},{"type":"Feature","id":"roads-000156","geometry":{"type":"LineString","coordinates":[[102.8133066476416,16.481966053886055],[102.8129423787566,16.48039811981842],[102.81289186429498,16.48005823632046]]},"properties":{"id":"roads-000156","label":"ซอยทองเมืองน้อย","sourceRecord":156,"sourceFolder":"ถนนขึ้นทะเบียนทางหลวง","sourceFile":"ถนนเฉพาะขึ้นทะเบียน.shp","datasetId":"roads","geometryDisplayRepair":false,"villageIds":["v12"],"villageId":"v12","electionIds":["e01"],"electionId":"e01","insideMunicipality":true,"roadName":"ซอยทองเมืองน้อย","surface":null,"lengthSource":null}},{"type":"Feature","id":"roads-000157","geometry":{"type":"LineString","coordinates":[[102.81436145526041,16.481934784404],[102.81431652964326,16.480968828422103],[102.81434804753806,16.480887032912044],[102.81435843720294,16.480860302520412],[102.81430366792286,16.47991318661577]]},"properties":{"id":"roads-000157","label":"ซอยเจรจา","sourceRecord":157,"sourceFolder":"ถนนขึ้นทะเบียนทางหลวง","sourceFile":"ถนนเฉพาะขึ้นทะเบียน.shp","datasetId":"roads","geometryDisplayRepair":false,"villageIds":["v12"],"villageId":"v12","electionIds":["e01"],"electionId":"e01","insideMunicipality":true,"roadName":"ซอยเจรจา","surface":null,"lengthSource":null}},{"type":"Feature","id":"roads-000158","geometry":{"type":"LineString","coordinates":[[102.814724005618,16.481928398290506],[102.81469039866288,16.481489884484944],[102.81503737269422,16.48142822866557],[102.81593442681854,16.48126875436782]]},"properties":{"id":"roads-000158","label":"ซอยเรืองฤทธิ์","sourceRecord":158,"sourceFolder":"ถนนขึ้นทะเบียนทางหลวง","sourceFile":"ถนนเฉพาะขึ้นทะเบียน.shp","datasetId":"roads","geometryDisplayRepair":false,"villageIds":["v27","v12"],"villageId":null,"electionIds":["e01"],"electionId":"e01","insideMunicipality":true,"roadName":"ซอยเรืองฤทธิ์","surface":null,"lengthSource":null}},{"type":"Feature","id":"roads-000159","geometry":{"type":"LineString","coordinates":[[102.80514346353404,16.478617324815154],[102.80256105551233,16.478915266514242]]},"properties":{"id":"roads-000159","label":"ซอยหลังศูนย์สถานพินิจ1","sourceRecord":159,"sourceFolder":"ถนนขึ้นทะเบียนทางหลวง","sourceFile":"ถนนเฉพาะขึ้นทะเบียน.shp","datasetId":"roads","geometryDisplayRepair":false,"villageIds":["v19"],"villageId":"v19","electionIds":["e01"],"electionId":"e01","insideMunicipality":true,"roadName":"ซอยหลังศูนย์สถานพินิจ1","surface":null,"lengthSource":null}},{"type":"Feature","id":"roads-000160","geometry":{"type":"LineString","coordinates":[[102.80507033752885,16.47785687649336],[102.80250652501039,16.47815330398857]]},"properties":{"id":"roads-000160","label":"ซอยหลังศูนย์สถานพินิจ2","sourceRecord":160,"sourceFolder":"ถนนขึ้นทะเบียนทางหลวง","sourceFile":"ถนนเฉพาะขึ้นทะเบียน.shp","datasetId":"roads","geometryDisplayRepair":false,"villageIds":["v19"],"villageId":"v19","electionIds":["e01"],"electionId":"e01","insideMunicipality":true,"roadName":"ซอยหลังศูนย์สถานพินิจ2","surface":null,"lengthSource":null}},{"type":"Feature","id":"roads-000161","geometry":{"type":"LineString","coordinates":[[102.80499585153198,16.47708200963006],[102.80245060472475,16.477371793166157]]},"properties":{"id":"roads-000161","label":"ซอยหลังศูนย์สถานพินิจ3","sourceRecord":161,"sourceFolder":"ถนนขึ้นทะเบียนทางหลวง","sourceFile":"ถนนเฉพาะขึ้นทะเบียน.shp","datasetId":"roads","geometryDisplayRepair":false,"villageIds":["v19"],"villageId":"v19","electionIds":["e01"],"electionId":"e01","insideMunicipality":true,"roadName":"ซอยหลังศูนย์สถานพินิจ3","surface":null,"lengthSource":null}},{"type":"Feature","id":"roads-000162","geometry":{"type":"LineString","coordinates":[[102.80184958216024,16.468958964038347],[102.80394028010029,16.468729408701055]]},"properties":{"id":"roads-000162","label":"ซอยหลังศูนย์สถานพินิจ14","sourceRecord":162,"sourceFolder":"ถนนขึ้นทะเบียนทางหลวง","sourceFile":"ถนนเฉพาะขึ้นทะเบียน.shp","datasetId":"roads","geometryDisplayRepair":false,"villageIds":["v19"],"villageId":"v19","electionIds":["e01"],"electionId":"e01","insideMunicipality":true,"roadName":"ซอยหลังศูนย์สถานพินิจ14","surface":null,"lengthSource":null}},{"type":"Feature","id":"roads-000163","geometry":{"type":"LineString","coordinates":[[102.80037061995195,16.47201735301342],[102.80043545809511,16.46906180444351],[102.80038128149934,16.46196770608799],[102.79892722646854,16.46221377949639]]},"properties":{"id":"roads-000163","label":"ถนนสีหราช เดโชไชย","sourceRecord":163,"sourceFolder":"ถนนขึ้นทะเบียนทางหลวง","sourceFile":"ถนนเฉพาะขึ้นทะเบียน.shp","datasetId":"roads","geometryDisplayRepair":false,"villageIds":["v23"],"villageId":"v23","electionIds":["e01"],"electionId":"e01","insideMunicipality":true,"roadName":"ถนนสีหราช เดโชไชย","surface":null,"lengthSource":null}},{"type":"Feature","id":"roads-000164","geometry":{"type":"LineString","coordinates":[[102.80533749518501,16.479395509477264],[102.80521969396709,16.479409488924244],[102.80515278124042,16.47941739193673],[102.8048280650828,16.479455793644025],[102.80431379767766,16.47951660086929],[102.80040179938807,16.47997918072733],[102.80023533763669,16.47999884708424]]},"properties":{"id":"roads-000164","label":"ถนนโคลัมโบ","sourceRecord":164,"sourceFolder":"ถนนขึ้นทะเบียนทางหลวง","sourceFile":"ถนนเฉพาะขึ้นทะเบียน.shp","datasetId":"roads","geometryDisplayRepair":false,"villageIds":["v19","v23"],"villageId":null,"electionIds":["e01"],"electionId":"e01","insideMunicipality":true,"roadName":"ถนนโคลัมโบ","surface":"คอนกรีต","lengthSource":null}},{"type":"Feature","id":"roads-000165","geometry":{"type":"LineString","coordinates":[[102.795356705718,16.466948068277183],[102.79624333583236,16.46700425658873]]},"properties":{"id":"roads-000165","label":"ซอยลิขิตสบาย16","sourceRecord":165,"sourceFolder":"ถนนขึ้นทะเบียนทางหลวง","sourceFile":"ถนนเฉพาะขึ้นทะเบียน.shp","datasetId":"roads","geometryDisplayRepair":false,"villageIds":["v23"],"villageId":"v23","electionIds":["e01"],"electionId":"e01","insideMunicipality":true,"roadName":"ซอยลิขิตสบาย16","surface":null,"lengthSource":null}},{"type":"Feature","id":"roads-000166","geometry":{"type":"LineString","coordinates":[[102.79534648548493,16.467449359041293],[102.79713119049357,16.467570621242196]]},"properties":{"id":"roads-000166","label":"ซอยลิขิตสบาย17","sourceRecord":166,"sourceFolder":"ถนนขึ้นทะเบียนทางหลวง","sourceFile":"ถนนเฉพาะขึ้นทะเบียน.shp","datasetId":"roads","geometryDisplayRepair":false,"villageIds":["v23"],"villageId":"v23","electionIds":["e01"],"electionId":"e01","insideMunicipality":true,"roadName":"ซอยลิขิตสบาย17","surface":null,"lengthSource":null}},{"type":"Feature","id":"roads-000167","geometry":{"type":"LineString","coordinates":[[102.79533638432466,16.467944798773814],[102.79710695158786,16.468055925427134]]},"properties":{"id":"roads-000167","label":"ซอยลิขิตสบาย18","sourceRecord":167,"sourceFolder":"ถนนขึ้นทะเบียนทางหลวง","sourceFile":"ถนนเฉพาะขึ้นทะเบียน.shp","datasetId":"roads","geometryDisplayRepair":false,"villageIds":["v23"],"villageId":"v23","electionIds":["e01"],"electionId":"e01","insideMunicipality":true,"roadName":"ซอยลิขิตสบาย18","surface":null,"lengthSource":null}},{"type":"Feature","id":"roads-000168","geometry":{"type":"LineString","coordinates":[[102.7953255957285,16.46847394403702],[102.79708005233935,16.468594659492016]]},"properties":{"id":"roads-000168","label":"ซอยลิขิตสบาย19","sourceRecord":168,"sourceFolder":"ถนนขึ้นทะเบียนทางหลวง","sourceFile":"ถนนเฉพาะขึ้นทะเบียน.shp","datasetId":"roads","geometryDisplayRepair":false,"villageIds":["v23"],"villageId":"v23","electionIds":["e01"],"electionId":"e01","insideMunicipality":true,"roadName":"ซอยลิขิตสบาย19","surface":null,"lengthSource":null}},{"type":"Feature","id":"roads-000169","geometry":{"type":"LineString","coordinates":[[102.79531548307699,16.46896992547007],[102.79705537208663,16.46908913568837]]},"properties":{"id":"roads-000169","label":"ซอยลิขิตสบาย20","sourceRecord":169,"sourceFolder":"ถนนขึ้นทะเบียนทางหลวง","sourceFile":"ถนนเฉพาะขึ้นทะเบียน.shp","datasetId":"roads","geometryDisplayRepair":false,"villageIds":["v23"],"villageId":"v23","electionIds":["e01"],"electionId":"e01","insideMunicipality":true,"roadName":"ซอยลิขิตสบาย20","surface":null,"lengthSource":null}},{"type":"Feature","id":"roads-000170","geometry":{"type":"LineString","coordinates":[[102.7962608593998,16.466542133449725],[102.79736967596558,16.466625419505256]]},"properties":{"id":"roads-000170","label":"ซอยลิขิตสบาย15","sourceRecord":170,"sourceFolder":"ถนนขึ้นทะเบียนทางหลวง","sourceFile":"ถนนเฉพาะขึ้นทะเบียน.shp","datasetId":"roads","geometryDisplayRepair":false,"villageIds":["v23"],"villageId":"v23","electionIds":["e01"],"electionId":"e01","insideMunicipality":true,"roadName":"ซอยลิขิตสบาย15","surface":null,"lengthSource":null}},{"type":"Feature","id":"roads-000171","geometry":{"type":"LineString","coordinates":[[102.79625839637502,16.466119501683632],[102.79738926492688,16.466190927173294]]},"properties":{"id":"roads-000171","label":"ซอยลิขิตสบาย13","sourceRecord":171,"sourceFolder":"ถนนขึ้นทะเบียนทางหลวง","sourceFile":"ถนนเฉพาะขึ้นทะเบียน.shp","datasetId":"roads","geometryDisplayRepair":false,"villageIds":["v23"],"villageId":"v23","electionIds":["e01"],"electionId":"e01","insideMunicipality":true,"roadName":"ซอยลิขิตสบาย13","surface":null,"lengthSource":null}},{"type":"Feature","id":"roads-000172","geometry":{"type":"LineString","coordinates":[[102.7962547446652,16.465705852664268],[102.79738763876027,16.465785208232475]]},"properties":{"id":"roads-000172","label":"ซอยลิขิตสบาย11","sourceRecord":172,"sourceFolder":"ถนนขึ้นทะเบียนทางหลวง","sourceFile":"ถนนเฉพาะขึ้นทะเบียน.shp","datasetId":"roads","geometryDisplayRepair":false,"villageIds":["v23"],"villageId":"v23","electionIds":["e01"],"electionId":"e01","insideMunicipality":true,"roadName":"ซอยลิขิตสบาย11","surface":null,"lengthSource":null}},{"type":"Feature","id":"roads-000173","geometry":{"type":"LineString","coordinates":[[102.79625084994913,16.465261501421224],[102.79738368890797,16.465350186489484]]},"properties":{"id":"roads-000173","label":"ซอยลิขิตสบาย9","sourceRecord":173,"sourceFolder":"ถนนขึ้นทะเบียนทางหลวง","sourceFile":"ถนนเฉพาะขึ้นทะเบียน.shp","datasetId":"roads","geometryDisplayRepair":false,"villageIds":["v23"],"villageId":"v23","electionIds":["e01"],"electionId":"e01","insideMunicipality":true,"roadName":"ซอยลิขิตสบาย9","surface":null,"lengthSource":null}},{"type":"Feature","id":"roads-000174","geometry":{"type":"LineString","coordinates":[[102.79463526369513,16.483645729712315],[102.7962220556984,16.484394706637563],[102.79668669084597,16.484564465105066],[102.79708305360768,16.48470298596808],[102.7973462915508,16.484762909691394],[102.79796805441612,16.484780498036386],[102.79836246534249,16.484864746751462],[102.79880251586945,16.484961496502223],[102.7988504556479,16.484961124173882],[102.79917268610687,16.484958368746714],[102.79946238687725,16.484955862175383],[102.80002612837495,16.48492331371053],[102.80026405187729,16.484930688682766],[102.80100656392523,16.485075255977126],[102.80103257925603,16.485080270363742],[102.80216262472189,16.485343727303878],[102.80226196112531,16.485440686833023],[102.80238403924223,16.485735486253343],[102.8026298628495,16.485848553810577],[102.80269567057367,16.485878733080874],[102.80278155988617,16.485918123779044],[102.80329235852973,16.486166082405266],[102.80450003789078,16.486904456685785],[102.80552236220004,16.48740938180089],[102.8059904647007,16.4879484315865],[102.80674274996986,16.48840596602727],[102.80691142296503,16.488508450305645],[102.80740267293132,16.488687559540992],[102.8082515844167,16.488754094547488],[102.80859860294257,16.488744334110272],[102.80943365495114,16.488873104664815],[102.8099127457274,16.48889893191342],[102.81029167711537,16.48897529805703],[102.810719932796,16.48906149793316],[102.81118067069097,16.489152162063142],[102.8112233909616,16.489223354162473]]},"properties":{"id":"roads-000174","label":"ถนนชมป่าเป้ง","sourceRecord":174,"sourceFolder":"ถนนขึ้นทะเบียนทางหลวง","sourceFile":"ถนนเฉพาะขึ้นทะเบียน.shp","datasetId":"roads","geometryDisplayRepair":false,"villageIds":["v19","v23","v12"],"villageId":null,"electionIds":["e01"],"electionId":"e01","insideMunicipality":true,"roadName":"ถนนชมป่าเป้ง","surface":"ลูกรัง","lengthSource":null}},{"type":"Feature","id":"roads-000175","geometry":{"type":"LineString","coordinates":[[102.79463523692714,16.483645740834042],[102.79360015578085,16.484881817103158],[102.7927827039035,16.485858099863478],[102.7920201239509,16.48646530762259],[102.79004133743831,16.487382162281296],[102.78637440095056,16.488885229981165]]},"properties":{"id":"roads-000175","label":"ถนนนาย่ารีสอร์ท สายเลี่ยงเมือง-โนนม่วง","sourceRecord":175,"sourceFolder":"ถนนขึ้นทะเบียนทางหลวง","sourceFile":"ถนนเฉพาะขึ้นทะเบียน.shp","datasetId":"roads","geometryDisplayRepair":false,"villageIds":["v23","v12"],"villageId":null,"electionIds":["e01"],"electionId":"e01","insideMunicipality":true,"roadName":"ถนนนาย่ารีสอร์ท สายเลี่ยงเมือง-โนนม่วง","surface":null,"lengthSource":null}},{"type":"Feature","id":"roads-000176","geometry":{"type":"LineString","coordinates":[[102.79360015578085,16.484881817103158],[102.79397003793375,16.485777285624142],[102.79401752930087,16.48606512172998],[102.79406495136901,16.48630761809311],[102.7943203031214,16.487320370056548],[102.79445185932434,16.488090593577056],[102.7945808939977,16.489273641513133],[102.79462802670022,16.49075747492693],[102.795278213851,16.491548374907325],[102.79587974604574,16.491844070462847],[102.79615272157807,16.491848864903044],[102.79844924418462,16.491382359985707],[102.79922420663371,16.491195176914125],[102.79947647517116,16.491134225197843],[102.80066588280764,16.490264220660514],[102.80079007524608,16.490230112564415],[102.8010252992223,16.490262627063064],[102.80163471678934,16.490628010081863],[102.80196832525478,16.490893589708346],[102.80235663599282,16.490989620302166],[102.80300861398833,16.491002699683122],[102.8040943905608,16.491063100720687],[102.80541946502353,16.491088821028626],[102.80584696346695,16.491086724420697]]},"properties":{"id":"roads-000176","label":"ถนนสมใจพัฒนา","sourceRecord":176,"sourceFolder":"ถนนขึ้นทะเบียนทางหลวง","sourceFile":"ถนนเฉพาะขึ้นทะเบียน.shp","datasetId":"roads","geometryDisplayRepair":false,"villageIds":["v23","v12"],"villageId":null,"electionIds":["e01"],"electionId":"e01","insideMunicipality":true,"roadName":"ถนนสมใจพัฒนา","surface":null,"lengthSource":null}},{"type":"Feature","id":"roads-000177","geometry":{"type":"LineString","coordinates":[[102.80044006743965,16.48109850609493],[102.80090903471499,16.481047519326733],[102.80157584516388,16.480974961168542],[102.80219944565874,16.480867699614297],[102.80243093924523,16.480836268933192],[102.802857361076,16.480778307554303]]},"properties":{"id":"roads-000177","label":"ซอยหลังวัดแก้วมอดี","sourceRecord":177,"sourceFolder":"ถนนขึ้นทะเบียนทางหลวง","sourceFile":"ถนนเฉพาะขึ้นทะเบียน.shp","datasetId":"roads","geometryDisplayRepair":false,"villageIds":["v19"],"villageId":"v19","electionIds":["e01"],"electionId":"e01","insideMunicipality":true,"roadName":"ซอยหลังวัดแก้วมอดี","surface":null,"lengthSource":null}},{"type":"Feature","id":"roads-000178","geometry":{"type":"LineString","coordinates":[[102.8026471472038,16.47980190205311],[102.8028573342663,16.480778318693137],[102.80286841450915,16.48081819807609],[102.80310651642235,16.481667948762254],[102.80318715112625,16.482017955056076],[102.80330495903695,16.483325403149635]]},"properties":{"id":"roads-000178","label":"ถนนข้างวัดแก้วมอดี","sourceRecord":178,"sourceFolder":"ถนนขึ้นทะเบียนทางหลวง","sourceFile":"ถนนเฉพาะขึ้นทะเบียน.shp","datasetId":"roads","geometryDisplayRepair":false,"villageIds":["v19"],"villageId":"v19","electionIds":["e01"],"electionId":"e01","insideMunicipality":true,"roadName":"ถนนข้างวัดแก้วมอดี","surface":null,"lengthSource":null}},{"type":"Feature","id":"roads-000179","geometry":{"type":"LineString","coordinates":[[102.8048280650828,16.479455793644025],[102.80495238359931,16.480928402361553]]},"properties":{"id":"roads-000179","label":"ซอยหมู่บ้านสวนมอ","sourceRecord":179,"sourceFolder":"ถนนขึ้นทะเบียนทางหลวง","sourceFile":"ถนนเฉพาะขึ้นทะเบียน.shp","datasetId":"roads","geometryDisplayRepair":false,"villageIds":["v19"],"villageId":"v19","electionIds":["e01"],"electionId":"e01","insideMunicipality":false,"roadName":"ซอยหมู่บ้านสวนมอ","surface":null,"lengthSource":null}},{"type":"Feature","id":"roads-000180","geometry":{"type":"LineString","coordinates":[[102.80439897206615,16.480976052965627],[102.80495238359931,16.480928402361553],[102.80534233387786,16.48089478026402],[102.80558314047359,16.48087402245755],[102.80698649293163,16.480672878980968],[102.808588216452,16.480513753819096],[102.80936436054284,16.48043404577532],[102.80976763061287,16.480392617021554],[102.81156236952658,16.480178397818474],[102.8128918374385,16.480058247476702],[102.8152871395085,16.47979659508998],[102.81599156514031,16.479789880120972],[102.81754685995031,16.479815499401607],[102.81811534675012,16.47979841946614]]},"properties":{"id":"roads-000180","label":"ถนนหลังมหาวิทยาลัยขอยแก่น","sourceRecord":180,"sourceFolder":"ถนนขึ้นทะเบียนทางหลวง","sourceFile":"ถนนเฉพาะขึ้นทะเบียน.shp","datasetId":"roads","geometryDisplayRepair":false,"villageIds":["v19","v12"],"villageId":null,"electionIds":["e01"],"electionId":"e01","insideMunicipality":false,"roadName":"ถนนหลังมหาวิทยาลัยขอยแก่น","surface":null,"lengthSource":null}},{"type":"Feature","id":"roads-000181","geometry":{"type":"LineString","coordinates":[[102.80521969396709,16.479409488924244],[102.80514346353404,16.478617324815154],[102.80507033752885,16.47785687649336],[102.80499585153198,16.47708200963006],[102.80498981674931,16.477018916755487],[102.80496541923954,16.476774680870108],[102.8049198525763,16.4763161124639],[102.80489700741654,16.476085987639934],[102.80482053391158,16.47555424859989],[102.80471096743405,16.474791752211225],[102.8046556125705,16.474405630647542],[102.80461625502831,16.474070782917515],[102.80456848075038,16.47366273302532],[102.80448723671543,16.47330450049167],[102.8044744831143,16.47324796315593],[102.8044247336109,16.472520237863687],[102.80441659283215,16.472399745008147],[102.80431330289707,16.471745388581226],[102.80420066252562,16.471031160631018],[102.8041896636015,16.470960917870563],[102.80410655925692,16.470263453162318],[102.80406285762011,16.469895597292812],[102.80402191688027,16.46950762948681],[102.80396761487036,16.468991188996757],[102.80298366463639,16.46142633077323],[102.80204612710268,16.461685946600692],[102.80038128149934,16.46196770608799]]},"properties":{"id":"roads-000181","label":"ถนนใต้สายไฟฟ้าแรงสูง","sourceRecord":181,"sourceFolder":"ถนนขึ้นทะเบียนทางหลวง","sourceFile":"ถนนเฉพาะขึ้นทะเบียน.shp","datasetId":"roads","geometryDisplayRepair":false,"villageIds":["v19"],"villageId":"v19","electionIds":["e01"],"electionId":"e01","insideMunicipality":false,"roadName":"ถนนใต้สายไฟฟ้าแรงสูง","surface":null,"lengthSource":null}},{"type":"Feature","id":"roads-000182","geometry":{"type":"LineString","coordinates":[[102.8049198525763,16.4763161124639],[102.80239712096926,16.47662428088317]]},"properties":{"id":"roads-000182","label":"ซอยหลังศูนย์สถานพินิจ4","sourceRecord":182,"sourceFolder":"ถนนขึ้นทะเบียนทางหลวง","sourceFile":"ถนนเฉพาะขึ้นทะเบียน.shp","datasetId":"roads","geometryDisplayRepair":false,"villageIds":["v19"],"villageId":"v19","electionIds":["e01"],"electionId":"e01","insideMunicipality":true,"roadName":"ซอยหลังศูนย์สถานพินิจ4","surface":null,"lengthSource":null}},{"type":"Feature","id":"roads-000183","geometry":{"type":"LineString","coordinates":[[102.80482053391158,16.47555424859989],[102.80288002755617,16.4757916429722],[102.80234250368562,16.475860785296238]]},"properties":{"id":"roads-000183","label":"ซอยหลังศูนย์สถานพินิจ5","sourceRecord":183,"sourceFolder":"ถนนขึ้นทะเบียนทางหลวง","sourceFile":"ถนนเฉพาะขึ้นทะเบียน.shp","datasetId":"roads","geometryDisplayRepair":false,"villageIds":["v19"],"villageId":"v19","electionIds":["e01"],"electionId":"e01","insideMunicipality":true,"roadName":"ซอยหลังศูนย์สถานพินิจ5","surface":null,"lengthSource":null}},{"type":"Feature","id":"roads-000184","geometry":{"type":"LineString","coordinates":[[102.80471096743405,16.474791752211225],[102.80271249220041,16.475042213645583],[102.8022880639376,16.47509964679851]]},"properties":{"id":"roads-000184","label":"ซอยหลังศูนย์สถานพินิจ6","sourceRecord":184,"sourceFolder":"ถนนขึ้นทะเบียนทางหลวง","sourceFile":"ถนนเฉพาะขึ้นทะเบียน.shp","datasetId":"roads","geometryDisplayRepair":false,"villageIds":["v19"],"villageId":"v19","electionIds":["e01"],"electionId":"e01","insideMunicipality":true,"roadName":"ซอยหลังศูนย์สถานพินิจ6","surface":null,"lengthSource":null}},{"type":"Feature","id":"roads-000185","geometry":{"type":"LineString","coordinates":[[102.80461625502831,16.474070782917515],[102.80223338802091,16.474335056336482]]},"properties":{"id":"roads-000185","label":"ซอยหลังศูนย์สถานพินิจ7","sourceRecord":185,"sourceFolder":"ถนนขึ้นทะเบียนทางหลวง","sourceFile":"ถนนเฉพาะขึ้นทะเบียน.shp","datasetId":"roads","geometryDisplayRepair":false,"villageIds":["v19"],"villageId":"v19","electionIds":["e01"],"electionId":"e01","insideMunicipality":true,"roadName":"ซอยหลังศูนย์สถานพินิจ7","surface":null,"lengthSource":null}},{"type":"Feature","id":"roads-000186","geometry":{"type":"LineString","coordinates":[[102.80448723671543,16.47330450049167],[102.80217775361147,16.47355687341864]]},"properties":{"id":"roads-000186","label":"ซอยหลังศูนย์สถานพินิจ8","sourceRecord":186,"sourceFolder":"ถนนขึ้นทะเบียนทางหลวง","sourceFile":"ถนนเฉพาะขึ้นทะเบียน.shp","datasetId":"roads","geometryDisplayRepair":false,"villageIds":["v19"],"villageId":"v19","electionIds":["e01"],"electionId":"e01","insideMunicipality":true,"roadName":"ซอยหลังศูนย์สถานพินิจ8","surface":null,"lengthSource":null}},{"type":"Feature","id":"roads-000187","geometry":{"type":"LineString","coordinates":[[102.8044247336109,16.472520237863687],[102.80212367143305,16.472800243091697]]},"properties":{"id":"roads-000187","label":"ซอยหลังศูนย์สถานพินิจ9","sourceRecord":187,"sourceFolder":"ถนนขึ้นทะเบียนทางหลวง","sourceFile":"ถนนเฉพาะขึ้นทะเบียน.shp","datasetId":"roads","geometryDisplayRepair":false,"villageIds":["v19"],"villageId":"v19","electionIds":["e01"],"electionId":"e01","insideMunicipality":true,"roadName":"ซอยหลังศูนย์สถานพินิจ9","surface":null,"lengthSource":null}},{"type":"Feature","id":"roads-000188","geometry":{"type":"LineString","coordinates":[[102.80431330289707,16.471745388581223],[102.80206791174278,16.472019871335963]]},"properties":{"id":"roads-000188","label":"ซอยหลังศูนย์สถานพินิจ10","sourceRecord":188,"sourceFolder":"ถนนขึ้นทะเบียนทางหลวง","sourceFile":"ถนนเฉพาะขึ้นทะเบียน.shp","datasetId":"roads","geometryDisplayRepair":false,"villageIds":["v19"],"villageId":"v19","electionIds":["e01"],"electionId":"e01","insideMunicipality":true,"roadName":"ซอยหลังศูนย์สถานพินิจ10","surface":null,"lengthSource":null}},{"type":"Feature","id":"roads-000189","geometry":{"type":"LineString","coordinates":[[102.80420066252562,16.471031160631018],[102.80201298226103,16.471250843554277]]},"properties":{"id":"roads-000189","label":"ซอยหลังศูนย์สถานพินิจ11","sourceRecord":189,"sourceFolder":"ถนนขึ้นทะเบียนทางหลวง","sourceFile":"ถนนเฉพาะขึ้นทะเบียน.shp","datasetId":"roads","geometryDisplayRepair":false,"villageIds":["v19"],"villageId":"v19","electionIds":["e01"],"electionId":"e01","insideMunicipality":true,"roadName":"ซอยหลังศูนย์สถานพินิจ11","surface":null,"lengthSource":null}},{"type":"Feature","id":"roads-000190","geometry":{"type":"LineString","coordinates":[[102.80410655925692,16.470263453162318],[102.80195968069728,16.470504262552737]]},"properties":{"id":"roads-000190","label":"ซอยหลังศูนย์สถานพินิจ12","sourceRecord":190,"sourceFolder":"ถนนขึ้นทะเบียนทางหลวง","sourceFile":"ถนนเฉพาะขึ้นทะเบียน.shp","datasetId":"roads","geometryDisplayRepair":false,"villageIds":["v19"],"villageId":"v19","electionIds":["e01"],"electionId":"e01","insideMunicipality":true,"roadName":"ซอยหลังศูนย์สถานพินิจ12","surface":null,"lengthSource":null}},{"type":"Feature","id":"roads-000191","geometry":{"type":"LineString","coordinates":[[102.80402191688027,16.46950762948681],[102.80190338484987,16.46971508198328]]},"properties":{"id":"roads-000191","label":"ซอยหลังศูนย์สถานพินิจ13","sourceRecord":191,"sourceFolder":"ถนนขึ้นทะเบียนทางหลวง","sourceFile":"ถนนเฉพาะขึ้นทะเบียน.shp","datasetId":"roads","geometryDisplayRepair":false,"villageIds":["v19"],"villageId":"v19","electionIds":["e01"],"electionId":"e01","insideMunicipality":true,"roadName":"ซอยหลังศูนย์สถานพินิจ13","surface":null,"lengthSource":null}},{"type":"Feature","id":"roads-000192","geometry":{"type":"LineString","coordinates":[[102.80132180986708,16.482960566940243],[102.80206616211339,16.483097560559155],[102.80258249546868,16.483192581695167],[102.80330493222903,16.48332541428601],[102.80362984362418,16.483409214929242],[102.80403993125829,16.483514860822247],[102.80497784615869,16.483844636860983],[102.80568203326598,16.483963861636916],[102.80673088799588,16.484141395083146],[102.80829817883574,16.484406553622502]]},"properties":{"id":"roads-000192","label":"ซอยเกษมพัฒนา","sourceRecord":192,"sourceFolder":"ถนนขึ้นทะเบียนทางหลวง","sourceFile":"ถนนเฉพาะขึ้นทะเบียน.shp","datasetId":"roads","geometryDisplayRepair":false,"villageIds":["v19","v12"],"villageId":null,"electionIds":["e01"],"electionId":"e01","insideMunicipality":true,"roadName":"ซอยเกษมพัฒนา","surface":null,"lengthSource":null}},{"type":"Feature","id":"roads-000193","geometry":{"type":"LineString","coordinates":[[102.80269567057367,16.485878733080874],[102.80323578751903,16.48479743112971],[102.80362984362418,16.483409214929242]]},"properties":{"id":"roads-000193","label":"ซอยโรงสี","sourceRecord":193,"sourceFolder":"ถนนขึ้นทะเบียนทางหลวง","sourceFile":"ถนนเฉพาะขึ้นทะเบียน.shp","datasetId":"roads","geometryDisplayRepair":false,"villageIds":["v19","v12"],"villageId":null,"electionIds":["e01"],"electionId":"e01","insideMunicipality":true,"roadName":"ซอยโรงสี","surface":null,"lengthSource":null}},{"type":"Feature","id":"roads-000194","geometry":{"type":"LineString","coordinates":[[102.81139557759727,16.48860546556121],[102.81212973944662,16.489129660818552],[102.81289882942802,16.489860267552782]]},"properties":{"id":"roads-000194","label":"ซอยวิถีรุ่งเรือง","sourceRecord":194,"sourceFolder":"ถนนขึ้นทะเบียนทางหลวง","sourceFile":"ถนนเฉพาะขึ้นทะเบียน.shp","datasetId":"roads","geometryDisplayRepair":false,"villageIds":["v12"],"villageId":"v12","electionIds":["e01"],"electionId":"e01","insideMunicipality":true,"roadName":"ซอยวิถีรุ่งเรือง","surface":null,"lengthSource":null}},{"type":"Feature","id":"roads-000195","geometry":{"type":"LineString","coordinates":[[102.81503964800906,16.484135219443726],[102.815073678957,16.484132023417594],[102.81634245945993,16.484011872406835]]},"properties":{"id":"roads-000195","label":"ซอยเฟอรี่","sourceRecord":195,"sourceFolder":"ถนนขึ้นทะเบียนทางหลวง","sourceFile":"ถนนเฉพาะขึ้นทะเบียน.shp","datasetId":"roads","geometryDisplayRepair":false,"villageIds":["v12"],"villageId":"v12","electionIds":["e01"],"electionId":"e01","insideMunicipality":true,"roadName":"ซอยเฟอรี่","surface":null,"lengthSource":null}},{"type":"Feature","id":"roads-000196","geometry":{"type":"LineString","coordinates":[[102.81347139045612,16.485189752613522],[102.81339552573901,16.48473195083077],[102.81332234547311,16.484289325135293],[102.81324824357317,16.48403632058015],[102.81305124748438,16.483644242549467],[102.81302623196119,16.483594235979485],[102.81289578330782,16.483334168968405],[102.8128072023009,16.48315745934443]]},"properties":{"id":"roads-000196","label":"ซอยอิงมอ2","sourceRecord":196,"sourceFolder":"ถนนขึ้นทะเบียนทางหลวง","sourceFile":"ถนนเฉพาะขึ้นทะเบียน.shp","datasetId":"roads","geometryDisplayRepair":false,"villageIds":["v12"],"villageId":"v12","electionIds":["e01"],"electionId":"e01","insideMunicipality":true,"roadName":"ซอยอิงมอ2","surface":null,"lengthSource":null}},{"type":"Feature","id":"roads-000197","geometry":{"type":"LineString","coordinates":[[102.81339552573901,16.48473195083077],[102.81425886519472,16.48464523141555],[102.81511213894763,16.484572610760107]]},"properties":{"id":"roads-000197","label":"ซอยอิงมอ4","sourceRecord":197,"sourceFolder":"ถนนขึ้นทะเบียนทางหลวง","sourceFile":"ถนนเฉพาะขึ้นทะเบียน.shp","datasetId":"roads","geometryDisplayRepair":false,"villageIds":["v12"],"villageId":"v12","electionIds":["e01"],"electionId":"e01","insideMunicipality":true,"roadName":"ซอยอิงมอ4","surface":null,"lengthSource":null}},{"type":"Feature","id":"roads-000198","geometry":{"type":"LineString","coordinates":[[102.81347136360463,16.485189763764257],[102.81433490235074,16.48509987248023],[102.81515164893696,16.48502393502574],[102.81515164893696,16.48502393502574]]},"properties":{"id":"roads-000198","label":"ซอยอิงมอ5","sourceRecord":198,"sourceFolder":"ถนนขึ้นทะเบียนทางหลวง","sourceFile":"ถนนเฉพาะขึ้นทะเบียน.shp","datasetId":"roads","geometryDisplayRepair":false,"villageIds":["v12"],"villageId":"v12","electionIds":["e01"],"electionId":"e01","insideMunicipality":true,"roadName":"ซอยอิงมอ5","surface":null,"lengthSource":null}},{"type":"Feature","id":"roads-000199","geometry":{"type":"LineString","coordinates":[[102.81515164893696,16.48502393502574],[102.81511213894763,16.484572610760107],[102.815073678957,16.484132023417594]]},"properties":{"id":"roads-000199","label":"ซอยหมอหญิง","sourceRecord":199,"sourceFolder":"ถนนขึ้นทะเบียนทางหลวง","sourceFile":"ถนนเฉพาะขึ้นทะเบียน.shp","datasetId":"roads","geometryDisplayRepair":false,"villageIds":["v12"],"villageId":"v12","electionIds":["e01"],"electionId":"e01","insideMunicipality":true,"roadName":"ซอยหมอหญิง","surface":null,"lengthSource":null}},{"type":"Feature","id":"roads-000200","geometry":{"type":"LineString","coordinates":[[102.81429152298745,16.488397010900893],[102.81404780703741,16.48672162990722],[102.81398989255925,16.486322777951152]]},"properties":{"id":"roads-000200","label":"ซอยทรัพย์ไพศาล","sourceRecord":200,"sourceFolder":"ถนนขึ้นทะเบียนทางหลวง","sourceFile":"ถนนเฉพาะขึ้นทะเบียน.shp","datasetId":"roads","geometryDisplayRepair":false,"villageIds":["v12"],"villageId":"v12","electionIds":["e01"],"electionId":"e01","insideMunicipality":true,"roadName":"ซอยทรัพย์ไพศาล","surface":"คอนกรีต","lengthSource":null}},{"type":"Feature","id":"roads-000201","geometry":{"type":"LineString","coordinates":[[102.81371947082617,16.48851052812254],[102.81354030902311,16.4872311703825]]},"properties":{"id":"roads-000201","label":"ซอยแสนอาจ","sourceRecord":201,"sourceFolder":"ถนนขึ้นทะเบียนทางหลวง","sourceFile":"ถนนเฉพาะขึ้นทะเบียน.shp","datasetId":"roads","geometryDisplayRepair":false,"villageIds":["v12"],"villageId":"v12","electionIds":["e01"],"electionId":"e01","insideMunicipality":true,"roadName":"ซอยแสนอาจ","surface":null,"lengthSource":null}},{"type":"Feature","id":"roads-000202","geometry":{"type":"LineString","coordinates":[[102.8131229237448,16.48838639551998],[102.8129784740134,16.487435926928725]]},"properties":{"id":"roads-000202","label":"ซอยเทวันต์","sourceRecord":202,"sourceFolder":"ถนนขึ้นทะเบียนทางหลวง","sourceFile":"ถนนเฉพาะขึ้นทะเบียน.shp","datasetId":"roads","geometryDisplayRepair":false,"villageIds":["v12"],"villageId":"v12","electionIds":["e01"],"electionId":"e01","insideMunicipality":true,"roadName":"ซอยเทวันต์","surface":null,"lengthSource":null}},{"type":"Feature","id":"roads-000203","geometry":{"type":"LineString","coordinates":[[102.81464617378015,16.488020361136424],[102.81456250563915,16.487674849187215],[102.814530309374,16.487239641447445],[102.81445163881202,16.486603811794694]]},"properties":{"id":"roads-000203","label":"ซอยโสภา","sourceRecord":203,"sourceFolder":"ถนนขึ้นทะเบียนทางหลวง","sourceFile":"ถนนเฉพาะขึ้นทะเบียน.shp","datasetId":"roads","geometryDisplayRepair":false,"villageIds":["v12"],"villageId":"v12","electionIds":["e01"],"electionId":"e01","insideMunicipality":true,"roadName":"ซอยโสภา","surface":null,"lengthSource":null}},{"type":"Feature","id":"roads-000204","geometry":{"type":"LineString","coordinates":[[102.81489233845386,16.487758481656954],[102.81484324414447,16.48757021486729],[102.81492615141897,16.486868030477186],[102.81518360266857,16.48549316600411],[102.81518280251218,16.485468284930747],[102.81486965388959,16.485505029328266]]},"properties":{"id":"roads-000204","label":"ซอยณพิลา","sourceRecord":204,"sourceFolder":"ถนนขึ้นทะเบียนทางหลวง","sourceFile":"ถนนเฉพาะขึ้นทะเบียน.shp","datasetId":"roads","geometryDisplayRepair":false,"villageIds":["v12"],"villageId":"v12","electionIds":["e01"],"electionId":"e01","insideMunicipality":true,"roadName":"ซอยณพิลา","surface":null,"lengthSource":null}},{"type":"Feature","id":"roads-000205","geometry":{"type":"LineString","coordinates":[[102.81639770730116,16.485747120011094],[102.81542335822509,16.485671569267875],[102.81547128102432,16.48534208993233],[102.81551918537276,16.48501377497231]]},"properties":{"id":"roads-000205","label":"ซอยแคแสด1","sourceRecord":205,"sourceFolder":"ถนนขึ้นทะเบียนทางหลวง","sourceFile":"ถนนเฉพาะขึ้นทะเบียน.shp","datasetId":"roads","geometryDisplayRepair":false,"villageIds":["v27","v12"],"villageId":null,"electionIds":["e01"],"electionId":"e01","insideMunicipality":true,"roadName":"ซอยแคแสด1","surface":"คอนกรีต","lengthSource":null}},{"type":"Feature","id":"roads-000206","geometry":{"type":"LineString","coordinates":[[102.81547128102432,16.48534208993233],[102.81634973979313,16.48540519361572]]},"properties":{"id":"roads-000206","label":"ซอยแคแสด2","sourceRecord":206,"sourceFolder":"ถนนขึ้นทะเบียนทางหลวง","sourceFile":"ถนนเฉพาะขึ้นทะเบียน.shp","datasetId":"roads","geometryDisplayRepair":false,"villageIds":["v12"],"villageId":"v12","electionIds":["e01"],"electionId":"e01","insideMunicipality":true,"roadName":"ซอยแคแสด2","surface":null,"lengthSource":null}},{"type":"Feature","id":"roads-000207","geometry":{"type":"LineString","coordinates":[[102.8155191585117,16.48501378612664],[102.8162795993103,16.485066363662867]]},"properties":{"id":"roads-000207","label":"ซอยแคแสด3","sourceRecord":207,"sourceFolder":"ถนนขึ้นทะเบียนทางหลวง","sourceFile":"ถนนเฉพาะขึ้นทะเบียน.shp","datasetId":"roads","geometryDisplayRepair":false,"villageIds":["v12"],"villageId":"v12","electionIds":["e01"],"electionId":"e01","insideMunicipality":true,"roadName":"ซอยแคแสด3","surface":null,"lengthSource":null}},{"type":"Feature","id":"roads-000208","geometry":{"type":"LineString","coordinates":[[102.81570876688649,16.489781640285464],[102.81648639736427,16.489560206310056],[102.81673782029324,16.48953028962464],[102.81713352571309,16.489571332386777]]},"properties":{"id":"roads-000208","label":"ซอยทองวิเศษ","sourceRecord":208,"sourceFolder":"ถนนขึ้นทะเบียนทางหลวง","sourceFile":"ถนนเฉพาะขึ้นทะเบียน.shp","datasetId":"roads","geometryDisplayRepair":false,"villageIds":["v27","v12"],"villageId":null,"electionIds":["e01"],"electionId":"e01","insideMunicipality":true,"roadName":"ซอยทองวิเศษ","surface":"คอนกรีต","lengthSource":null}},{"type":"Feature","id":"roads-000209","geometry":{"type":"LineString","coordinates":[[102.8172457862448,16.490038854064206],[102.81713349885145,16.48957134353803],[102.81711472567608,16.48936413068582],[102.81709055715464,16.488595502407755]]},"properties":{"id":"roads-000209","label":"ซอยสันติสุข","sourceRecord":209,"sourceFolder":"ถนนขึ้นทะเบียนทางหลวง","sourceFile":"ถนนเฉพาะขึ้นทะเบียน.shp","datasetId":"roads","geometryDisplayRepair":false,"villageIds":["v27","v03"],"villageId":null,"electionIds":["e01"],"electionId":"e01","insideMunicipality":true,"roadName":"ซอยสันติสุข","surface":"คอนกรีต","lengthSource":null}},{"type":"Feature","id":"roads-000210","geometry":{"type":"LineString","coordinates":[[102.80801148781754,16.49182924639455],[102.8085985761186,16.488744345248534]]},"properties":{"id":"roads-000210","label":"ซอยอุยอุทิศ","sourceRecord":210,"sourceFolder":"ถนนขึ้นทะเบียนทางหลวง","sourceFile":"ถนนเฉพาะขึ้นทะเบียน.shp","datasetId":"roads","geometryDisplayRepair":false,"villageIds":["v12"],"villageId":"v12","electionIds":["e01"],"electionId":"e01","insideMunicipality":true,"roadName":"ซอยอุยอุทิศ","surface":null,"lengthSource":null}},{"type":"Feature","id":"roads-000211","geometry":{"type":"LineString","coordinates":[[102.80468124318305,16.487029945671384],[102.80376976721111,16.490128277689763]]},"properties":{"id":"roads-000211","label":"ถนนแก้วกาฬ","sourceRecord":211,"sourceFolder":"ถนนขึ้นทะเบียนทางหลวง","sourceFile":"ถนนเฉพาะขึ้นทะเบียน.shp","datasetId":"roads","geometryDisplayRepair":false,"villageIds":["v12"],"villageId":"v12","electionIds":["e01"],"electionId":"e01","insideMunicipality":true,"roadName":"ถนนแก้วกาฬ","surface":null,"lengthSource":null}},{"type":"Feature","id":"roads-000212","geometry":{"type":"LineString","coordinates":[[102.81967641484702,16.48207225325841],[102.81870832720064,16.480522635241662],[102.81859234321868,16.480482461718342],[102.81826394721013,16.480460256483518],[102.81814625839148,16.480413406858403]]},"properties":{"id":"roads-000212","label":"ถนนเกษียณศิลป์","sourceRecord":212,"sourceFolder":"ถนนขึ้นทะเบียนทางหลวง","sourceFile":"ถนนเฉพาะขึ้นทะเบียน.shp","datasetId":"roads","geometryDisplayRepair":false,"villageIds":["v27"],"villageId":"v27","electionIds":["e01"],"electionId":"e01","insideMunicipality":true,"roadName":"ถนนเกษียณศิลป์","surface":null,"lengthSource":null}},{"type":"Feature","id":"roads-000213","geometry":{"type":"LineString","coordinates":[[102.81931660219286,16.482731271625994],[102.81798068420913,16.480771116265863]]},"properties":{"id":"roads-000213","label":"ถนนสมานอุทิศ","sourceRecord":213,"sourceFolder":"ถนนขึ้นทะเบียนทางหลวง","sourceFile":"ถนนเฉพาะขึ้นทะเบียน.shp","datasetId":"roads","geometryDisplayRepair":false,"villageIds":["v27"],"villageId":"v27","electionIds":["e01"],"electionId":"e01","insideMunicipality":true,"roadName":"ถนนสมานอุทิศ","surface":null,"lengthSource":null}},{"type":"Feature","id":"roads-000214","geometry":{"type":"LineString","coordinates":[[102.81604370203574,16.481826291601514],[102.81637808702746,16.481783740494215],[102.81683149474915,16.48172302246239],[102.81708079818789,16.481740882418254],[102.81722226251664,16.48231080168951]]},"properties":{"id":"roads-000214","label":"ซอยเขียวอ่อน","sourceRecord":214,"sourceFolder":"ถนนขึ้นทะเบียนทางหลวง","sourceFile":"ถนนเฉพาะขึ้นทะเบียน.shp","datasetId":"roads","geometryDisplayRepair":false,"villageIds":["v27"],"villageId":"v27","electionIds":["e01"],"electionId":"e01","insideMunicipality":true,"roadName":"ซอยเขียวอ่อน","surface":null,"lengthSource":null}},{"type":"Feature","id":"roads-000215","geometry":{"type":"LineString","coordinates":[[102.81623605892791,16.4829099976276],[102.81686310923305,16.482846398305206],[102.81720546566727,16.48277801643463],[102.81763729636845,16.482690467826664],[102.81784877333601,16.483140299398386]]},"properties":{"id":"roads-000215","label":"ซอยเมืองทองน้อย","sourceRecord":215,"sourceFolder":"ถนนขึ้นทะเบียนทางหลวง","sourceFile":"ถนนเฉพาะขึ้นทะเบียน.shp","datasetId":"roads","geometryDisplayRepair":false,"villageIds":["v27"],"villageId":"v27","electionIds":["e01"],"electionId":"e01","insideMunicipality":true,"roadName":"ซอยเมืองทองน้อย","surface":null,"lengthSource":null}},{"type":"Feature","id":"roads-000216","geometry":{"type":"LineString","coordinates":[[102.81634104580542,16.484054679736396],[102.818439208235,16.483898007428234]]},"properties":{"id":"roads-000216","label":"ซอยคันทรีโฮม","sourceRecord":216,"sourceFolder":"ถนนขึ้นทะเบียนทางหลวง","sourceFile":"ถนนเฉพาะขึ้นทะเบียน.shp","datasetId":"roads","geometryDisplayRepair":false,"villageIds":["v27","v12"],"villageId":null,"electionIds":["e01"],"electionId":"e01","insideMunicipality":true,"roadName":"ซอยคันทรีโฮม","surface":null,"lengthSource":null}},{"type":"Feature","id":"roads-000217","geometry":{"type":"LineString","coordinates":[[102.81627111773362,16.484944836034813],[102.81744401195081,16.484995364204497]]},"properties":{"id":"roads-000217","label":"ซอยบริบูรณ์","sourceRecord":217,"sourceFolder":"ถนนขึ้นทะเบียนทางหลวง","sourceFile":"ถนนเฉพาะขึ้นทะเบียน.shp","datasetId":"roads","geometryDisplayRepair":false,"villageIds":["v27","v12"],"villageId":null,"electionIds":["e01"],"electionId":"e01","insideMunicipality":true,"roadName":"ซอยบริบูรณ์","surface":null,"lengthSource":null}},{"type":"Feature","id":"roads-000218","geometry":{"type":"LineString","coordinates":[[102.84097533848227,16.48224747609297],[102.84286993271162,16.48144456624325]]},"properties":{"id":"roads-000218","label":"ซอยรุ่งโรจน์3","sourceRecord":218,"sourceFolder":"ถนนขึ้นทะเบียนทางหลวง","sourceFile":"ถนนเฉพาะขึ้นทะเบียน.shp","datasetId":"roads","geometryDisplayRepair":false,"villageIds":["v14"],"villageId":"v14","electionIds":["e02"],"electionId":"e02","insideMunicipality":true,"roadName":"ซอยรุ่งโรจน์3","surface":null,"lengthSource":null}},{"type":"Feature","id":"roads-000219","geometry":{"type":"LineString","coordinates":[[102.84075563206198,16.48184650282304],[102.84167846282305,16.481573319356944],[102.84242266944702,16.4813529925183],[102.84277518667584,16.481248619426403]]},"properties":{"id":"roads-000219","label":"ซอยรุ่งโรจน์ 1","sourceRecord":219,"sourceFolder":"ถนนขึ้นทะเบียนทางหลวง","sourceFile":"ถนนเฉพาะขึ้นทะเบียน.shp","datasetId":"roads","geometryDisplayRepair":false,"villageIds":["v14"],"villageId":"v14","electionIds":["e02"],"electionId":"e02","insideMunicipality":true,"roadName":"ซอยรุ่งโรจน์ 1","surface":"ลูกรัง","lengthSource":null}},{"type":"Feature","id":"roads-000220","geometry":{"type":"LineString","coordinates":[[102.83895182030977,16.49756149498651],[102.83918181776694,16.496055323656137],[102.8391700232948,16.49575917468444],[102.83892295189004,16.493996461583325]]},"properties":{"id":"roads-000220","label":"ซอยเจริญทรัพย์","sourceRecord":220,"sourceFolder":"ถนนขึ้นทะเบียนทางหลวง","sourceFile":"ถนนเฉพาะขึ้นทะเบียน.shp","datasetId":"roads","geometryDisplayRepair":false,"villageIds":["v02"],"villageId":"v02","electionIds":["e01"],"electionId":"e01","insideMunicipality":true,"roadName":"ซอยเจริญทรัพย์","surface":null,"lengthSource":null}},{"type":"Feature","id":"roads-000221","geometry":{"type":"LineString","coordinates":[[102.84100646842002,16.49584808747698],[102.84100646842002,16.49584808747698],[102.84094992008187,16.496048716366893],[102.84071930913558,16.49643128641811],[102.84065421858486,16.496580646969168],[102.84061023845351,16.496759054282226],[102.84047789846936,16.49747399266223],[102.84046399120513,16.497786781738018],[102.84043639464036,16.498237758202006],[102.8403991752771,16.498436641865734]]},"properties":{"id":"roads-000221","label":"ถนนลีลาวดี","sourceRecord":221,"sourceFolder":"ถนนขึ้นทะเบียนทางหลวง","sourceFile":"ถนนเฉพาะขึ้นทะเบียน.shp","datasetId":"roads","geometryDisplayRepair":false,"villageIds":["v17"],"villageId":"v17","electionIds":["e02"],"electionId":"e02","insideMunicipality":true,"roadName":"ถนนลีลาวดี","surface":null,"lengthSource":null}},{"type":"Feature","id":"roads-000222","geometry":{"type":"LineString","coordinates":[[102.83490413518554,16.499029299325425],[102.83536539179592,16.498965640025418],[102.83579188505223,16.498891007804023],[102.83616015448337,16.498793474347572],[102.83660969990021,16.49869159722385]]},"properties":{"id":"roads-000222","label":"ซอยนำโชค","sourceRecord":222,"sourceFolder":"ถนนขึ้นทะเบียนทางหลวง","sourceFile":"ถนนเฉพาะขึ้นทะเบียน.shp","datasetId":"roads","geometryDisplayRepair":false,"villageIds":["v02"],"villageId":"v02","electionIds":["e01"],"electionId":"e01","insideMunicipality":true,"roadName":"ซอยนำโชค","surface":null,"lengthSource":null}},{"type":"Feature","id":"roads-000223","geometry":{"type":"LineString","coordinates":[[102.83770642997773,16.49778686968268],[102.837698234954,16.498245478327643],[102.83770141187934,16.498492383082695],[102.8376982427142,16.498506099443624],[102.83766651046844,16.498644609822513],[102.83765910820132,16.498787999806343],[102.8377027066959,16.499099933784017],[102.83771650427684,16.49927349786713],[102.83766525203984,16.499634281596723]]},"properties":{"id":"roads-000223","label":"ซอยครูพิน","sourceRecord":223,"sourceFolder":"ถนนขึ้นทะเบียนทางหลวง","sourceFile":"ถนนเฉพาะขึ้นทะเบียน.shp","datasetId":"roads","geometryDisplayRepair":false,"villageIds":["v02"],"villageId":"v02","electionIds":["e01"],"electionId":"e01","insideMunicipality":true,"roadName":"ซอยครูพิน","surface":null,"lengthSource":null}},{"type":"Feature","id":"roads-000224","geometry":{"type":"LineString","coordinates":[[102.83867688206834,16.498389119444884],[102.83816275678306,16.49847185038095],[102.83776592805826,16.498505748041556],[102.8376982427142,16.498506099443624]]},"properties":{"id":"roads-000224","label":"ซอยต้นคูณ","sourceRecord":224,"sourceFolder":"ถนนขึ้นทะเบียนทางหลวง","sourceFile":"ถนนเฉพาะขึ้นทะเบียน.shp","datasetId":"roads","geometryDisplayRepair":false,"villageIds":["v02"],"villageId":"v02","electionIds":["e01"],"electionId":"e01","insideMunicipality":true,"roadName":"ซอยต้นคูณ","surface":null,"lengthSource":null}},{"type":"Feature","id":"roads-000225","geometry":{"type":"LineString","coordinates":[[102.86396522669023,16.4977236796914],[102.8639606340135,16.49774941428623],[102.86393252986024,16.497863233027587],[102.86372906128594,16.49868939630092],[102.86372172325383,16.49871903598362],[102.86371377476623,16.498751761255185],[102.8637523360204,16.499531154759996],[102.86355709416488,16.500605532301787],[102.86348096015007,16.50151727120412],[102.86336683174565,16.502885210540747],[102.8633400239248,16.50320768379319],[102.86325627706728,16.503741312660463],[102.86305945656734,16.504997043292118],[102.86266430755252,16.506038380230958],[102.86247648652657,16.50653360628837],[102.86225781094201,16.507109977803914],[102.86214256602051,16.5074140067541],[102.86192518779326,16.507760928800717],[102.86177846824327,16.507995134480193],[102.86176721861612,16.508013202256503]]},"properties":{"id":"roads-000225","label":"ถนนนภาส่งเสริม(เต่านอ-ศิลา)","sourceRecord":225,"sourceFolder":"ถนนขึ้นทะเบียนทางหลวง","sourceFile":"ถนนเฉพาะขึ้นทะเบียน.shp","datasetId":"roads","geometryDisplayRepair":false,"villageIds":["v18","v01","v07"],"villageId":null,"electionIds":["e03"],"electionId":"e03","insideMunicipality":true,"roadName":"ถนนนภาส่งเสริม(เต่านอ-ศิลา)","surface":null,"lengthSource":null}},{"type":"Feature","id":"roads-000226","geometry":{"type":"LineString","coordinates":[[102.86534012715263,16.484343895724134],[102.86576159464259,16.48499623284764],[102.86581651389969,16.48508105494331],[102.86434404743544,16.488192259634236],[102.86435614026216,16.48846028520476],[102.86438296592226,16.489051656467097],[102.86440646183048,16.48956621229378],[102.86530727044523,16.493565512360963],[102.86541014072235,16.494021776231218],[102.86564241671377,16.495052396381027],[102.86574052062016,16.495310409818355],[102.86584132016473,16.495572758222984],[102.86596314993145,16.49580407139532]]},"properties":{"id":"roads-000226","label":"ถนนทุ่งนาไผ่ล้อม","sourceRecord":226,"sourceFolder":"ถนนขึ้นทะเบียนทางหลวง","sourceFile":"ถนนเฉพาะขึ้นทะเบียน.shp","datasetId":"roads","geometryDisplayRepair":false,"villageIds":["v18"],"villageId":"v18","electionIds":["e03"],"electionId":"e03","insideMunicipality":true,"roadName":"ถนนทุ่งนาไผ่ล้อม","surface":"ลุกรัง","lengthSource":null}},{"type":"Feature","id":"roads-000227","geometry":{"type":"LineString","coordinates":[[102.86156433982183,16.49810047830165],[102.8620364612651,16.498170923459444],[102.86229543671263,16.49820614796608],[102.86250445355775,16.498204261655548],[102.86264913741668,16.49813231908114],[102.86285187538189,16.49802206283648],[102.86301596815439,16.497957751053615],[102.86324853136585,16.497926910064006],[102.86337542104367,16.497867622715404],[102.86349547493184,16.497870061613206],[102.86361228898647,16.49792035588941]]},"properties":{"id":"roads-000227","label":"ซอยตาหนู","sourceRecord":227,"sourceFolder":"ถนนขึ้นทะเบียนทางหลวง","sourceFile":"ถนนเฉพาะขึ้นทะเบียน.shp","datasetId":"roads","geometryDisplayRepair":false,"villageIds":["v01"],"villageId":"v01","electionIds":["e03"],"electionId":"e03","insideMunicipality":true,"roadName":"ซอยตาหนู","surface":null,"lengthSource":null}},{"type":"Feature","id":"roads-000228","geometry":{"type":"LineString","coordinates":[[102.86372172325383,16.49871903598362],[102.86403603197634,16.49878513696677],[102.86410284732956,16.498797064512416],[102.86425654784409,16.49882434358125],[102.86452298576307,16.498835204794652],[102.86471577055362,16.498803474605808],[102.86482339714536,16.498785728802545],[102.86521393980135,16.49873183878284],[102.86523009043916,16.498736381435016],[102.86532730565919,16.49876359293631],[102.86536777848751,16.498774853009152],[102.86639090360816,16.499197838896833],[102.86654690761867,16.499149995779756],[102.86666284870316,16.498923730274957],[102.86660320460533,16.49864699390239],[102.86654368377732,16.498504591985203],[102.86654918999925,16.498219624801436],[102.86655597585369,16.498188742985697]]},"properties":{"id":"roads-000228","label":"ซอยสมจิตร","sourceRecord":228,"sourceFolder":"ถนนขึ้นทะเบียนทางหลวง","sourceFile":"ถนนเฉพาะขึ้นทะเบียน.shp","datasetId":"roads","geometryDisplayRepair":false,"villageIds":["v01"],"villageId":"v01","electionIds":["e03"],"electionId":"e03","insideMunicipality":true,"roadName":"ซอยสมจิตร","surface":null,"lengthSource":null}},{"type":"Feature","id":"roads-000229","geometry":{"type":"LineString","coordinates":[[102.86543002458332,16.49603911239318],[102.86549655056447,16.49631198052865],[102.86552922652555,16.49667801090534],[102.86552777433359,16.496836836596177],[102.86551356038771,16.4970124800935],[102.86552702408558,16.49718153708956],[102.86559240559048,16.497589357369307],[102.86561270688478,16.497835644799157]]},"properties":{"id":"roads-000229","label":"ซอยต้นโพธิ์","sourceRecord":229,"sourceFolder":"ถนนขึ้นทะเบียนทางหลวง","sourceFile":"ถนนเฉพาะขึ้นทะเบียน.shp","datasetId":"roads","geometryDisplayRepair":false,"villageIds":["v18"],"villageId":"v18","electionIds":["e03"],"electionId":"e03","insideMunicipality":true,"roadName":"ซอยต้นโพธิ์","surface":"คอนกรีต","lengthSource":null}},{"type":"Feature","id":"roads-000230","geometry":{"type":"LineString","coordinates":[[102.86515827127465,16.496800739771466],[102.86508006590081,16.49708769440906],[102.86495099529716,16.497414697748162],[102.86490794034196,16.497538061344496],[102.86487558002295,16.4976481614912],[102.86484935395784,16.49786947127102]]},"properties":{"id":"roads-000230","label":"ซอยบ้านตาไพ","sourceRecord":230,"sourceFolder":"ถนนขึ้นทะเบียนทางหลวง","sourceFile":"ถนนเฉพาะขึ้นทะเบียน.shp","datasetId":"roads","geometryDisplayRepair":false,"villageIds":["v18"],"villageId":"v18","electionIds":["e03"],"electionId":"e03","insideMunicipality":true,"roadName":"ซอยบ้านตาไพ","surface":null,"lengthSource":null}},{"type":"Feature","id":"roads-000231","geometry":{"type":"LineString","coordinates":[[102.86400199090478,16.497117068540422],[102.86428421311516,16.497113242191833],[102.86446103876523,16.497099164439376]]},"properties":{"id":"roads-000231","label":"ซอยบ้านยายจวน1","sourceRecord":231,"sourceFolder":"ถนนขึ้นทะเบียนทางหลวง","sourceFile":"ถนนเฉพาะขึ้นทะเบียน.shp","datasetId":"roads","geometryDisplayRepair":false,"villageIds":["v18"],"villageId":"v18","electionIds":["e03"],"electionId":"e03","insideMunicipality":true,"roadName":"ซอยบ้านยายจวน1","surface":null,"lengthSource":null}},{"type":"Feature","id":"roads-000232","geometry":{"type":"LineString","coordinates":[[102.86954866746812,16.49595601928037],[102.86927176043991,16.494470856403538],[102.8687201024845,16.491444809038267],[102.86849750829933,16.490295404238314]]},"properties":{"id":"roads-000232","label":"ซอยสวนไม้งาม","sourceRecord":232,"sourceFolder":"ถนนขึ้นทะเบียนทางหลวง","sourceFile":"ถนนเฉพาะขึ้นทะเบียน.shp","datasetId":"roads","geometryDisplayRepair":false,"villageIds":["v18","v01"],"villageId":null,"electionIds":["e03"],"electionId":"e03","insideMunicipality":true,"roadName":"ซอยสวนไม้งาม","surface":null,"lengthSource":null}},{"type":"Feature","id":"roads-000233","geometry":{"type":"LineString","coordinates":[[102.86899796300233,16.493074741257914],[102.87423689536539,16.492159443594012]]},"properties":{"id":"roads-000233","label":"ซอยสวนไม้งาม(ซอย1)","sourceRecord":233,"sourceFolder":"ถนนขึ้นทะเบียนทางหลวง","sourceFile":"ถนนเฉพาะขึ้นทะเบียน.shp","datasetId":"roads","geometryDisplayRepair":false,"villageIds":["v18"],"villageId":"v18","electionIds":["e03"],"electionId":"e03","insideMunicipality":true,"roadName":"ซอยสวนไม้งาม(ซอย1)","surface":null,"lengthSource":null}},{"type":"Feature","id":"roads-000234","geometry":{"type":"LineString","coordinates":[[102.8647427755471,16.49095539217276],[102.87367676570263,16.48940840481743]]},"properties":{"id":"roads-000234","label":"ซอยทุ่งนาไผ่ล้อม (ซอย2)","sourceRecord":234,"sourceFolder":"ถนนขึ้นทะเบียนทางหลวง","sourceFile":"ถนนเฉพาะขึ้นทะเบียน.shp","datasetId":"roads","geometryDisplayRepair":false,"villageIds":["v18"],"villageId":"v18","electionIds":["e03"],"electionId":"e03","insideMunicipality":true,"roadName":"ซอยทุ่งนาไผ่ล้อม (ซอย2)","surface":"ลูกรัง","lengthSource":null}},{"type":"Feature","id":"roads-000235","geometry":{"type":"LineString","coordinates":[[102.86576159464259,16.48499623284764],[102.87493772663822,16.483353710394113],[102.87686038078726,16.486835251307895]]},"properties":{"id":"roads-000235","label":"ซอยทุ่งนาไผ่ล้อม (ซอย4)","sourceRecord":235,"sourceFolder":"ถนนขึ้นทะเบียนทางหลวง","sourceFile":"ถนนเฉพาะขึ้นทะเบียน.shp","datasetId":"roads","geometryDisplayRepair":false,"villageIds":["v22","v18"],"villageId":null,"electionIds":["e03"],"electionId":"e03","insideMunicipality":true,"roadName":"ซอยทุ่งนาไผ่ล้อม (ซอย4)","surface":"ลูกรัง","lengthSource":null}},{"type":"Feature","id":"roads-000236","geometry":{"type":"LineString","coordinates":[[102.8683725573045,16.50563472828498],[102.86722869964653,16.5051670054623],[102.86679327635052,16.502969182783175],[102.8665468289016,16.501724515829125],[102.8663141304669,16.501605977085454],[102.865719197131,16.501448736143136],[102.86465326932648,16.501410686468024],[102.86404311003301,16.501366945908448],[102.86327484698127,16.501288097884363],[102.86283171459918,16.50114769292954],[102.86240117783443,16.501226423422477]]},"properties":{"id":"roads-000236","label":"ถนนชนแดน","sourceRecord":236,"sourceFolder":"ถนนขึ้นทะเบียนทางหลวง","sourceFile":"ถนนเฉพาะขึ้นทะเบียน.shp","datasetId":"roads","geometryDisplayRepair":false,"villageIds":["v01","v07"],"villageId":null,"electionIds":["e03"],"electionId":"e03","insideMunicipality":true,"roadName":"ถนนชนแดน","surface":null,"lengthSource":null}},{"type":"Feature","id":"roads-000237","geometry":{"type":"LineString","coordinates":[[102.85993259738338,16.507955236934894],[102.86019782404261,16.5080143167754],[102.86021671041675,16.50801846842241],[102.86071907590465,16.50798827013098],[102.8609979180796,16.507971612887776],[102.86121179120363,16.507958785658776],[102.86177846824327,16.507995134480193]]},"properties":{"id":"roads-000237","label":"ซอยแสงตะวัน","sourceRecord":237,"sourceFolder":"ถนนขึ้นทะเบียนทางหลวง","sourceFile":"ถนนเฉพาะขึ้นทะเบียน.shp","datasetId":"roads","geometryDisplayRepair":false,"villageIds":["v07"],"villageId":"v07","electionIds":["e03"],"electionId":"e03","insideMunicipality":true,"roadName":"ซอยแสงตะวัน","surface":null,"lengthSource":null}},{"type":"Feature","id":"roads-000238","geometry":{"type":"LineString","coordinates":[[102.86105715051472,16.506092631915728],[102.86146173775305,16.506218398921007],[102.86186063938163,16.506342375348684],[102.8624764594832,16.50653361749289]]},"properties":{"id":"roads-000238","label":"ถนนมิตรประชา","sourceRecord":238,"sourceFolder":"ถนนขึ้นทะเบียนทางหลวง","sourceFile":"ถนนเฉพาะขึ้นทะเบียน.shp","datasetId":"roads","geometryDisplayRepair":false,"villageIds":["v07"],"villageId":"v07","electionIds":["e03"],"electionId":"e03","insideMunicipality":true,"roadName":"ถนนมิตรประชา","surface":null,"lengthSource":null}},{"type":"Feature","id":"roads-000239","geometry":{"type":"LineString","coordinates":[[102.86121176416816,16.507958796859416],[102.86146173775305,16.506218398921007]]},"properties":{"id":"roads-000239","label":"ถนนกลางบ้านเต่านอ","sourceRecord":239,"sourceFolder":"ถนนขึ้นทะเบียนทางหลวง","sourceFile":"ถนนเฉพาะขึ้นทะเบียน.shp","datasetId":"roads","geometryDisplayRepair":false,"villageIds":["v07"],"villageId":"v07","electionIds":["e03"],"electionId":"e03","insideMunicipality":true,"roadName":"ถนนกลางบ้านเต่านอ","surface":null,"lengthSource":null}},{"type":"Feature","id":"roads-000240","geometry":{"type":"LineString","coordinates":[[102.8609979180796,16.507971612887776],[102.86093019961439,16.507759581267226],[102.86081460884347,16.507557441464126],[102.86063183032662,16.507425832397004],[102.860499155719,16.507313922437508],[102.86037965190587,16.507245518603575]]},"properties":{"id":"roads-000240","label":"ซอยจำปา","sourceRecord":240,"sourceFolder":"ถนนขึ้นทะเบียนทางหลวง","sourceFile":"ถนนเฉพาะขึ้นทะเบียน.shp","datasetId":"roads","geometryDisplayRepair":false,"villageIds":["v07"],"villageId":"v07","electionIds":["e03"],"electionId":"e03","insideMunicipality":true,"roadName":"ซอยจำปา","surface":null,"lengthSource":null}},{"type":"Feature","id":"roads-000241","geometry":{"type":"LineString","coordinates":[[102.86019782404261,16.5080143167754],[102.86014462230952,16.508571516265913],[102.86009882999518,16.509052630199417],[102.86012420244155,16.509462794381633],[102.86017778006514,16.50958749435508]]},"properties":{"id":"roads-000241","label":"ถนนโรงเรียน","sourceRecord":241,"sourceFolder":"ถนนขึ้นทะเบียนทางหลวง","sourceFile":"ถนนเฉพาะขึ้นทะเบียน.shp","datasetId":"roads","geometryDisplayRepair":false,"villageIds":["v07"],"villageId":"v07","electionIds":["e03"],"electionId":"e03","insideMunicipality":true,"roadName":"ถนนโรงเรียน","surface":null,"lengthSource":null}},{"type":"Feature","id":"roads-000242","geometry":{"type":"LineString","coordinates":[[102.86133153474519,16.510854809220156],[102.86058090687906,16.509529626573926],[102.86041411069961,16.509447950948264]]},"properties":{"id":"roads-000242","label":"ซอยเต่านอ2","sourceRecord":242,"sourceFolder":"ถนนขึ้นทะเบียนทางหลวง","sourceFile":"ถนนเฉพาะขึ้นทะเบียน.shp","datasetId":"roads","geometryDisplayRepair":false,"villageIds":["v07"],"villageId":"v07","electionIds":["e03"],"electionId":"e03","insideMunicipality":true,"roadName":"ซอยเต่านอ2","surface":null,"lengthSource":null}},{"type":"Feature","id":"roads-000243","geometry":{"type":"LineString","coordinates":[[102.86276442394174,16.508100656262638],[102.86352508586963,16.509278904298885]]},"properties":{"id":"roads-000243","label":"ซอยเต่านอ1","sourceRecord":243,"sourceFolder":"ถนนขึ้นทะเบียนทางหลวง","sourceFile":"ถนนเฉพาะขึ้นทะเบียน.shp","datasetId":"roads","geometryDisplayRepair":false,"villageIds":["v07"],"villageId":"v07","electionIds":["e03"],"electionId":"e03","insideMunicipality":true,"roadName":"ซอยเต่านอ1","surface":null,"lengthSource":null}},{"type":"Feature","id":"roads-000244","geometry":{"type":"LineString","coordinates":[[102.86225781094201,16.507109977803914],[102.8617520216398,16.50707827795256],[102.86186063938163,16.506342375348684]]},"properties":{"id":"roads-000244","label":"ซอยผ่องจันทร์สันติสุข","sourceRecord":244,"sourceFolder":"ถนนขึ้นทะเบียนทางหลวง","sourceFile":"ถนนเฉพาะขึ้นทะเบียน.shp","datasetId":"roads","geometryDisplayRepair":false,"villageIds":["v07"],"villageId":"v07","electionIds":["e03"],"electionId":"e03","insideMunicipality":true,"roadName":"ซอยผ่องจันทร์สันติสุข","surface":null,"lengthSource":null}},{"type":"Feature","id":"roads-000245","geometry":{"type":"LineString","coordinates":[[102.86297869861001,16.50800161368715],[102.86278396609639,16.507573052653054],[102.86281070298408,16.507451671857336]]},"properties":{"id":"roads-000245","label":"ซอยดาวรุ่ง","sourceRecord":245,"sourceFolder":"ถนนขึ้นทะเบียนทางหลวง","sourceFile":"ถนนเฉพาะขึ้นทะเบียน.shp","datasetId":"roads","geometryDisplayRepair":false,"villageIds":["v07"],"villageId":"v07","electionIds":["e03"],"electionId":"e03","insideMunicipality":true,"roadName":"ซอยดาวรุ่ง","surface":null,"lengthSource":null}},{"type":"Feature","id":"roads-000246","geometry":{"type":"LineString","coordinates":[[102.8300767132778,16.494680807025006],[102.83009213659898,16.494920165587004],[102.83019873563758,16.496564378498494]]},"properties":{"id":"roads-000246","label":"ซอยจุดโยเร","sourceRecord":246,"sourceFolder":"ถนนขึ้นทะเบียนทางหลวง","sourceFile":"ถนนเฉพาะขึ้นทะเบียน.shp","datasetId":"roads","geometryDisplayRepair":false,"villageIds":["v03","v02"],"villageId":null,"electionIds":["e01"],"electionId":"e01","insideMunicipality":true,"roadName":"ซอยจุดโยเร","surface":null,"lengthSource":null}},{"type":"Feature","id":"roads-000247","geometry":{"type":"LineString","coordinates":[[102.83676196303595,16.511320280824766],[102.83667943938674,16.510985765526826],[102.83681198915434,16.51010248876573],[102.83676017875801,16.509890483061277],[102.8362918053493,16.50883582195797],[102.83588140776548,16.507938750659804],[102.83607978798176,16.50678417888895],[102.83621089401862,16.506322568283302],[102.83628903729061,16.505986284719274],[102.83666502474057,16.505482950007483],[102.83710335112158,16.503652990051446],[102.83716466895567,16.503237010832585],[102.83734378087848,16.50210409521984],[102.8373718457849,16.501841494539818],[102.83735597726229,16.50168584820783],[102.83735594566224,16.50168580912875]]},"properties":{"id":"roads-000247","label":"ถนนหลังหมู่บ้านสายฝน","sourceRecord":247,"sourceFolder":"ถนนขึ้นทะเบียนทางหลวง","sourceFile":"ถนนเฉพาะขึ้นทะเบียน.shp","datasetId":"roads","geometryDisplayRepair":false,"villageIds":["v02"],"villageId":"v02","electionIds":["e01"],"electionId":"e01","insideMunicipality":true,"roadName":"ถนนหลังหมู่บ้านสายฝน","surface":null,"lengthSource":null}},{"type":"Feature","id":"roads-000248","geometry":{"type":"LineString","coordinates":[[102.83735595032647,16.50168585937711],[102.83740258887516,16.50155761766414],[102.83744271371265,16.501446729455722],[102.83754379649292,16.501300135541417],[102.83774834218598,16.501113847716578],[102.83806082771639,16.500889220580678],[102.83839396409105,16.500660535433845],[102.83871799660213,16.500493228017813],[102.83896327401064,16.500383746596096]]},"properties":{"id":"roads-000248","label":"ซอยพูนทรัพย์","sourceRecord":248,"sourceFolder":"ถนนขึ้นทะเบียนทางหลวง","sourceFile":"ถนนเฉพาะขึ้นทะเบียน.shp","datasetId":"roads","geometryDisplayRepair":false,"villageIds":["v02"],"villageId":"v02","electionIds":["e01"],"electionId":"e01","insideMunicipality":true,"roadName":"ซอยพูนทรัพย์","surface":null,"lengthSource":null}},{"type":"Feature","id":"roads-000249","geometry":{"type":"LineString","coordinates":[[102.83690270858781,16.500373288302786],[102.8377893873017,16.500783679841884],[102.83814901964017,16.500920521725583],[102.83822735497286,16.500950250355018],[102.83842675179521,16.50103977152334],[102.83852097757081,16.50108197227672],[102.83877104190869,16.501149467234303],[102.83924508029989,16.501116003711992]]},"properties":{"id":"roads-000249","label":"ซอยสมหวัง","sourceRecord":249,"sourceFolder":"ถนนขึ้นทะเบียนทางหลวง","sourceFile":"ถนนเฉพาะขึ้นทะเบียน.shp","datasetId":"roads","geometryDisplayRepair":false,"villageIds":["v02"],"villageId":"v02","electionIds":["e01"],"electionId":"e01","insideMunicipality":true,"roadName":"ซอยสมหวัง","surface":null,"lengthSource":null}},{"type":"Feature","id":"roads-000250","geometry":{"type":"LineString","coordinates":[[102.83504210642307,16.50044355005741],[102.835439797946,16.50038166443116],[102.83541763720771,16.500273276848816],[102.83593639017965,16.500202860281238],[102.8364398988437,16.500160550053536],[102.83685170568543,16.50006637535981]]},"properties":{"id":"roads-000250","label":"ซอยโชคเจริญ","sourceRecord":250,"sourceFolder":"ถนนขึ้นทะเบียนทางหลวง","sourceFile":"ถนนเฉพาะขึ้นทะเบียน.shp","datasetId":"roads","geometryDisplayRepair":false,"villageIds":["v02"],"villageId":"v02","electionIds":["e01"],"electionId":"e01","insideMunicipality":true,"roadName":"ซอยโชคเจริญ","surface":null,"lengthSource":null}},{"type":"Feature","id":"roads-000251","geometry":{"type":"LineString","coordinates":[[102.83896324706554,16.50038375776966],[102.83933003037848,16.50019458096901],[102.83974842084675,16.500048955393734],[102.84024313740976,16.499874073021026],[102.84113910843543,16.49966780733408],[102.84168967443472,16.499579845225178],[102.84184017547001,16.499582196436922],[102.8421624171841,16.499645188383614],[102.8423094200717,16.499633795370105]]},"properties":{"id":"roads-000251","label":"ซอยเจริญธรรม","sourceRecord":251,"sourceFolder":"ถนนขึ้นทะเบียนทางหลวง","sourceFile":"ถนนเฉพาะขึ้นทะเบียน.shp","datasetId":"roads","geometryDisplayRepair":false,"villageIds":["v02","v17"],"villageId":null,"electionIds":["e02","e01"],"electionId":null,"insideMunicipality":true,"roadName":"ซอยเจริญธรรม","surface":null,"lengthSource":null}},{"type":"Feature","id":"roads-000252","geometry":{"type":"LineString","coordinates":[[102.84037965197368,16.498437283013285],[102.8403991752771,16.498436641865734],[102.84182235504308,16.498389374640976]]},"properties":{"id":"roads-000252","label":"ถนนลีลาวดี2","sourceRecord":252,"sourceFolder":"ถนนขึ้นทะเบียนทางหลวง","sourceFile":"ถนนเฉพาะขึ้นทะเบียน.shp","datasetId":"roads","geometryDisplayRepair":false,"villageIds":["v17"],"villageId":"v17","electionIds":["e02"],"electionId":"e02","insideMunicipality":true,"roadName":"ถนนลีลาวดี2","surface":null,"lengthSource":null}},{"type":"Feature","id":"roads-000253","geometry":{"type":"LineString","coordinates":[[102.8136263155505,16.490608811932354],[102.81349445035713,16.491187977005954],[102.81344521209108,16.49146505625486],[102.81346045741589,16.49152801461392]]},"properties":{"id":"roads-000253","label":"ซอยหนองทุ่ม","sourceRecord":253,"sourceFolder":"ถนนขึ้นทะเบียนทางหลวง","sourceFile":"ถนนเฉพาะขึ้นทะเบียน.shp","datasetId":"roads","geometryDisplayRepair":false,"villageIds":["v12","v03"],"villageId":null,"electionIds":["e01"],"electionId":"e01","insideMunicipality":true,"roadName":"ซอยหนองทุ่ม","surface":null,"lengthSource":null}},{"type":"Feature","id":"roads-000254","geometry":{"type":"LineString","coordinates":[[102.80919660742032,16.494916107960435],[102.810498504147,16.49468944708669]]},"properties":{"id":"roads-000254","label":"ซอยบุญมา","sourceRecord":254,"sourceFolder":"ถนนขึ้นทะเบียนทางหลวง","sourceFile":"ถนนเฉพาะขึ้นทะเบียน.shp","datasetId":"roads","geometryDisplayRepair":false,"villageIds":["v03"],"villageId":"v03","electionIds":["e01"],"electionId":"e01","insideMunicipality":true,"roadName":"ซอยบุญมา","surface":null,"lengthSource":null}},{"type":"Feature","id":"roads-000255","geometry":{"type":"LineString","coordinates":[[102.80957134650731,16.494395304988544],[102.8104347269638,16.494236159558913]]},"properties":{"id":"roads-000255","label":"ซอยเทวา1","sourceRecord":255,"sourceFolder":"ถนนขึ้นทะเบียนทางหลวง","sourceFile":"ถนนเฉพาะขึ้นทะเบียน.shp","datasetId":"roads","geometryDisplayRepair":false,"villageIds":["v03"],"villageId":"v03","electionIds":["e01"],"electionId":"e01","insideMunicipality":true,"roadName":"ซอยเทวา1","surface":null,"lengthSource":null}},{"type":"Feature","id":"roads-000256","geometry":{"type":"LineString","coordinates":[[102.89341779841624,16.514131128434673],[102.89367441871596,16.514030106140023],[102.89456176198618,16.51428462483038],[102.89541931761815,16.514910659288425],[102.89545566632864,16.514924096374987],[102.89567865253055,16.515006073061187],[102.89590724052735,16.515066670362454],[102.89593096554407,16.51507054978281],[102.8962791286969,16.51512674424152],[102.89649328479778,16.515269356779818],[102.89654130914955,16.515327897078127],[102.8965978263252,16.515396500438378],[102.89673766950513,16.515740403818203],[102.89674569255152,16.51575988650076],[102.89670481610631,16.516255332107885],[102.89670664334197,16.51629573019013],[102.89670890813943,16.516344886752268],[102.89671498777969,16.516470427767302],[102.89678986266082,16.516751544720073],[102.89689026568857,16.51695825351523],[102.89705590234792,16.517150000021296],[102.89730418277476,16.517407363659736],[102.89735508972458,16.51745999040772],[102.89748209456678,16.51764047662779]]},"properties":{"id":"roads-000256","label":"ถนนกลางบ้านห้วยซัน","sourceRecord":256,"sourceFolder":"ถนนขึ้นทะเบียนทางหลวง","sourceFile":"ถนนเฉพาะขึ้นทะเบียน.shp","datasetId":"roads","geometryDisplayRepair":false,"villageIds":["v04"],"villageId":"v04","electionIds":["e03"],"electionId":"e03","insideMunicipality":true,"roadName":"ถนนกลางบ้านห้วยซัน","surface":null,"lengthSource":null}},{"type":"Feature","id":"roads-000257","geometry":{"type":"LineString","coordinates":[[102.89593096554407,16.51507054978281],[102.89604869988112,16.515634578931643],[102.89632572262992,16.516477411604686],[102.89645914664116,16.5167474355257],[102.89671769933993,16.517139701746125],[102.89681662468625,16.517218358789705],[102.89695418288039,16.517299205950856],[102.89717315124003,16.51739255718923],[102.89730418277476,16.517407363659736]]},"properties":{"id":"roads-000257","label":"ซอยห้วยซัน2","sourceRecord":257,"sourceFolder":"ถนนขึ้นทะเบียนทางหลวง","sourceFile":"ถนนเฉพาะขึ้นทะเบียน.shp","datasetId":"roads","geometryDisplayRepair":false,"villageIds":["v04"],"villageId":"v04","electionIds":["e03"],"electionId":"e03","insideMunicipality":true,"roadName":"ซอยห้วยซัน2","surface":null,"lengthSource":null}},{"type":"Feature","id":"roads-000258","geometry":{"type":"LineString","coordinates":[[102.89748209456678,16.51764047662779],[102.89746428999935,16.51722928452984],[102.89746105543477,16.51679444978005],[102.89747818951446,16.516424583469522],[102.8974829497447,16.516324022114986],[102.89751583891572,16.516148247182187],[102.89756633636458,16.515879381813736],[102.8975885160832,16.515697349552664]]},"properties":{"id":"roads-000258","label":"ซอยห้วยซัน3","sourceRecord":258,"sourceFolder":"ถนนขึ้นทะเบียนทางหลวง","sourceFile":"ถนนเฉพาะขึ้นทะเบียน.shp","datasetId":"roads","geometryDisplayRepair":false,"villageIds":["v04"],"villageId":"v04","electionIds":["e03"],"electionId":"e03","insideMunicipality":true,"roadName":"ซอยห้วยซัน3","surface":null,"lengthSource":null}},{"type":"Feature","id":"roads-000259","geometry":{"type":"LineString","coordinates":[[102.89654130914955,16.515327897078127],[102.89694095525425,16.51511806897015],[102.89741466315732,16.514942933271314],[102.89775930012352,16.514858307728673],[102.89786035561433,16.51481033060529],[102.89801634795093,16.51470599692795],[102.89837793055732,16.514571217129255],[102.89860143080982,16.514502341295582],[102.8988892178495,16.51447954160227]]},"properties":{"id":"roads-000259","label":"ซอยห้วยซัน5","sourceRecord":259,"sourceFolder":"ถนนขึ้นทะเบียนทางหลวง","sourceFile":"ถนนเฉพาะขึ้นทะเบียน.shp","datasetId":"roads","geometryDisplayRepair":false,"villageIds":["v04"],"villageId":"v04","electionIds":["e03"],"electionId":"e03","insideMunicipality":true,"roadName":"ซอยห้วยซัน5","surface":null,"lengthSource":null}},{"type":"Feature","id":"roads-000260","geometry":{"type":"LineString","coordinates":[[102.89673766950513,16.515740403818203],[102.89715647922583,16.515770696250957],[102.8972273453773,16.51575866809081],[102.89758851907602,16.515697324990168]]},"properties":{"id":"roads-000260","label":"ซอยห้วยซัน6","sourceRecord":260,"sourceFolder":"ถนนขึ้นทะเบียนทางหลวง","sourceFile":"ถนนเฉพาะขึ้นทะเบียน.shp","datasetId":"roads","geometryDisplayRepair":false,"villageIds":["v04"],"villageId":"v04","electionIds":["e03"],"electionId":"e03","insideMunicipality":true,"roadName":"ซอยห้วยซัน6","surface":"คอนกรีต","lengthSource":null}},{"type":"Feature","id":"roads-000261","geometry":{"type":"LineString","coordinates":[[102.89751583891572,16.516148247182187],[102.89727988401154,16.51613421238366],[102.89725795250263,16.515990816093197],[102.89723147392228,16.51581234440479],[102.8972273453773,16.51575866809081]]},"properties":{"id":"roads-000261","label":"ซอยห้วยซัน7","sourceRecord":261,"sourceFolder":"ถนนขึ้นทะเบียนทางหลวง","sourceFile":"ถนนเฉพาะขึ้นทะเบียน.shp","datasetId":"roads","geometryDisplayRepair":false,"villageIds":["v04"],"villageId":"v04","electionIds":["e03"],"electionId":"e03","insideMunicipality":true,"roadName":"ซอยห้วยซัน7","surface":null,"lengthSource":null}},{"type":"Feature","id":"roads-000262","geometry":{"type":"LineString","coordinates":[[102.89768855034076,16.519054119741437],[102.89776912142082,16.51909956045122],[102.89857919106208,16.51877970548362],[102.89868867541935,16.51880993868923],[102.89895824238171,16.51938393162703],[102.89924301481828,16.51992939218207],[102.89965078645001,16.52065796029631],[102.90005375970942,16.52154540049069],[102.90010483989451,16.52174734025567],[102.90021156535302,16.522427440556122],[102.90032530727156,16.5227325247399]]},"properties":{"id":"roads-000262","label":"ซอยห้วยซัน12","sourceRecord":262,"sourceFolder":"ถนนขึ้นทะเบียนทางหลวง","sourceFile":"ถนนเฉพาะขึ้นทะเบียน.shp","datasetId":"roads","geometryDisplayRepair":false,"villageIds":["v04"],"villageId":"v04","electionIds":["e03"],"electionId":"e03","insideMunicipality":true,"roadName":"ซอยห้วยซัน12","surface":null,"lengthSource":null}},{"type":"Feature","id":"roads-000263","geometry":{"type":"LineString","coordinates":[[102.89528218619321,16.49905663815611],[102.89537985962171,16.499082418096446],[102.89565177404317,16.499153977714073],[102.89577528499301,16.499234180296313],[102.89594565019932,16.49940649115188],[102.89597111609015,16.499432114150455],[102.89613526176294,16.499517730226874],[102.89638181486724,16.499615765944412],[102.8967407693373,16.499614408874407],[102.8974720604619,16.49954974442771],[102.89749406513552,16.499547823568985],[102.89816749821834,16.499488195996985],[102.89876317306644,16.499441554429612],[102.89899781897215,16.499423142864828],[102.89906278714031,16.49943279489596],[102.89918000630084,16.49945008086675],[102.89957499678624,16.499580940178134],[102.90000354189301,16.49975989637749],[102.90020872047457,16.499790184553262],[102.90079738348058,16.499807158883357],[102.90099600536797,16.499755302463484],[102.90109477705803,16.49967882383056],[102.90120076286301,16.499561336812036],[102.90133829759391,16.499488723411545],[102.90159639598625,16.499393661316216],[102.90181812324035,16.499149529917457],[102.90186399580752,16.499134846393083],[102.90198551372472,16.499095932906265],[102.90211979558022,16.499052915800096],[102.90224441079681,16.49903537086013],[102.90226364540051,16.499032636992272],[102.90262450696743,16.498981686858524],[102.90282165942294,16.49901169259423],[102.90311640106863,16.4990564352],[102.90330363128017,16.499134175424395],[102.90356112327981,16.49924092790731],[102.90376030692359,16.499458843120408],[102.90386446323323,16.499756332871176],[102.90394427219059,16.499858328739943],[102.90408890230509,16.499896485355734],[102.90488904787918,16.500110213250892],[102.90551702271038,16.500225434454244],[102.90566859664204,16.500197306224585],[102.90579878341502,16.50016402193533]]},"properties":{"id":"roads-000263","label":"ถนนบึงอีเฒ่า-ท่าแก","sourceRecord":263,"sourceFolder":"ถนนขึ้นทะเบียนทางหลวง","sourceFile":"ถนนเฉพาะขึ้นทะเบียน.shp","datasetId":"roads","geometryDisplayRepair":false,"villageIds":["v06","v05"],"villageId":null,"electionIds":["e03"],"electionId":"e03","insideMunicipality":true,"roadName":"ถนนบึงอีเฒ่า-ท่าแก","surface":null,"lengthSource":null}},{"type":"Feature","id":"roads-000264","geometry":{"type":"LineString","coordinates":[[102.89594565019932,16.49940649115188],[102.89590833420225,16.500069154035295],[102.89578270845605,16.50037865261245],[102.89575679809373,16.50071109924599],[102.89570709019846,16.500964369063993],[102.89569136472633,16.501731134324885],[102.89563818899362,16.50211619590171],[102.89562939212664,16.502531688233656],[102.89568076163961,16.503219271447623],[102.89565005804116,16.503885968564592],[102.89565755163004,16.50402369168207],[102.8957463316269,16.50443530990135],[102.89582627527491,16.504604751821677],[102.89607946263995,16.504929961135222],[102.89623586748512,16.505137569170156],[102.89629390297313,16.505514371317958],[102.89628593995425,16.506236062975],[102.89670418625263,16.50626876898696],[102.89730840890498,16.506062772878497],[102.89803193748311,16.50537992355254]]},"properties":{"id":"roads-000264","label":"ถนนบ้านบึงอีเฒ่า ทล.ขก.1027","sourceRecord":264,"sourceFolder":"ถนนขึ้นทะเบียนทางหลวง","sourceFile":"ถนนเฉพาะขึ้นทะเบียน.shp","datasetId":"roads","geometryDisplayRepair":false,"villageIds":["v05","v04"],"villageId":null,"electionIds":["e03"],"electionId":"e03","insideMunicipality":true,"roadName":"ถนนบ้านบึงอีเฒ่า ทล.ขก.1027","surface":"ลูกรัง","lengthSource":null}},{"type":"Feature","id":"roads-000265","geometry":{"type":"LineString","coordinates":[[102.89578727304489,16.50069871783358],[102.89653525040355,16.50047790263922],[102.89699183506545,16.500241628848556],[102.89700254136598,16.50023814488099],[102.89738025727883,16.50011497001405],[102.8975414546847,16.500076014968794],[102.89757182143033,16.500086639093503],[102.89768528201924,16.500126039788938],[102.89798974068368,16.500125838862786],[102.89805232667396,16.500125756816065],[102.89824347019233,16.500155403126588],[102.89843140943945,16.500232504889908],[102.89855759656886,16.500324311780112],[102.89877081054169,16.500507232561446]]},"properties":{"id":"roads-000265","label":"ถนนหลังวัดสโมสรวนาราม","sourceRecord":265,"sourceFolder":"ถนนขึ้นทะเบียนทางหลวง","sourceFile":"ถนนเฉพาะขึ้นทะเบียน.shp","datasetId":"roads","geometryDisplayRepair":false,"villageIds":["v05"],"villageId":"v05","electionIds":["e03"],"electionId":"e03","insideMunicipality":true,"roadName":"ถนนหลังวัดสโมสรวนาราม","surface":null,"lengthSource":null}},{"type":"Feature","id":"roads-000266","geometry":{"type":"LineString","coordinates":[[102.89798974068368,16.500125838862786],[102.89798391088392,16.500407398905974],[102.89789650974646,16.50062637019045],[102.89783129162115,16.500772867301556],[102.89776769467181,16.501158704404663],[102.89761398835489,16.501291538119276],[102.89717558689313,16.50162427004771],[102.89701706968972,16.501784441942814],[102.89688208847623,16.50210812681975],[102.89684921704644,16.50226571154845],[102.89679525803092,16.502903782857373],[102.89609243677975,16.50290201952993],[102.8959924168291,16.50230573897191],[102.89596085371394,16.502019719358316],[102.89595857003295,16.50183776445805],[102.89597740569425,16.501657613690053],[102.89603553976971,16.501488034893608],[102.89618576628773,16.50126777141268],[102.89648742800104,16.500930020831948],[102.89660277563753,16.50084219557281],[102.89709825212259,16.500523775046567],[102.8973635684129,16.500387710499453],[102.8974771808446,16.50034385837129],[102.89768984028333,16.50031457142478],[102.89798600047284,16.50030387277475]]},"properties":{"id":"roads-000266","label":"ถนนรอบบึงอีเฒ่า","sourceRecord":266,"sourceFolder":"ถนนขึ้นทะเบียนทางหลวง","sourceFile":"ถนนเฉพาะขึ้นทะเบียน.shp","datasetId":"roads","geometryDisplayRepair":false,"villageIds":["v05"],"villageId":"v05","electionIds":["e03"],"electionId":"e03","insideMunicipality":true,"roadName":"ถนนรอบบึงอีเฒ่า","surface":"ลูกรัง","lengthSource":null}},{"type":"Feature","id":"roads-000267","geometry":{"type":"LineString","coordinates":[[102.89173280459799,16.49455127084965],[102.89195387103699,16.494364535363367],[102.89215755913686,16.494135245391515],[102.89223734782583,16.49399609995145],[102.89228184876326,16.493830907261714],[102.89230201815808,16.493557909712813],[102.89236229406201,16.493458998867922],[102.8925225423964,16.493254856478814],[102.89255956090413,16.49314924100401],[102.89258227643916,16.493017706335934],[102.8925046074094,16.492767151383863],[102.89239058226823,16.492499060304887],[102.89228752211908,16.492324589650458],[102.89219234967129,16.492183259906167],[102.89205761675262,16.492093771628316],[102.89140802442638,16.491904236988812],[102.89130216197313,16.491804172799817],[102.89128624267117,16.491495069705415],[102.89127607195152,16.4912142073858],[102.8912847488134,16.49097241746049],[102.89133018666917,16.490840882011256],[102.89142560918259,16.490634808727524],[102.89175997998949,16.48976512504943],[102.89190404386602,16.48938006035979],[102.89210504565784,16.489007630348876],[102.89245543250483,16.487834900779216],[102.89273423906486,16.48782431246913],[102.89385081365278,16.48797409785068],[102.89446886055758,16.488272205453615],[102.8948623564334,16.488428474991913],[102.89535182014471,16.48860459686316],[102.89555070762283,16.488687631107318],[102.89601452506353,16.489068017639713],[102.8966349938864,16.489483984175788],[102.89798406403865,16.49024717155833],[102.89872347756784,16.490630690605112]]},"properties":{"id":"roads-000267","label":"ซอยชมดาว","sourceRecord":267,"sourceFolder":"ถนนขึ้นทะเบียนทางหลวง","sourceFile":"ถนนเฉพาะขึ้นทะเบียน.shp","datasetId":"roads","geometryDisplayRepair":false,"villageIds":["v08","v05"],"villageId":null,"electionIds":["e03"],"electionId":"e03","insideMunicipality":true,"roadName":"ซอยชมดาว","surface":"ลูกรัง","lengthSource":null}},{"type":"Feature","id":"roads-000268","geometry":{"type":"LineString","coordinates":[[102.89872350617459,16.49063070544286],[102.89855925286044,16.490927881223268],[102.89839140584048,16.491277619983105],[102.89825349809045,16.49163019328843],[102.89820472314769,16.49176366532748],[102.89817948356364,16.49203872812551],[102.8981419505869,16.492356862769302],[102.8981021307607,16.492493042135624],[102.89792266028371,16.492938078761732],[102.89777940195847,16.493267439973547],[102.8977394528934,16.493467709803255],[102.89744294933288,16.49465837113803],[102.89738455164435,16.49482459799894],[102.89730463057896,16.494940147052226],[102.89707835825185,16.49517112056629],[102.89701942018549,16.49526487468966],[102.89700231969746,16.495379129808207],[102.89706944862594,16.49580416040121],[102.89740823191919,16.496939197926157],[102.89771117301775,16.49775649296971],[102.89765184585103,16.498020596566324],[102.89757700406045,16.498156004254213]]},"properties":{"id":"roads-000268","label":"ถนนหลังคลองชลประทานสาย168","sourceRecord":268,"sourceFolder":"ถนนขึ้นทะเบียนทางหลวง","sourceFile":"ถนนเฉพาะขึ้นทะเบียน.shp","datasetId":"roads","geometryDisplayRepair":false,"villageIds":["v05"],"villageId":"v05","electionIds":["e03"],"electionId":"e03","insideMunicipality":true,"roadName":"ถนนหลังคลองชลประทานสาย168","surface":"ลูกรัง","lengthSource":null}},{"type":"Feature","id":"roads-000269","geometry":{"type":"LineString","coordinates":[[102.89537985962171,16.499082418096446],[102.89545860536654,16.498770348758608],[102.89552622669862,16.498566338568434],[102.89574408315201,16.498317443270544],[102.8959980348455,16.498170419715873],[102.89629984269351,16.49809741286222],[102.89701173765044,16.49812547967339],[102.89805405188504,16.498176217158466],[102.89951046008963,16.498246776985525],[102.9021155879835,16.498387120617927],[102.90214182423418,16.498388402517822],[102.905256960879,16.498536068460936],[102.90532996861273,16.49853949094615]]},"properties":{"id":"roads-000269","label":"ถนนริมคลองชลประทาน","sourceRecord":269,"sourceFolder":"ถนนขึ้นทะเบียนทางหลวง","sourceFile":"ถนนเฉพาะขึ้นทะเบียน.shp","datasetId":"roads","geometryDisplayRepair":false,"villageIds":["v06","v05"],"villageId":null,"electionIds":["e03"],"electionId":"e03","insideMunicipality":true,"roadName":"ถนนริมคลองชลประทาน","surface":null,"lengthSource":null}},{"type":"Feature","id":"roads-000270","geometry":{"type":"LineString","coordinates":[[102.9053299413611,16.498539502231424],[102.90539439713382,16.49855831166681],[102.90557139732974,16.498804855759303],[102.90568127705967,16.498867516434842],[102.90586894613007,16.498897414042432],[102.90591253340097,16.499005474035673],[102.90591094881374,16.499288448940934]]},"properties":{"id":"roads-000270","label":"ถนนหนองแสง","sourceRecord":270,"sourceFolder":"ถนนขึ้นทะเบียนทางหลวง","sourceFile":"ถนนเฉพาะขึ้นทะเบียน.shp","datasetId":"roads","geometryDisplayRepair":false,"villageIds":["v06"],"villageId":"v06","electionIds":["e03"],"electionId":"e03","insideMunicipality":true,"roadName":"ถนนหนองแสง","surface":null,"lengthSource":null}},{"type":"Feature","id":"roads-000271","geometry":{"type":"LineString","coordinates":[[102.89700254136598,16.50023814488099],[102.89674074212667,16.499614420144145]]},"properties":{"id":"roads-000271","label":"ถนนบึงอีเฒ่า1","sourceRecord":271,"sourceFolder":"ถนนขึ้นทะเบียนทางหลวง","sourceFile":"ถนนเฉพาะขึ้นทะเบียน.shp","datasetId":"roads","geometryDisplayRepair":false,"villageIds":["v05"],"villageId":"v05","electionIds":["e03"],"electionId":"e03","insideMunicipality":true,"roadName":"ถนนบึงอีเฒ่า1","surface":null,"lengthSource":null}},{"type":"Feature","id":"roads-000272","geometry":{"type":"LineString","coordinates":[[102.87544488936803,16.481702907635775],[102.87554682909747,16.48150241015968],[102.87534471918912,16.48041426494598]]},"properties":{"id":"roads-000272","label":"ซอยหลังโรงเรียนบ้านหนองหิน","sourceRecord":272,"sourceFolder":"ถนนขึ้นทะเบียนทางหลวง","sourceFile":"ถนนเฉพาะขึ้นทะเบียน.shp","datasetId":"roads","geometryDisplayRepair":false,"villageIds":["v08","v22"],"villageId":null,"electionIds":["e03"],"electionId":"e03","insideMunicipality":true,"roadName":"ซอยหลังโรงเรียนบ้านหนองหิน","surface":null,"lengthSource":null}},{"type":"Feature","id":"roads-000273","geometry":{"type":"LineString","coordinates":[[102.87219054745869,16.482060756833004],[102.87222280218094,16.481614094828124],[102.87223358620858,16.481518451247133],[102.87225355440378,16.481342005167537],[102.87233579274968,16.480881200622214]]},"properties":{"id":"roads-000273","label":"ซอยประชาร่วมใจ6","sourceRecord":273,"sourceFolder":"ถนนขึ้นทะเบียนทางหลวง","sourceFile":"ถนนเฉพาะขึ้นทะเบียน.shp","datasetId":"roads","geometryDisplayRepair":false,"villageIds":["v22"],"villageId":"v22","electionIds":["e03"],"electionId":"e03","insideMunicipality":true,"roadName":"ซอยประชาร่วมใจ6","surface":null,"lengthSource":null}},{"type":"Feature","id":"roads-000274","geometry":{"type":"LineString","coordinates":[[102.87291748674245,16.482090234577317],[102.87279989705843,16.481793879728322],[102.8727012865335,16.481258204460996],[102.87272217215452,16.480969252935722]]},"properties":{"id":"roads-000274","label":"ซอยทานตะวัน1","sourceRecord":274,"sourceFolder":"ถนนขึ้นทะเบียนทางหลวง","sourceFile":"ถนนเฉพาะขึ้นทะเบียน.shp","datasetId":"roads","geometryDisplayRepair":false,"villageIds":["v22"],"villageId":"v22","electionIds":["e03"],"electionId":"e03","insideMunicipality":true,"roadName":"ซอยทานตะวัน1","surface":null,"lengthSource":null}},{"type":"Feature","id":"roads-000275","geometry":{"type":"LineString","coordinates":[[102.87381348827742,16.481043159495364],[102.87355858838166,16.481203884007613],[102.87327818603097,16.481303941159464]]},"properties":{"id":"roads-000275","label":"ทานตะวัน ซอย 2","sourceRecord":275,"sourceFolder":"ถนนขึ้นทะเบียนทางหลวง","sourceFile":"ถนนเฉพาะขึ้นทะเบียน.shp","datasetId":"roads","geometryDisplayRepair":false,"villageIds":["v22"],"villageId":"v22","electionIds":["e03"],"electionId":"e03","insideMunicipality":true,"roadName":"ทานตะวัน ซอย 2","surface":null,"lengthSource":null}},{"type":"Feature","id":"roads-000276","geometry":{"type":"LineString","coordinates":[[102.87409023521374,16.481516081161757],[102.87378203489827,16.48163923809569],[102.8735804879213,16.481687072378563]]},"properties":{"id":"roads-000276","label":"ทาตะวัน ซอย 3","sourceRecord":276,"sourceFolder":"ถนนขึ้นทะเบียนทางหลวง","sourceFile":"ถนนเฉพาะขึ้นทะเบียน.shp","datasetId":"roads","geometryDisplayRepair":false,"villageIds":["v22"],"villageId":"v22","electionIds":["e03"],"electionId":"e03","insideMunicipality":true,"roadName":"ทาตะวัน ซอย 3","surface":null,"lengthSource":null}},{"type":"Feature","id":"roads-000277","geometry":{"type":"LineString","coordinates":[[102.86887855146533,16.47995746153154],[102.86895175635827,16.4798238685248],[102.86914034189687,16.479712077247893],[102.86956802655546,16.479574121600628],[102.86992193309588,16.479497284784884],[102.87051841223592,16.479415946312074],[102.8707055061466,16.47939235663857],[102.87087485597526,16.479370959321972],[102.87125931875465,16.479349423677846],[102.8713411580047,16.479344803957652],[102.87172419434657,16.47937035403422],[102.87193181933182,16.479417168118278],[102.87223673262291,16.479485789211964],[102.87253636942349,16.479583290161937],[102.87255284816155,16.479595283365665]]},"properties":{"id":"roads-000277","label":"ซอยกลางบ้านหนองหิน (ซอย1)","sourceRecord":277,"sourceFolder":"ถนนขึ้นทะเบียนทางหลวง","sourceFile":"ถนนเฉพาะขึ้นทะเบียน.shp","datasetId":"roads","geometryDisplayRepair":false,"villageIds":["v08","v22"],"villageId":null,"electionIds":["e03"],"electionId":"e03","insideMunicipality":true,"roadName":"ซอยกลางบ้านหนองหิน (ซอย1)","surface":null,"lengthSource":null}},{"type":"Feature","id":"roads-000278","geometry":{"type":"LineString","coordinates":[[102.8688869589751,16.477299225852995],[102.8692889413365,16.477782047921416],[102.86957412857407,16.478071175879048],[102.86992480237065,16.478392545217442],[102.87009613427227,16.47848101585726],[102.8705767225366,16.478678080307127],[102.87076957321342,16.47875146402225],[102.87087715498237,16.478851407804004],[102.87106679041496,16.479081855893146],[102.87125931875465,16.479349423677846]]},"properties":{"id":"roads-000278","label":"ซอยกลางบ้านหนองหิน (ซอย5)","sourceRecord":278,"sourceFolder":"ถนนขึ้นทะเบียนทางหลวง","sourceFile":"ถนนเฉพาะขึ้นทะเบียน.shp","datasetId":"roads","geometryDisplayRepair":false,"villageIds":["v08"],"villageId":"v08","electionIds":["e03"],"electionId":"e03","insideMunicipality":true,"roadName":"ซอยกลางบ้านหนองหิน (ซอย5)","surface":null,"lengthSource":null}},{"type":"Feature","id":"roads-000279","geometry":{"type":"LineString","coordinates":[[102.87194130915927,16.480773464015932],[102.87193181933182,16.479417168118278]]},"properties":{"id":"roads-000279","label":"ซอยกลางบ้านหนองหิน3","sourceRecord":279,"sourceFolder":"ถนนขึ้นทะเบียนทางหลวง","sourceFile":"ถนนเฉพาะขึ้นทะเบียน.shp","datasetId":"roads","geometryDisplayRepair":false,"villageIds":["v08","v22"],"villageId":null,"electionIds":["e03"],"electionId":"e03","insideMunicipality":true,"roadName":"ซอยกลางบ้านหนองหิน3","surface":null,"lengthSource":null}},{"type":"Feature","id":"roads-000280","geometry":{"type":"LineString","coordinates":[[102.87067162901556,16.48042642424694],[102.8707055061466,16.47939235663857]]},"properties":{"id":"roads-000280","label":"ซอยกลางบ้านหนองหิน2(นางสุภาพ)","sourceRecord":280,"sourceFolder":"ถนนขึ้นทะเบียนทางหลวง","sourceFile":"ถนนเฉพาะขึ้นทะเบียน.shp","datasetId":"roads","geometryDisplayRepair":false,"villageIds":["v08","v22"],"villageId":null,"electionIds":["e03"],"electionId":"e03","insideMunicipality":true,"roadName":"ซอยกลางบ้านหนองหิน2(นางสุภาพ)","surface":null,"lengthSource":null}},{"type":"Feature","id":"roads-000281","geometry":{"type":"LineString","coordinates":[[102.87051909235755,16.48042809813791],[102.8706325275893,16.48104024357868],[102.87073236039441,16.48110872263766],[102.8708261689681,16.481364827927067],[102.87095339486048,16.481535825889786],[102.87127773232307,16.481853198087844]]},"properties":{"id":"roads-000281","label":"ซอยประชาร่วมใจ (ซอย4)","sourceRecord":281,"sourceFolder":"ถนนขึ้นทะเบียนทางหลวง","sourceFile":"ถนนเฉพาะขึ้นทะเบียน.shp","datasetId":"roads","geometryDisplayRepair":false,"villageIds":["v22"],"villageId":"v22","electionIds":["e03"],"electionId":"e03","insideMunicipality":true,"roadName":"ซอยประชาร่วมใจ (ซอย4)","surface":"ลูกรัง","lengthSource":null}},{"type":"Feature","id":"roads-000282","geometry":{"type":"LineString","coordinates":[[102.86897856337038,16.479981022473435],[102.8687908658146,16.48051917276355],[102.86876693235378,16.48067945969842],[102.86874366093392,16.480935816508428]]},"properties":{"id":"roads-000282","label":"ซอยประชาร่วมใจ2","sourceRecord":282,"sourceFolder":"ถนนขึ้นทะเบียนทางหลวง","sourceFile":"ถนนเฉพาะขึ้นทะเบียน.shp","datasetId":"roads","geometryDisplayRepair":false,"villageIds":["v22"],"villageId":"v22","electionIds":["e03"],"electionId":"e03","insideMunicipality":true,"roadName":"ซอยประชาร่วมใจ2","surface":null,"lengthSource":null}},{"type":"Feature","id":"roads-000283","geometry":{"type":"LineString","coordinates":[[102.86857305494038,16.479935003547258],[102.86849857490046,16.480513868200152],[102.86805153026481,16.480536041610296],[102.86797301112689,16.48053774247117],[102.86790394406108,16.48057608151384],[102.86776957609405,16.480655874700727]]},"properties":{"id":"roads-000283","label":"ซอยประชาร่วมใจ (ซอย1)","sourceRecord":283,"sourceFolder":"ถนนขึ้นทะเบียนทางหลวง","sourceFile":"ถนนเฉพาะขึ้นทะเบียน.shp","datasetId":"roads","geometryDisplayRepair":false,"villageIds":["v22"],"villageId":"v22","electionIds":["e03"],"electionId":"e03","insideMunicipality":true,"roadName":"ซอยประชาร่วมใจ (ซอย1)","surface":null,"lengthSource":null}},{"type":"Feature","id":"roads-000284","geometry":{"type":"LineString","coordinates":[[102.87140958653494,16.480680760492334],[102.87137193676413,16.48106192634549],[102.87131165402673,16.481250182994437],[102.87143758839544,16.481264810326913]]},"properties":{"id":"roads-000284","label":"ซอยประชาร่วมใจ5","sourceRecord":284,"sourceFolder":"ถนนขึ้นทะเบียนทางหลวง","sourceFile":"ถนนเฉพาะขึ้นทะเบียน.shp","datasetId":"roads","geometryDisplayRepair":false,"villageIds":["v22"],"villageId":"v22","electionIds":["e03"],"electionId":"e03","insideMunicipality":true,"roadName":"ซอยประชาร่วมใจ5","surface":null,"lengthSource":null}},{"type":"Feature","id":"roads-000285","geometry":{"type":"LineString","coordinates":[[102.8650003966012,16.47803904272933],[102.86501271779964,16.478285908413294],[102.8653562512299,16.479385983434874],[102.86555335780143,16.48001738029797],[102.86568159336434,16.480427673656642],[102.8660495669138,16.481605224834592]]},"properties":{"id":"roads-000285","label":"ซอยประปาถังสูง","sourceRecord":285,"sourceFolder":"ถนนขึ้นทะเบียนทางหลวง","sourceFile":"ถนนเฉพาะขึ้นทะเบียน.shp","datasetId":"roads","geometryDisplayRepair":false,"villageIds":["v25","v22"],"villageId":null,"electionIds":["e03"],"electionId":"e03","insideMunicipality":true,"roadName":"ซอยประปาถังสูง","surface":null,"lengthSource":null}},{"type":"Feature","id":"roads-000286","geometry":{"type":"LineString","coordinates":[[102.86568159336434,16.480427673656642],[102.86621754930405,16.48007173249322],[102.8664003965527,16.47986593701753],[102.86678133747625,16.479294703063612]]},"properties":{"id":"roads-000286","label":"ซอยจ่าไหม","sourceRecord":286,"sourceFolder":"ถนนขึ้นทะเบียนทางหลวง","sourceFile":"ถนนเฉพาะขึ้นทะเบียน.shp","datasetId":"roads","geometryDisplayRepair":false,"villageIds":["v25"],"villageId":"v25","electionIds":["e03"],"electionId":"e03","insideMunicipality":true,"roadName":"ซอยจ่าไหม","surface":null,"lengthSource":null}},{"type":"Feature","id":"roads-000287","geometry":{"type":"LineString","coordinates":[[102.86555335780143,16.48001738029797],[102.86582029570519,16.47984571440266],[102.86598081829024,16.479710712670773],[102.8664346037468,16.479066626415733]]},"properties":{"id":"roads-000287","label":"ซอยคุ้มไปรษณีย์","sourceRecord":287,"sourceFolder":"ถนนขึ้นทะเบียนทางหลวง","sourceFile":"ถนนเฉพาะขึ้นทะเบียน.shp","datasetId":"roads","geometryDisplayRepair":false,"villageIds":["v25"],"villageId":"v25","electionIds":["e03"],"electionId":"e03","insideMunicipality":true,"roadName":"ซอยคุ้มไปรษณีย์","surface":null,"lengthSource":null}},{"type":"Feature","id":"roads-000288","geometry":{"type":"LineString","coordinates":[[102.86037962487315,16.507245529803754],[102.85994379608807,16.507059719224795],[102.85965882238617,16.50693811054864],[102.85924394149653,16.50677661323486],[102.85867586684255,16.506710778531573],[102.85768407120558,16.506635861881087],[102.85690427398568,16.50654523654955],[102.85604530276768,16.506580841716207],[102.85576837077505,16.506592280078213],[102.85512327439959,16.50674461119786],[102.85503186252656,16.506748378774873],[102.85329390581005,16.506819396037255],[102.85278918482811,16.506802814364683],[102.85248123304227,16.506710954161832],[102.8520489981896,16.506463043330875],[102.85164484885507,16.50612873883343],[102.8513067101203,16.505921074202153],[102.84896688000175,16.505505120784793],[102.8487890710195,16.50547345883672],[102.84799566029426,16.505343339962547],[102.84771443326112,16.5053236903951],[102.84725407252282,16.505425222597346],[102.84725407660424,16.50542525682198]]},"properties":{"id":"roads-000288","label":"ถนนพานทองแท้-หนองกุง1","sourceRecord":288,"sourceFolder":"ถนนขึ้นทะเบียนทางหลวง","sourceFile":"ถนนเฉพาะขึ้นทะเบียน.shp","datasetId":"roads","geometryDisplayRepair":false,"villageIds":["v17","v07"],"villageId":null,"electionIds":["e03","e02"],"electionId":null,"insideMunicipality":true,"roadName":"ถนนพานทองแท้-หนองกุง1","surface":null,"lengthSource":null}},{"type":"Feature","id":"roads-000289","geometry":{"type":"LineString","coordinates":[[102.85357320378105,16.499544387647312],[102.85378781516685,16.50005195261687],[102.85387891037787,16.50026707514369],[102.85407697272835,16.500427776765562],[102.85419637619836,16.50049097584747],[102.85441270479828,16.500605261255586],[102.85554369295257,16.501023993377082],[102.85644295413044,16.501166475358385],[102.85679056638638,16.50119043671655],[102.85693857048238,16.501200582783486],[102.857623707864,16.501331942437233],[102.85814900131224,16.501343613169862],[102.85851949782138,16.501474673287472],[102.85916316256073,16.50191937604742],[102.85957854540806,16.50226295244897]]},"properties":{"id":"roads-000289","label":"ซอยจินดาโรจน์","sourceRecord":289,"sourceFolder":"ถนนขึ้นทะเบียนทางหลวง","sourceFile":"ถนนเฉพาะขึ้นทะเบียน.shp","datasetId":"roads","geometryDisplayRepair":false,"villageIds":["v17","v01","v07"],"villageId":null,"electionIds":["e03","e02"],"electionId":null,"insideMunicipality":true,"roadName":"ซอยจินดาโรจน์","surface":null,"lengthSource":null}},{"type":"Feature","id":"roads-000290","geometry":{"type":"LineString","coordinates":[[102.85957851837156,16.502262963654093],[102.8601565266345,16.502102086918843],[102.86045462252002,16.501999887800768],[102.86092847730538,16.501837415366527],[102.86116038041087,16.501757896626465],[102.86138163022305,16.50168956860993],[102.86197923100484,16.501504979913967]]},"properties":{"id":"roads-000290","label":"ซอยปู่ตา3","sourceRecord":290,"sourceFolder":"ถนนขึ้นทะเบียนทางหลวง","sourceFile":"ถนนเฉพาะขึ้นทะเบียน.shp","datasetId":"roads","geometryDisplayRepair":false,"villageIds":["v01","v07"],"villageId":null,"electionIds":["e03"],"electionId":"e03","insideMunicipality":true,"roadName":"ซอยปู่ตา3","surface":null,"lengthSource":null}},{"type":"Feature","id":"roads-000291","geometry":{"type":"LineString","coordinates":[[102.86127504261128,16.503494179596736],[102.86131821323924,16.502761935773076],[102.86138163022305,16.50168956860993]]},"properties":{"id":"roads-000291","label":"ซอยปู่ตา2","sourceRecord":291,"sourceFolder":"ถนนขึ้นทะเบียนทางหลวง","sourceFile":"ถนนเฉพาะขึ้นทะเบียน.shp","datasetId":"roads","geometryDisplayRepair":false,"villageIds":["v01","v07"],"villageId":null,"electionIds":["e03"],"electionId":"e03","insideMunicipality":true,"roadName":"ซอยปู่ตา2","surface":null,"lengthSource":null}},{"type":"Feature","id":"roads-000292","geometry":{"type":"LineString","coordinates":[[102.86080487165637,16.503703226814707],[102.86092847730538,16.501837415366527]]},"properties":{"id":"roads-000292","label":"ซอยปู่ตา4","sourceRecord":292,"sourceFolder":"ถนนขึ้นทะเบียนทางหลวง","sourceFile":"ถนนเฉพาะขึ้นทะเบียน.shp","datasetId":"roads","geometryDisplayRepair":false,"villageIds":["v01","v07"],"villageId":null,"electionIds":["e03"],"electionId":"e03","insideMunicipality":true,"roadName":"ซอยปู่ตา4","surface":null,"lengthSource":null}},{"type":"Feature","id":"roads-000293","geometry":{"type":"LineString","coordinates":[[102.8599271619491,16.502651381916298],[102.86041938233113,16.502690542278906],[102.86131821323924,16.502761935773076]]},"properties":{"id":"roads-000293","label":"ถนนศาลปู่ตา","sourceRecord":293,"sourceFolder":"ถนนขึ้นทะเบียนทางหลวง","sourceFile":"ถนนเฉพาะขึ้นทะเบียน.shp","datasetId":"roads","geometryDisplayRepair":false,"villageIds":["v07"],"villageId":"v07","electionIds":["e03"],"electionId":"e03","insideMunicipality":true,"roadName":"ถนนศาลปู่ตา","surface":null,"lengthSource":null}},{"type":"Feature","id":"roads-000294","geometry":{"type":"LineString","coordinates":[[102.8767108582885,16.48016587828289],[102.87640218046253,16.479291009848666],[102.87536579121623,16.47717485989116]]},"properties":{"id":"roads-000294","label":"ซอยประเสริฐฟาร์มปลา","sourceRecord":294,"sourceFolder":"ถนนขึ้นทะเบียนทางหลวง","sourceFile":"ถนนเฉพาะขึ้นทะเบียน.shp","datasetId":"roads","geometryDisplayRepair":false,"villageIds":["v08"],"villageId":"v08","electionIds":["e03"],"electionId":"e03","insideMunicipality":true,"roadName":"ซอยประเสริฐฟาร์มปลา","surface":"ลูกรัง","lengthSource":null}},{"type":"Feature","id":"roads-000295","geometry":{"type":"LineString","coordinates":[[102.8770352790859,16.480140918798412],[102.87710502627475,16.480050818012224],[102.87769322565194,16.47966822334919],[102.87741057788968,16.47852311150528],[102.8772433954388,16.47787279613534],[102.87708883401879,16.477726173304756],[102.8768576995786,16.47722731252711],[102.87657905530736,16.47669150551362],[102.87638260295483,16.476265955167793],[102.87594960140345,16.475635363669063],[102.87577258846925,16.475552378175422],[102.87532013034871,16.475467064707033],[102.87509079895047,16.475253898952325],[102.87509076921077,16.475253919498716]]},"properties":{"id":"roads-000295","label":"ขก.ถ.","sourceRecord":295,"sourceFolder":"ถนนขึ้นทะเบียนทางหลวง","sourceFile":"ถนนเฉพาะขึ้นทะเบียน.shp","datasetId":"roads","geometryDisplayRepair":false,"villageIds":["v08"],"villageId":"v08","electionIds":["e03"],"electionId":"e03","insideMunicipality":true,"roadName":"ขก.ถ.","surface":"ลูกรัง","lengthSource":null}},{"type":"Feature","id":"roads-000296","geometry":{"type":"LineString","coordinates":[[102.87271991066194,16.478452041920853],[102.87389789811857,16.47834487427845],[102.87422965559419,16.47906128292795],[102.8736066999982,16.479922174630907]]},"properties":{"id":"roads-000296","label":"ซอย6 (หลังโรงเรียนอนุบาลตั้งใจ)","sourceRecord":296,"sourceFolder":"ถนนขึ้นทะเบียนทางหลวง","sourceFile":"ถนนเฉพาะขึ้นทะเบียน.shp","datasetId":"roads","geometryDisplayRepair":false,"villageIds":["v08"],"villageId":"v08","electionIds":["e03"],"electionId":"e03","insideMunicipality":true,"roadName":"ซอย6 (หลังโรงเรียนอนุบาลตั้งใจ)","surface":"ลูกรัง","lengthSource":null}},{"type":"Feature","id":"roads-000297","geometry":{"type":"LineString","coordinates":[[102.8729166501452,16.477732193921987],[102.87305133050064,16.477656427710713],[102.8735510167976,16.47753541364988],[102.87361583181692,16.477519700766756]]},"properties":{"id":"roads-000297","label":"ซอยกลางบ้านหนองหิน7(หน้าโรงเรียนอนุบาลตั้งใจ)","sourceRecord":297,"sourceFolder":"ถนนขึ้นทะเบียนทางหลวง","sourceFile":"ถนนเฉพาะขึ้นทะเบียน.shp","datasetId":"roads","geometryDisplayRepair":false,"villageIds":["v08"],"villageId":"v08","electionIds":["e03"],"electionId":"e03","insideMunicipality":true,"roadName":"ซอยกลางบ้านหนองหิน7(หน้าโรงเรียนอนุบาลตั้งใจ)","surface":null,"lengthSource":null}},{"type":"Feature","id":"roads-000298","geometry":{"type":"LineString","coordinates":[[102.86226404857948,16.473845648214777],[102.86231896929543,16.473839892481593],[102.86254098910787,16.47380509432847],[102.86273784690692,16.473808205830668]]},"properties":{"id":"roads-000298","label":"ซอยบุญเถิง","sourceRecord":298,"sourceFolder":"ถนนขึ้นทะเบียนทางหลวง","sourceFile":"ถนนเฉพาะขึ้นทะเบียน.shp","datasetId":"roads","geometryDisplayRepair":false,"villageIds":["v09"],"villageId":"v09","electionIds":["e03"],"electionId":"e03","insideMunicipality":true,"roadName":"ซอยบุญเถิง","surface":null,"lengthSource":null}},{"type":"Feature","id":"roads-000299","geometry":{"type":"LineString","coordinates":[[102.86280616466081,16.472946346270728],[102.86284916926274,16.473099299117457],[102.8628615812877,16.473288086527944],[102.86298164491969,16.473462569147287]]},"properties":{"id":"roads-000299","label":"ซอยวิรัช","sourceRecord":299,"sourceFolder":"ถนนขึ้นทะเบียนทางหลวง","sourceFile":"ถนนเฉพาะขึ้นทะเบียน.shp","datasetId":"roads","geometryDisplayRepair":false,"villageIds":["v09"],"villageId":"v09","electionIds":["e03"],"electionId":"e03","insideMunicipality":true,"roadName":"ซอยวิรัช","surface":null,"lengthSource":null}},{"type":"Feature","id":"roads-000300","geometry":{"type":"LineString","coordinates":[[102.86419914140671,16.473888306403776],[102.86413641027389,16.473662820650382],[102.86406193477738,16.473394750050826],[102.86382962500682,16.47278625301339],[102.86382044844474,16.472754766802268],[102.86369651482899,16.472324954067425]]},"properties":{"id":"roads-000300","label":"ซอยละมุด","sourceRecord":300,"sourceFolder":"ถนนขึ้นทะเบียนทางหลวง","sourceFile":"ถนนเฉพาะขึ้นทะเบียน.shp","datasetId":"roads","geometryDisplayRepair":false,"villageIds":["v09","v25"],"villageId":null,"electionIds":["e03"],"electionId":"e03","insideMunicipality":true,"roadName":"ซอยละมุด","surface":null,"lengthSource":null}},{"type":"Feature","id":"roads-000301","geometry":{"type":"LineString","coordinates":[[102.86413641027389,16.473662820650382],[102.86400300213545,16.47368025851798],[102.86388172063468,16.473671544733552],[102.86363987670529,16.473688467121235],[102.86337502375905,16.473711426714335],[102.86329748483647,16.473686589736577],[102.86328508509928,16.473638639516505]]},"properties":{"id":"roads-000301","label":"ซอยร่วมใจพัฒนา","sourceRecord":301,"sourceFolder":"ถนนขึ้นทะเบียนทางหลวง","sourceFile":"ถนนเฉพาะขึ้นทะเบียน.shp","datasetId":"roads","geometryDisplayRepair":false,"villageIds":["v09"],"villageId":"v09","electionIds":["e03"],"electionId":"e03","insideMunicipality":true,"roadName":"ซอยร่วมใจพัฒนา","surface":null,"lengthSource":null}},{"type":"Feature","id":"roads-000302","geometry":{"type":"LineString","coordinates":[[102.86458778249069,16.473809639711522],[102.86454386534832,16.473624979327962],[102.86461485940347,16.47326559382926],[102.86448379974327,16.472706187725702],[102.86438791615824,16.472246034756047]]},"properties":{"id":"roads-000302","label":"ซอยโพธิ์เงิน","sourceRecord":302,"sourceFolder":"ถนนขึ้นทะเบียนทางหลวง","sourceFile":"ถนนเฉพาะขึ้นทะเบียน.shp","datasetId":"roads","geometryDisplayRepair":false,"villageIds":["v09","v25"],"villageId":null,"electionIds":["e03"],"electionId":"e03","insideMunicipality":true,"roadName":"ซอยโพธิ์เงิน","surface":null,"lengthSource":null}},{"type":"Feature","id":"roads-000303","geometry":{"type":"LineString","coordinates":[[102.86515652527342,16.473639323749904],[102.86498833975861,16.473294929829738]]},"properties":{"id":"roads-000303","label":"ซอยโพธิ์ทอง","sourceRecord":303,"sourceFolder":"ถนนขึ้นทะเบียนทางหลวง","sourceFile":"ถนนเฉพาะขึ้นทะเบียน.shp","datasetId":"roads","geometryDisplayRepair":false,"villageIds":["v09","v25"],"villageId":null,"electionIds":["e03"],"electionId":"e03","insideMunicipality":true,"roadName":"ซอยโพธิ์ทอง","surface":null,"lengthSource":null}},{"type":"Feature","id":"roads-000304","geometry":{"type":"LineString","coordinates":[[102.86530380107192,16.472749092188653],[102.86576155146629,16.47283589051888]]},"properties":{"id":"roads-000304","label":"ซอยประสิทธิ์","sourceRecord":304,"sourceFolder":"ถนนขึ้นทะเบียนทางหลวง","sourceFile":"ถนนเฉพาะขึ้นทะเบียน.shp","datasetId":"roads","geometryDisplayRepair":false,"villageIds":["v09","v25"],"villageId":null,"electionIds":["e03"],"electionId":"e03","insideMunicipality":true,"roadName":"ซอยประสิทธิ์","surface":null,"lengthSource":null}},{"type":"Feature","id":"roads-000305","geometry":{"type":"LineString","coordinates":[[102.86672627606761,16.47363344012451],[102.86761593795981,16.47330864128494]]},"properties":{"id":"roads-000305","label":"ซอยชายคลอง2","sourceRecord":305,"sourceFolder":"ถนนขึ้นทะเบียนทางหลวง","sourceFile":"ถนนเฉพาะขึ้นทะเบียน.shp","datasetId":"roads","geometryDisplayRepair":false,"villageIds":["v25"],"villageId":"v25","electionIds":["e03"],"electionId":"e03","insideMunicipality":true,"roadName":"ซอยชายคลอง2","surface":null,"lengthSource":null}},{"type":"Feature","id":"roads-000306","geometry":{"type":"LineString","coordinates":[[102.86680108203322,16.47385805828123],[102.86785067268974,16.47349105912134],[102.86814330457169,16.473324868360958],[102.86833596096517,16.473338767486037],[102.8684791593295,16.473138295955746]]},"properties":{"id":"roads-000306","label":"ซอยแสงจันทร์ (โกทา)","sourceRecord":306,"sourceFolder":"ถนนขึ้นทะเบียนทางหลวง","sourceFile":"ถนนเฉพาะขึ้นทะเบียน.shp","datasetId":"roads","geometryDisplayRepair":false,"villageIds":["v25"],"villageId":"v25","electionIds":["e03"],"electionId":"e03","insideMunicipality":true,"roadName":"ซอยแสงจันทร์ (โกทา)","surface":null,"lengthSource":null}},{"type":"Feature","id":"roads-000307","geometry":{"type":"LineString","coordinates":[[102.86406193477738,16.473394750050826],[102.86383631236592,16.473405842562116]]},"properties":{"id":"roads-000307","label":"ซอยน้ำแข็ง","sourceRecord":307,"sourceFolder":"ถนนขึ้นทะเบียนทางหลวง","sourceFile":"ถนนเฉพาะขึ้นทะเบียน.shp","datasetId":"roads","geometryDisplayRepair":false,"villageIds":["v09"],"villageId":"v09","electionIds":["e03"],"electionId":"e03","insideMunicipality":true,"roadName":"ซอยน้ำแข็ง","surface":null,"lengthSource":null}},{"type":"Feature","id":"roads-000308","geometry":{"type":"LineString","coordinates":[[102.89799530224575,16.471635509913245],[102.89815475469514,16.471719586352922],[102.89841283689714,16.471855531350382],[102.89871075749436,16.47210658084111],[102.89881950964924,16.47211835740623],[102.89893287953217,16.47213054664464],[102.8992162066043,16.47200784613705],[102.89949225069971,16.47188830207657],[102.89958156955595,16.471849622656357],[102.9001873495659,16.471490940500434],[102.90035000064117,16.4713982699036],[102.90053714630055,16.47129167046159],[102.90066033586535,16.47130780999647],[102.90078805430542,16.471495620870005],[102.90147362296268,16.471184124337263]]},"properties":{"id":"roads-000308","label":"ถนนทางเข้าบ้านดงพอง","sourceRecord":308,"sourceFolder":"ถนนขึ้นทะเบียนทางหลวง","sourceFile":"ถนนเฉพาะขึ้นทะเบียน.shp","datasetId":"roads","geometryDisplayRepair":false,"villageIds":["v10"],"villageId":"v10","electionIds":["e03"],"electionId":"e03","insideMunicipality":true,"roadName":"ถนนทางเข้าบ้านดงพอง","surface":null,"lengthSource":null}},{"type":"Feature","id":"roads-000309","geometry":{"type":"LineString","coordinates":[[102.8983004710799,16.475082088628128],[102.8978991915789,16.47476212809729],[102.897789711636,16.47449869755574],[102.89777585136775,16.474224282399145],[102.89793971337306,16.474060805562466],[102.89802792689957,16.4737555284676],[102.89819719856162,16.473653604358606],[102.89848426479567,16.473571564104148],[102.89886594691852,16.473426842807008],[102.89932232098299,16.473257886673952],[102.89934465299964,16.473249615189776],[102.90002145073589,16.473103054820655],[102.90005590610612,16.473095576416895],[102.90068254866163,16.472833994618835],[102.90121055635065,16.472551916779654],[102.90171948977549,16.472261146210627]]},"properties":{"id":"roads-000309","label":"ถนนกลางบ้านดงพอง","sourceRecord":309,"sourceFolder":"ถนนขึ้นทะเบียนทางหลวง","sourceFile":"ถนนเฉพาะขึ้นทะเบียน.shp","datasetId":"roads","geometryDisplayRepair":false,"villageIds":["v10"],"villageId":"v10","electionIds":["e03"],"electionId":"e03","insideMunicipality":true,"roadName":"ถนนกลางบ้านดงพอง","surface":"ลูกรัง","lengthSource":null}},{"type":"Feature","id":"roads-000310","geometry":{"type":"LineString","coordinates":[[102.89994389770834,16.471659540658003],[102.90008043576847,16.471842902107905],[102.90020524841776,16.47204357687644],[102.90035272336642,16.472331100830228],[102.9006825213929,16.472834005928956]]},"properties":{"id":"roads-000310","label":"ซอยบ้านดงพอง5","sourceRecord":310,"sourceFolder":"ถนนขึ้นทะเบียนทางหลวง","sourceFile":"ถนนเฉพาะขึ้นทะเบียน.shp","datasetId":"roads","geometryDisplayRepair":false,"villageIds":["v10"],"villageId":"v10","electionIds":["e03"],"electionId":"e03","insideMunicipality":true,"roadName":"ซอยบ้านดงพอง5","surface":null,"lengthSource":null}},{"type":"Feature","id":"roads-000311","geometry":{"type":"LineString","coordinates":[[102.89949225069971,16.47188830207657],[102.89957908769605,16.47208947972321],[102.90002145073589,16.473103054820655]]},"properties":{"id":"roads-000311","label":"ซอยบ้านดงพอง3","sourceRecord":311,"sourceFolder":"ถนนขึ้นทะเบียนทางหลวง","sourceFile":"ถนนเฉพาะขึ้นทะเบียน.shp","datasetId":"roads","geometryDisplayRepair":false,"villageIds":["v10"],"villageId":"v10","electionIds":["e03"],"electionId":"e03","insideMunicipality":true,"roadName":"ซอยบ้านดงพอง3","surface":null,"lengthSource":null}},{"type":"Feature","id":"roads-000312","geometry":{"type":"LineString","coordinates":[[102.90005587884063,16.473095587725634],[102.90031866134402,16.473640413012955]]},"properties":{"id":"roads-000312","label":"ซอยบ้านดงพอง4","sourceRecord":312,"sourceFolder":"ถนนขึ้นทะเบียนทางหลวง","sourceFile":"ถนนเฉพาะขึ้นทะเบียน.shp","datasetId":"roads","geometryDisplayRepair":false,"villageIds":["v10"],"villageId":"v10","electionIds":["e03"],"electionId":"e03","insideMunicipality":true,"roadName":"ซอยบ้านดงพอง4","surface":null,"lengthSource":null}},{"type":"Feature","id":"roads-000313","geometry":{"type":"LineString","coordinates":[[102.89881950964924,16.47211835740623],[102.89889595787501,16.4722837971383],[102.8989870018259,16.472603340028893],[102.89906962241896,16.472883036496214],[102.89932232098299,16.473257886673952]]},"properties":{"id":"roads-000313","label":"ซอยบ้านดงพอง1","sourceRecord":313,"sourceFolder":"ถนนขึ้นทะเบียนทางหลวง","sourceFile":"ถนนเฉพาะขึ้นทะเบียน.shp","datasetId":"roads","geometryDisplayRepair":false,"villageIds":["v10"],"villageId":"v10","electionIds":["e03"],"electionId":"e03","insideMunicipality":true,"roadName":"ซอยบ้านดงพอง1","surface":null,"lengthSource":null}},{"type":"Feature","id":"roads-000314","geometry":{"type":"LineString","coordinates":[[102.89934462573765,16.47324962649714],[102.89946147082547,16.473694983728727],[102.89968845298175,16.47419034450303],[102.89979011576564,16.4744294181718],[102.89981639071003,16.47456153041539],[102.89977663241625,16.474917353931108],[102.89956252231252,16.47553707155241],[102.89944265643015,16.475999882216183],[102.89910631145018,16.476218852109245],[102.89915122123692,16.476428887995183],[102.89934834497208,16.476833226895614],[102.89951504210076,16.477360091689924]]},"properties":{"id":"roads-000314","label":"ซอยบ้านดงพอง ซอย2 (ทองสุวรรณ)","sourceRecord":314,"sourceFolder":"ถนนขึ้นทะเบียนทางหลวง","sourceFile":"ถนนเฉพาะขึ้นทะเบียน.shp","datasetId":"roads","geometryDisplayRepair":false,"villageIds":["v10"],"villageId":"v10","electionIds":["e03"],"electionId":"e03","insideMunicipality":true,"roadName":"ซอยบ้านดงพอง ซอย2 (ทองสุวรรณ)","surface":"ลูกรัง","lengthSource":null}},{"type":"Feature","id":"roads-000315","geometry":{"type":"LineString","coordinates":[[102.89963322129023,16.474171683322425],[102.89927399263232,16.474334973435024],[102.89912795804834,16.47442677045255],[102.8988715759051,16.474646919786846],[102.89863704718991,16.47489453429072],[102.89851717191598,16.474969209720932],[102.8983004710799,16.475082088628128],[102.89822390010946,16.47512198199323],[102.89825229021534,16.475414715093198],[102.89819996513461,16.475640705093728],[102.89811342600906,16.475771764718065],[102.89780367636058,16.475996515155604],[102.89769715343373,16.47645059205632],[102.89756128148697,16.476460669217182],[102.8973873860322,16.476574500273596],[102.89706873817259,16.4766369281204],[102.89650116175537,16.47667909841346],[102.89644042428837,16.476516307540475],[102.89650912447806,16.476293951177]]},"properties":{"id":"roads-000315","label":"ซอยโรงสีคอกหมู","sourceRecord":315,"sourceFolder":"ถนนขึ้นทะเบียนทางหลวง","sourceFile":"ถนนเฉพาะขึ้นทะเบียน.shp","datasetId":"roads","geometryDisplayRepair":false,"villageIds":["v10"],"villageId":"v10","electionIds":["e03"],"electionId":"e03","insideMunicipality":true,"roadName":"ซอยโรงสีคอกหมู","surface":null,"lengthSource":null}},{"type":"Feature","id":"roads-000316","geometry":{"type":"LineString","coordinates":[[102.88245249536874,16.478344006090015],[102.88248316569737,16.478087516542807],[102.88169149040827,16.475726511956125],[102.88143926151645,16.474973916927404],[102.88113657631787,16.474070739974604],[102.88114600303675,16.473981553699193],[102.88143124799393,16.471305644945865],[102.88185462863635,16.47089479439443],[102.88406836225815,16.47035102759284],[102.88706879651156,16.472127807965133],[102.88708109449716,16.47216612215291],[102.88737675013705,16.47308006086042]]},"properties":{"id":"roads-000316","label":"ถนนกุดสามขา","sourceRecord":316,"sourceFolder":"ถนนขึ้นทะเบียนทางหลวง","sourceFile":"ถนนเฉพาะขึ้นทะเบียน.shp","datasetId":"roads","geometryDisplayRepair":false,"villageIds":["v16","v10","v08"],"villageId":null,"electionIds":["e03"],"electionId":"e03","insideMunicipality":true,"roadName":"ถนนกุดสามขา","surface":"ลูกรัง","lengthSource":null}},{"type":"Feature","id":"roads-000317","geometry":{"type":"LineString","coordinates":[[102.88114600303675,16.473981553699193],[102.88708109449716,16.47216612215291]]},"properties":{"id":"roads-000317","label":"ซอยกุดสามขา (ซอย1)","sourceRecord":317,"sourceFolder":"ถนนขึ้นทะเบียนทางหลวง","sourceFile":"ถนนเฉพาะขึ้นทะเบียน.shp","datasetId":"roads","geometryDisplayRepair":false,"villageIds":["v08"],"villageId":"v08","electionIds":["e03"],"electionId":"e03","insideMunicipality":true,"roadName":"ซอยกุดสามขา (ซอย1)","surface":"ลูกรัง","lengthSource":null}},{"type":"Feature","id":"roads-000318","geometry":{"type":"LineString","coordinates":[[102.88258611319444,16.47365770611597],[102.88356645033953,16.476483720555585],[102.88724707517959,16.475299836507435]]},"properties":{"id":"roads-000318","label":"ซอยกุดสามขา (ซอย2)","sourceRecord":318,"sourceFolder":"ถนนขึ้นทะเบียนทางหลวง","sourceFile":"ถนนเฉพาะขึ้นทะเบียน.shp","datasetId":"roads","geometryDisplayRepair":false,"villageIds":["v08"],"villageId":"v08","electionIds":["e03"],"electionId":"e03","insideMunicipality":true,"roadName":"ซอยกุดสามขา (ซอย2)","surface":null,"lengthSource":null}},{"type":"Feature","id":"roads-000319","geometry":{"type":"LineString","coordinates":[[102.87802112653907,16.47524103069539],[102.87871846863693,16.47436973020647],[102.87880056273632,16.47411701390017],[102.87883213884697,16.473822516185358],[102.87881500119349,16.473508868488732],[102.87863307978999,16.47310121235999],[102.87848781715289,16.47279820055065],[102.87659994583888,16.468857463786495],[102.87643022495274,16.468502959174277],[102.87544398911498,16.466587982386553],[102.87508468131345,16.465779920555807],[102.87498907217531,16.465320328425015],[102.87500291294835,16.464901939147275],[102.8753018107282,16.46421197919904],[102.87551444781147,16.463685015133397],[102.87781614852473,16.45798262343112],[102.8781532946627,16.45714717263352],[102.87941562104929,16.454019577282484],[102.88100325684063,16.450130464693526]]},"properties":{"id":"roads-000319","label":"ถนนคันคลอง 1R 3L ดอนยาง-หัวถนน","sourceRecord":319,"sourceFolder":"ถนนขึ้นทะเบียนทางหลวง","sourceFile":"ถนนเฉพาะขึ้นทะเบียน.shp","datasetId":"roads","geometryDisplayRepair":false,"villageIds":["v16","v08"],"villageId":null,"electionIds":["e03"],"electionId":"e03","insideMunicipality":true,"roadName":"ถนนคันคลอง 1R 3L ดอนยาง-หัวถนน","surface":null,"lengthSource":null}},{"type":"Feature","id":"roads-000320","geometry":{"type":"LineString","coordinates":[[102.87969841340387,16.47230268531699],[102.8796521568712,16.463589359736936]]},"properties":{"id":"roads-000320","label":"ซอยดอนยางกลางทุ่ง3","sourceRecord":320,"sourceFolder":"ถนนขึ้นทะเบียนทางหลวง","sourceFile":"ถนนเฉพาะขึ้นทะเบียน.shp","datasetId":"roads","geometryDisplayRepair":false,"villageIds":["v16"],"villageId":"v16","electionIds":["e03"],"electionId":"e03","insideMunicipality":true,"roadName":"ซอยดอนยางกลางทุ่ง3","surface":"ลูกรัง","lengthSource":null}},{"type":"Feature","id":"roads-000321","geometry":{"type":"LineString","coordinates":[[102.87659994583888,16.468857463786495],[102.87662905164954,16.463646795517693]]},"properties":{"id":"roads-000321","label":"ซอยดอนยางกลางทุ่ง1","sourceRecord":321,"sourceFolder":"ถนนขึ้นทะเบียนทางหลวง","sourceFile":"ถนนเฉพาะขึ้นทะเบียน.shp","datasetId":"roads","geometryDisplayRepair":false,"villageIds":["v16"],"villageId":"v16","electionIds":["e03"],"electionId":"e03","insideMunicipality":true,"roadName":"ซอยดอนยางกลางทุ่ง1","surface":null,"lengthSource":null}},{"type":"Feature","id":"roads-000322","geometry":{"type":"LineString","coordinates":[[102.87970130896021,16.476561932914613],[102.8798191871864,16.476314148853582],[102.87982103413067,16.476290924833723],[102.87988534552724,16.47551624789304],[102.87999991456515,16.475424271959884],[102.88143926151645,16.474973916927404]]},"properties":{"id":"roads-000322","label":"ซอยอู่ประจักษ์ (ฟาร์มปลา)","sourceRecord":322,"sourceFolder":"ถนนขึ้นทะเบียนทางหลวง","sourceFile":"ถนนเฉพาะขึ้นทะเบียน.shp","datasetId":"roads","geometryDisplayRepair":false,"villageIds":["v08"],"villageId":"v08","electionIds":["e03"],"electionId":"e03","insideMunicipality":true,"roadName":"ซอยอู่ประจักษ์ (ฟาร์มปลา)","surface":null,"lengthSource":null}},{"type":"Feature","id":"roads-000323","geometry":{"type":"LineString","coordinates":[[102.87982103413067,16.476290924833723],[102.88169149040827,16.475726511956125]]},"properties":{"id":"roads-000323","label":"ซอยอู่ประจักษ์1","sourceRecord":323,"sourceFolder":"ถนนขึ้นทะเบียนทางหลวง","sourceFile":"ถนนเฉพาะขึ้นทะเบียน.shp","datasetId":"roads","geometryDisplayRepair":false,"villageIds":["v08"],"villageId":"v08","electionIds":["e03"],"electionId":"e03","insideMunicipality":true,"roadName":"ซอยอู่ประจักษ์1","surface":"คอนกรีต","lengthSource":null}},{"type":"Feature","id":"roads-000324","geometry":{"type":"LineString","coordinates":[[102.87796395057528,16.463572384295862],[102.87781614852473,16.45798262343112]]},"properties":{"id":"roads-000324","label":"ซอยดอนยางกลางทุ่ง2","sourceRecord":324,"sourceFolder":"ถนนขึ้นทะเบียนทางหลวง","sourceFile":"ถนนเฉพาะขึ้นทะเบียน.shp","datasetId":"roads","geometryDisplayRepair":false,"villageIds":["v16"],"villageId":"v16","electionIds":["e03"],"electionId":"e03","insideMunicipality":true,"roadName":"ซอยดอนยางกลางทุ่ง2","surface":"ลูกรัง","lengthSource":null}},{"type":"Feature","id":"roads-000325","geometry":{"type":"LineString","coordinates":[[102.88117065209251,16.46355593112067],[102.88105012146661,16.457105592266945]]},"properties":{"id":"roads-000325","label":"ซอยดอนยางกลางทุ่ง4","sourceRecord":325,"sourceFolder":"ถนนขึ้นทะเบียนทางหลวง","sourceFile":"ถนนเฉพาะขึ้นทะเบียน.shp","datasetId":"roads","geometryDisplayRepair":false,"villageIds":["v16"],"villageId":"v16","electionIds":["e03"],"electionId":"e03","insideMunicipality":true,"roadName":"ซอยดอนยางกลางทุ่ง4","surface":null,"lengthSource":null}},{"type":"Feature","id":"roads-000326","geometry":{"type":"LineString","coordinates":[[102.8781532946627,16.45714717263352],[102.89819656487363,16.45696120982612]]},"properties":{"id":"roads-000326","label":"ซอยดอนยาง-สงเปือย","sourceRecord":326,"sourceFolder":"ถนนขึ้นทะเบียนทางหลวง","sourceFile":"ถนนเฉพาะขึ้นทะเบียน.shp","datasetId":"roads","geometryDisplayRepair":false,"villageIds":["v16"],"villageId":"v16","electionIds":["e03"],"electionId":"e03","insideMunicipality":true,"roadName":"ซอยดอนยาง-สงเปือย","surface":null,"lengthSource":null}},{"type":"Feature","id":"roads-000327","geometry":{"type":"LineString","coordinates":[[102.8849666881383,16.466202168451375],[102.88550246432933,16.466207988262795],[102.88561182609823,16.46614186390829],[102.8856756470968,16.46602404055522],[102.88563628998044,16.463583308779466],[102.88713064278167,16.46357124824207]]},"properties":{"id":"roads-000327","label":"ซอยดอนยางกลางทุ่ง7","sourceRecord":327,"sourceFolder":"ถนนขึ้นทะเบียนทางหลวง","sourceFile":"ถนนเฉพาะขึ้นทะเบียน.shp","datasetId":"roads","geometryDisplayRepair":false,"villageIds":["v16"],"villageId":"v16","electionIds":["e03"],"electionId":"e03","insideMunicipality":true,"roadName":"ซอยดอนยางกลางทุ่ง7","surface":null,"lengthSource":null}},{"type":"Feature","id":"roads-000328","geometry":{"type":"LineString","coordinates":[[102.88878823052865,16.466126620674217],[102.88849636977902,16.456999620181094]]},"properties":{"id":"roads-000328","label":"ซอยเทวาลัย","sourceRecord":328,"sourceFolder":"ถนนขึ้นทะเบียนทางหลวง","sourceFile":"ถนนเฉพาะขึ้นทะเบียน.shp","datasetId":"roads","geometryDisplayRepair":false,"villageIds":["v16","v10"],"villageId":null,"electionIds":["e03"],"electionId":"e03","insideMunicipality":true,"roadName":"ซอยเทวาลัย","surface":null,"lengthSource":null}},{"type":"Feature","id":"roads-000329","geometry":{"type":"LineString","coordinates":[[102.88851510316636,16.467237753139358],[102.88879505703206,16.467395291069614],[102.89189075031152,16.46748764751318],[102.89510148080133,16.467583313619787],[102.89663399217223,16.46762893075022]]},"properties":{"id":"roads-000329","label":"ถนนวังบัวทอง","sourceRecord":329,"sourceFolder":"ถนนขึ้นทะเบียนทางหลวง","sourceFile":"ถนนเฉพาะขึ้นทะเบียน.shp","datasetId":"roads","geometryDisplayRepair":false,"villageIds":["v10"],"villageId":"v10","electionIds":["e03"],"electionId":"e03","insideMunicipality":true,"roadName":"ถนนวังบัวทอง","surface":null,"lengthSource":null}},{"type":"Feature","id":"roads-000330","geometry":{"type":"LineString","coordinates":[[102.88730030810537,16.47730432343552],[102.8880369491737,16.477092774795917],[102.89014413993138,16.476444935958085],[102.89183198835286,16.475913591632263],[102.89475150019695,16.474998576106305],[102.89532794342291,16.474830539918663],[102.89576155263254,16.474695879641622],[102.89607668230897,16.47455484402754],[102.89637677290506,16.47437318820388],[102.89663566422992,16.474168033034502],[102.89683321264681,16.473982612447053],[102.89709840763264,16.47365936547163],[102.89752534233746,16.47289914034706],[102.89815475469514,16.471719586352922]]},"properties":{"id":"roads-000330","label":"ถนนเลียบคลองดงพอง - หนองหิน (ด้านทิศเหนือ)","sourceRecord":330,"sourceFolder":"ถนนขึ้นทะเบียนทางหลวง","sourceFile":"ถนนเฉพาะขึ้นทะเบียน.shp","datasetId":"roads","geometryDisplayRepair":false,"villageIds":["v10","v08"],"villageId":null,"electionIds":["e03"],"electionId":"e03","insideMunicipality":true,"roadName":"ถนนเลียบคลองดงพอง - หนองหิน (ด้านทิศเหนือ)","surface":null,"lengthSource":null}},{"type":"Feature","id":"roads-000331","geometry":{"type":"LineString","coordinates":[[102.86940034809712,16.461688529267928],[102.87085974857867,16.461309460986104]]},"properties":{"id":"roads-000331","label":"ซอยสินสุข","sourceRecord":331,"sourceFolder":"ถนนขึ้นทะเบียนทางหลวง","sourceFile":"ถนนเฉพาะขึ้นทะเบียน.shp","datasetId":"roads","geometryDisplayRepair":false,"villageIds":["v16"],"villageId":"v16","electionIds":["e03"],"electionId":"e03","insideMunicipality":true,"roadName":"ซอยสินสุข","surface":null,"lengthSource":null}},{"type":"Feature","id":"roads-000332","geometry":{"type":"LineString","coordinates":[[102.87034592002541,16.460016642959957],[102.87033356314849,16.460277038693953],[102.87032865294121,16.460382877349637],[102.87033016958254,16.46051295287578],[102.87042385676644,16.46075742365251],[102.87043485126921,16.460785838055337],[102.87058488040276,16.4609786747577],[102.87059501173674,16.46099164755374],[102.87085977863372,16.46130945317953]]},"properties":{"id":"roads-000332","label":"ซอยสมยศ","sourceRecord":332,"sourceFolder":"ถนนขึ้นทะเบียนทางหลวง","sourceFile":"ถนนเฉพาะขึ้นทะเบียน.shp","datasetId":"roads","geometryDisplayRepair":false,"villageIds":["v16"],"villageId":"v16","electionIds":["e03"],"electionId":"e03","insideMunicipality":true,"roadName":"ซอยสมยศ","surface":null,"lengthSource":null}},{"type":"Feature","id":"roads-000333","geometry":{"type":"LineString","coordinates":[[102.87175233599618,16.460589926979324],[102.87170845349459,16.460380350870196],[102.87161564262529,16.459935779547447],[102.87164463646222,16.45986458740402]]},"properties":{"id":"roads-000333","label":"ซอยทรายทอง","sourceRecord":333,"sourceFolder":"ถนนขึ้นทะเบียนทางหลวง","sourceFile":"ถนนเฉพาะขึ้นทะเบียน.shp","datasetId":"roads","geometryDisplayRepair":false,"villageIds":["v16"],"villageId":"v16","electionIds":["e03"],"electionId":"e03","insideMunicipality":true,"roadName":"ซอยทรายทอง","surface":null,"lengthSource":null}},{"type":"Feature","id":"roads-000334","geometry":{"type":"LineString","coordinates":[[102.87148283671732,16.45978876684712],[102.87157043755201,16.459829853098217],[102.87164463646222,16.45986458740402],[102.87175335945028,16.45991542407788],[102.87196033192718,16.46001478270143],[102.87205487284028,16.4601395570704],[102.87234290494757,16.460166739788484],[102.87242128225141,16.460185458796],[102.87242533981888,16.460236379364392],[102.87250230726289,16.46033525529072],[102.87264157729466,16.460414923194065]]},"properties":{"id":"roads-000334","label":"ซอยเสน่ห์จันทร์","sourceRecord":334,"sourceFolder":"ถนนขึ้นทะเบียนทางหลวง","sourceFile":"ถนนเฉพาะขึ้นทะเบียน.shp","datasetId":"roads","geometryDisplayRepair":false,"villageIds":["v16"],"villageId":"v16","electionIds":["e03"],"electionId":"e03","insideMunicipality":true,"roadName":"ซอยเสน่ห์จันทร์","surface":null,"lengthSource":null}},{"type":"Feature","id":"roads-000335","geometry":{"type":"LineString","coordinates":[[102.87157043755201,16.459829853098217],[102.8720964052956,16.45982807869364]]},"properties":{"id":"roads-000335","label":"ซอยสมควร","sourceRecord":335,"sourceFolder":"ถนนขึ้นทะเบียนทางหลวง","sourceFile":"ถนนเฉพาะขึ้นทะเบียน.shp","datasetId":"roads","geometryDisplayRepair":false,"villageIds":["v16"],"villageId":"v16","electionIds":["e03"],"electionId":"e03","insideMunicipality":true,"roadName":"ซอยสมควร","surface":null,"lengthSource":null}},{"type":"Feature","id":"roads-000336","geometry":{"type":"LineString","coordinates":[[102.85858551094799,16.461393772743403],[102.85931167140882,16.461309702049693],[102.86270095248246,16.460917137708133],[102.86382578860174,16.460574634712383],[102.86449954570891,16.46036948216599],[102.86532951881273,16.460116739511157],[102.8656558079536,16.46001736968482],[102.86588815013444,16.459946608416292],[102.86666277735274,16.459897692185088],[102.86670453102921,16.459902230743],[102.86882224350015,16.46013020967303],[102.86888048205769,16.46012589719647],[102.87034589287657,16.460016654236163],[102.87067898562907,16.45997752709159],[102.87151095600684,16.45976000265479],[102.87169157967871,16.45971454098102],[102.87247811552804,16.459516502106187]]},"properties":{"id":"roads-000336","label":"ถนนกลางบ้านโนนชัย-ดอนยาง","sourceRecord":336,"sourceFolder":"ถนนขึ้นทะเบียนทางหลวง","sourceFile":"ถนนเฉพาะขึ้นทะเบียน.shp","datasetId":"roads","geometryDisplayRepair":false,"villageIds":["v11","v16"],"villageId":null,"electionIds":["e03"],"electionId":"e03","insideMunicipality":true,"roadName":"ถนนกลางบ้านโนนชัย-ดอนยาง","surface":"คอนกรีต","lengthSource":null}},{"type":"Feature","id":"roads-000337","geometry":{"type":"LineString","coordinates":[[102.87042385676644,16.46075742365251],[102.8706615364735,16.46067458092479],[102.8707757019667,16.460657040579644],[102.87091100817769,16.460661941836502],[102.87110940477314,16.460570390297686],[102.87122336152589,16.460480834845942],[102.871438247544,16.46040886831503],[102.87159207483434,16.460382515709565],[102.87170845349459,16.460380350870196]]},"properties":{"id":"roads-000337","label":"ซอยกำนัน","sourceRecord":337,"sourceFolder":"ถนนขึ้นทะเบียนทางหลวง","sourceFile":"ถนนเฉพาะขึ้นทะเบียน.shp","datasetId":"roads","geometryDisplayRepair":false,"villageIds":["v16"],"villageId":"v16","electionIds":["e03"],"electionId":"e03","insideMunicipality":true,"roadName":"ซอยกำนัน","surface":null,"lengthSource":null}},{"type":"Feature","id":"roads-000338","geometry":{"type":"LineString","coordinates":[[102.87226809843452,16.461057320366507],[102.87215831544574,16.46086872628018],[102.87210183152109,16.460673366295566],[102.87208502220314,16.460546035154163]]},"properties":{"id":"roads-000338","label":"ซอยศรีวิไล","sourceRecord":338,"sourceFolder":"ถนนขึ้นทะเบียนทางหลวง","sourceFile":"ถนนเฉพาะขึ้นทะเบียน.shp","datasetId":"roads","geometryDisplayRepair":false,"villageIds":["v16"],"villageId":"v16","electionIds":["e03"],"electionId":"e03","insideMunicipality":true,"roadName":"ซอยศรีวิไล","surface":null,"lengthSource":null}},{"type":"Feature","id":"roads-000339","geometry":{"type":"LineString","coordinates":[[102.8656558079536,16.46001736968482],[102.86601608777062,16.461456098768355],[102.86603960941491,16.461549646607196],[102.86747982064912,16.462303986172905],[102.86877953263095,16.462294015780014],[102.86954690831344,16.462224287504128]]},"properties":{"id":"roads-000339","label":"ซอยรอบวัดป่าเรไร","sourceRecord":339,"sourceFolder":"ถนนขึ้นทะเบียนทางหลวง","sourceFile":"ถนนเฉพาะขึ้นทะเบียน.shp","datasetId":"roads","geometryDisplayRepair":false,"villageIds":["v16"],"villageId":"v16","electionIds":["e03"],"electionId":"e03","insideMunicipality":true,"roadName":"ซอยรอบวัดป่าเรไร","surface":null,"lengthSource":null}},{"type":"Feature","id":"roads-000340","geometry":{"type":"LineString","coordinates":[[102.86954695552359,16.462224292020164],[102.86888048205769,16.46012589719647]]},"properties":{"id":"roads-000340","label":"ซอยเพชรเกษม(ข้างวัดป่าเรไร)","sourceRecord":340,"sourceFolder":"ถนนขึ้นทะเบียนทางหลวง","sourceFile":"ถนนเฉพาะขึ้นทะเบียน.shp","datasetId":"roads","geometryDisplayRepair":false,"villageIds":["v16"],"villageId":"v16","electionIds":["e03"],"electionId":"e03","insideMunicipality":true,"roadName":"ซอยเพชรเกษม(ข้างวัดป่าเรไร)","surface":null,"lengthSource":null}},{"type":"Feature","id":"roads-000341","geometry":{"type":"LineString","coordinates":[[102.870133542926,16.46000905558518],[102.87007505343674,16.4595560026102],[102.87015126316186,16.459435100372225],[102.87008154956281,16.458934859908027],[102.87017286107039,16.45875402177019],[102.87023445358034,16.458464923425346],[102.87028583861718,16.458188596617532],[102.8703459394394,16.457802863609306],[102.87035007235326,16.457776859956972],[102.87055425186026,16.4573259282888],[102.87064785019214,16.45715339856174],[102.87065808385333,16.4571344455434],[102.87073216820166,16.45699819582349],[102.87094495036386,16.45674170101555],[102.87096145509383,16.45672187494348],[102.87122708010574,16.456526892974583],[102.87148834539228,16.45650031422473]]},"properties":{"id":"roads-000341","label":"ถนนรอบบ้าน(สินสุข-กลางบ้าน)","sourceRecord":341,"sourceFolder":"ถนนขึ้นทะเบียนทางหลวง","sourceFile":"ถนนเฉพาะขึ้นทะเบียน.shp","datasetId":"roads","geometryDisplayRepair":false,"villageIds":["v11","v16"],"villageId":null,"electionIds":["e03"],"electionId":"e03","insideMunicipality":true,"roadName":"ถนนรอบบ้าน(สินสุข-กลางบ้าน)","surface":null,"lengthSource":null}},{"type":"Feature","id":"roads-000342","geometry":{"type":"LineString","coordinates":[[102.87064785019214,16.45715339856174],[102.87119650370997,16.457579604424392],[102.87141709187384,16.457881341435314]]},"properties":{"id":"roads-000342","label":"ซอยคุ้มสามเหลี่ยม 2","sourceRecord":342,"sourceFolder":"ถนนขึ้นทะเบียนทางหลวง","sourceFile":"ถนนเฉพาะขึ้นทะเบียน.shp","datasetId":"roads","geometryDisplayRepair":false,"villageIds":["v11"],"villageId":"v11","electionIds":["e03"],"electionId":"e03","insideMunicipality":true,"roadName":"ซอยคุ้มสามเหลี่ยม 2","surface":null,"lengthSource":null}},{"type":"Feature","id":"roads-000343","geometry":{"type":"LineString","coordinates":[[102.87062635808736,16.45885167611135],[102.87066541111055,16.458705465254997],[102.8706692208754,16.458597137138007],[102.87063497773914,16.45844841402249],[102.87066353161737,16.45811975815093],[102.87070413821952,16.457857893244036]]},"properties":{"id":"roads-000343","label":"ซอยนางคละ","sourceRecord":343,"sourceFolder":"ถนนขึ้นทะเบียนทางหลวง","sourceFile":"ถนนเฉพาะขึ้นทะเบียน.shp","datasetId":"roads","geometryDisplayRepair":false,"villageIds":["v11"],"villageId":"v11","electionIds":["e03"],"electionId":"e03","insideMunicipality":true,"roadName":"ซอยนางคละ","surface":null,"lengthSource":null}},{"type":"Feature","id":"roads-000344","geometry":{"type":"LineString","coordinates":[[102.87092546451841,16.45896129273522],[102.87095262786897,16.458703364232893],[102.87099030884279,16.458520492751546],[102.87103750296399,16.458347719985838]]},"properties":{"id":"roads-000344","label":"ซอยวีระ","sourceRecord":344,"sourceFolder":"ถนนขึ้นทะเบียนทางหลวง","sourceFile":"ถนนเฉพาะขึ้นทะเบียน.shp","datasetId":"roads","geometryDisplayRepair":false,"villageIds":["v11"],"villageId":"v11","electionIds":["e03"],"electionId":"e03","insideMunicipality":true,"roadName":"ซอยวีระ","surface":null,"lengthSource":null}},{"type":"Feature","id":"roads-000345","geometry":{"type":"LineString","coordinates":[[102.87188593604593,16.458554093207166],[102.87167785422719,16.458655559183946],[102.87150375350579,16.45868768477725],[102.87134040449699,16.458682997321848],[102.87115917125745,16.45864122045068]]},"properties":{"id":"roads-000345","label":"ซอยขุนแผน","sourceRecord":345,"sourceFolder":"ถนนขึ้นทะเบียนทางหลวง","sourceFile":"ถนนเฉพาะขึ้นทะเบียน.shp","datasetId":"roads","geometryDisplayRepair":false,"villageIds":["v11"],"villageId":"v11","electionIds":["e03"],"electionId":"e03","insideMunicipality":true,"roadName":"ซอยขุนแผน","surface":null,"lengthSource":null}},{"type":"Feature","id":"roads-000346","geometry":{"type":"LineString","coordinates":[[102.8729823958575,16.45742374592023],[102.87272405010216,16.45598483610521]]},"properties":{"id":"roads-000346","label":"ซอยสุริยงค์","sourceRecord":346,"sourceFolder":"ถนนขึ้นทะเบียนทางหลวง","sourceFile":"ถนนเฉพาะขึ้นทะเบียน.shp","datasetId":"roads","geometryDisplayRepair":false,"villageIds":["v11"],"villageId":"v11","electionIds":["e03"],"electionId":"e03","insideMunicipality":true,"roadName":"ซอยสุริยงค์","surface":null,"lengthSource":null}},{"type":"Feature","id":"roads-000347","geometry":{"type":"LineString","coordinates":[[102.8722720040716,16.45756098715541],[102.8723638121041,16.45786515027399],[102.8725289586116,16.45818903842518],[102.87263537991703,16.458696302537806]]},"properties":{"id":"roads-000347","label":"ซอยบุญโฮม","sourceRecord":347,"sourceFolder":"ถนนขึ้นทะเบียนทางหลวง","sourceFile":"ถนนเฉพาะขึ้นทะเบียน.shp","datasetId":"roads","geometryDisplayRepair":false,"villageIds":["v11"],"villageId":"v11","electionIds":["e03"],"electionId":"e03","insideMunicipality":true,"roadName":"ซอยบุญโฮม","surface":null,"lengthSource":null}},{"type":"Feature","id":"roads-000348","geometry":{"type":"LineString","coordinates":[[102.87043717353583,16.458838847284397],[102.87041442773689,16.459037417582735],[102.87049394973103,16.459332844597657],[102.87078478140113,16.459360488422295],[102.87099351142587,16.45935700748943],[102.87107849957681,16.459312379554216],[102.87128781821502,16.459318965250098],[102.87147205122041,16.459296892748473],[102.871650148125,16.4592680723101]]},"properties":{"id":"roads-000348","label":"ซอยสิงห์เพชรน้อย","sourceRecord":348,"sourceFolder":"ถนนขึ้นทะเบียนทางหลวง","sourceFile":"ถนนเฉพาะขึ้นทะเบียน.shp","datasetId":"roads","geometryDisplayRepair":false,"villageIds":["v11"],"villageId":"v11","electionIds":["e03"],"electionId":"e03","insideMunicipality":true,"roadName":"ซอยสิงห์เพชรน้อย","surface":null,"lengthSource":null}},{"type":"Feature","id":"roads-000349","geometry":{"type":"LineString","coordinates":[[102.87358267863338,16.4574397740329],[102.8735840449689,16.457136534891298],[102.87403575191654,16.45702858316597]]},"properties":{"id":"roads-000349","label":"ซอยสุรพล","sourceRecord":349,"sourceFolder":"ถนนขึ้นทะเบียนทางหลวง","sourceFile":"ถนนเฉพาะขึ้นทะเบียน.shp","datasetId":"roads","geometryDisplayRepair":false,"villageIds":["v11"],"villageId":"v11","electionIds":["e03"],"electionId":"e03","insideMunicipality":true,"roadName":"ซอยสุรพล","surface":null,"lengthSource":null}},{"type":"Feature","id":"roads-000350","geometry":{"type":"LineString","coordinates":[[102.87110133396864,16.45160866823143],[102.87335756542929,16.45135968426626],[102.87428321056036,16.45126697868082],[102.87480450526124,16.451189875931746]]},"properties":{"id":"roads-000350","label":"ซอยทองม้วน","sourceRecord":350,"sourceFolder":"ถนนขึ้นทะเบียนทางหลวง","sourceFile":"ถนนเฉพาะขึ้นทะเบียน.shp","datasetId":"roads","geometryDisplayRepair":false,"villageIds":["v11"],"villageId":"v11","electionIds":["e03"],"electionId":"e03","insideMunicipality":true,"roadName":"ซอยทองม้วน","surface":null,"lengthSource":null}},{"type":"Feature","id":"roads-000351","geometry":{"type":"LineString","coordinates":[[102.87069205733225,16.449826392299542],[102.87244090730891,16.44969177312667]]},"properties":{"id":"roads-000351","label":"ซอยสวนสวย","sourceRecord":351,"sourceFolder":"ถนนขึ้นทะเบียนทางหลวง","sourceFile":"ถนนเฉพาะขึ้นทะเบียน.shp","datasetId":"roads","geometryDisplayRepair":false,"villageIds":["v11"],"villageId":"v11","electionIds":["e03"],"electionId":"e03","insideMunicipality":true,"roadName":"ซอยสวนสวย","surface":null,"lengthSource":null}},{"type":"Feature","id":"roads-000352","geometry":{"type":"LineString","coordinates":[[102.86449954570891,16.46036948216599],[102.86423235706657,16.457964734415025],[102.86786199361892,16.45399077510506],[102.86931264263636,16.45383995503129]]},"properties":{"id":"roads-000352","label":"ซอยชายทุ่ง","sourceRecord":352,"sourceFolder":"ถนนขึ้นทะเบียนทางหลวง","sourceFile":"ถนนเฉพาะขึ้นทะเบียน.shp","datasetId":"roads","geometryDisplayRepair":false,"villageIds":["v11","v16"],"villageId":null,"electionIds":["e03"],"electionId":"e03","insideMunicipality":true,"roadName":"ซอยชายทุ่ง","surface":"ลูกรัง","lengthSource":null}},{"type":"Feature","id":"roads-000353","geometry":{"type":"LineString","coordinates":[[102.86832092219043,16.456479572924845],[102.86989460746607,16.456377643978318],[102.87146763655248,16.45627570743114]]},"properties":{"id":"roads-000353","label":"ซอยสินสุข 1","sourceRecord":353,"sourceFolder":"ถนนขึ้นทะเบียนทางหลวง","sourceFile":"ถนนเฉพาะขึ้นทะเบียน.shp","datasetId":"roads","geometryDisplayRepair":false,"villageIds":["v11"],"villageId":"v11","electionIds":["e03"],"electionId":"e03","insideMunicipality":true,"roadName":"ซอยสินสุข 1","surface":null,"lengthSource":null}},{"type":"Feature","id":"roads-000354","geometry":{"type":"LineString","coordinates":[[102.86923082383784,16.45724343580808],[102.87065808385333,16.4571344455434]]},"properties":{"id":"roads-000354","label":"ซอยสินสุข 3","sourceRecord":354,"sourceFolder":"ถนนขึ้นทะเบียนทางหลวง","sourceFile":"ถนนเฉพาะขึ้นทะเบียน.shp","datasetId":"roads","geometryDisplayRepair":false,"villageIds":["v11"],"villageId":"v11","electionIds":["e03"],"electionId":"e03","insideMunicipality":true,"roadName":"ซอยสินสุข 3","surface":null,"lengthSource":null}},{"type":"Feature","id":"roads-000355","geometry":{"type":"LineString","coordinates":[[102.8654177882365,16.451124068878418],[102.865490553893,16.451119510459584],[102.86920456293764,16.45088631317399]]},"properties":{"id":"roads-000355","label":"ซอยไชยา-คลองน้ำ","sourceRecord":355,"sourceFolder":"ถนนขึ้นทะเบียนทางหลวง","sourceFile":"ถนนเฉพาะขึ้นทะเบียน.shp","datasetId":"roads","geometryDisplayRepair":false,"villageIds":["v11"],"villageId":"v11","electionIds":["e03"],"electionId":"e03","insideMunicipality":true,"roadName":"ซอยไชยา-คลองน้ำ","surface":null,"lengthSource":null}},{"type":"Feature","id":"roads-000356","geometry":{"type":"LineString","coordinates":[[102.85852280357265,16.461392699957855],[102.85856284327562,16.460398935278832],[102.85857303331129,16.459370559831182],[102.85859402877867,16.458727941262637],[102.85897746887245,16.458293749239715],[102.85971027859523,16.457497516583533],[102.8604409888277,16.45670623778892],[102.86149784559757,16.455542628303895],[102.865490553893,16.451119510459584]]},"properties":{"id":"roads-000356","label":"ซอยคลองลอย","sourceRecord":356,"sourceFolder":"ถนนขึ้นทะเบียนทางหลวง","sourceFile":"ถนนเฉพาะขึ้นทะเบียน.shp","datasetId":"roads","geometryDisplayRepair":false,"villageIds":["v11"],"villageId":"v11","electionIds":["e03"],"electionId":"e03","insideMunicipality":true,"roadName":"ซอยคลองลอย","surface":null,"lengthSource":null}},{"type":"Feature","id":"roads-000357","geometry":{"type":"LineString","coordinates":[[102.86671884043197,16.470407774984427],[102.86803007828915,16.470531420814357],[102.86807345694484,16.470563336252592]]},"properties":{"id":"roads-000357","label":"ซอยสมประสงค์","sourceRecord":357,"sourceFolder":"ถนนขึ้นทะเบียนทางหลวง","sourceFile":"ถนนเฉพาะขึ้นทะเบียน.shp","datasetId":"roads","geometryDisplayRepair":false,"villageIds":["v09","v25"],"villageId":null,"electionIds":["e03"],"electionId":"e03","insideMunicipality":true,"roadName":"ซอยสมประสงค์","surface":null,"lengthSource":null}},{"type":"Feature","id":"roads-000358","geometry":{"type":"LineString","coordinates":[[102.80925014132582,16.483323311157342],[102.80969483354124,16.483878670820822],[102.81000597810868,16.48418804360639],[102.81005682363786,16.484238467470306],[102.8102889061783,16.484434998868366],[102.810383078964,16.48449286501958],[102.81047123621991,16.48451104362356]]},"properties":{"id":"roads-000358","label":"ซอยวัดป่าโนนม่วง","sourceRecord":358,"sourceFolder":"ถนนขึ้นทะเบียนทางหลวง","sourceFile":"ถนนเฉพาะขึ้นทะเบียน.shp","datasetId":"roads","geometryDisplayRepair":false,"villageIds":["v12"],"villageId":"v12","electionIds":["e01"],"electionId":"e01","insideMunicipality":true,"roadName":"ซอยวัดป่าโนนม่วง","surface":null,"lengthSource":null}},{"type":"Feature","id":"roads-000359","geometry":{"type":"LineString","coordinates":[[102.8459039119804,16.499826258032815],[102.84759417821253,16.500620217851854],[102.84822142662395,16.500973533535305],[102.84872022887868,16.501260728609555],[102.84919378765953,16.501441749385133],[102.85052268530065,16.50160535005186],[102.85047541913691,16.502559625721705]]},"properties":{"id":"roads-000359","label":"ซอยวัดป่าเทพนิมิตร","sourceRecord":359,"sourceFolder":"ถนนขึ้นทะเบียนทางหลวง","sourceFile":"ถนนเฉพาะขึ้นทะเบียน.shp","datasetId":"roads","geometryDisplayRepair":false,"villageIds":["v17"],"villageId":"v17","electionIds":["e02"],"electionId":"e02","insideMunicipality":true,"roadName":"ซอยวัดป่าเทพนิมิตร","surface":null,"lengthSource":null}},{"type":"Feature","id":"roads-000360","geometry":{"type":"LineString","coordinates":[[102.84919376066928,16.501441760574195],[102.84904762383319,16.50285982592153],[102.84917624945821,16.50313931578972],[102.84896688000175,16.505505120784793]]},"properties":{"id":"roads-000360","label":"ถนนพานทองแท้-หนองกุง2","sourceRecord":360,"sourceFolder":"ถนนขึ้นทะเบียนทางหลวง","sourceFile":"ถนนเฉพาะขึ้นทะเบียน.shp","datasetId":"roads","geometryDisplayRepair":false,"villageIds":["v17","v07"],"villageId":null,"electionIds":["e03","e02"],"electionId":null,"insideMunicipality":true,"roadName":"ถนนพานทองแท้-หนองกุง2","surface":null,"lengthSource":null}},{"type":"Feature","id":"roads-000361","geometry":{"type":"LineString","coordinates":[[102.8599467613853,16.49097445644761],[102.85934966464578,16.491239729749744],[102.85911244212659,16.491319433980934],[102.85890520199209,16.491318584448358],[102.8584708248359,16.491207614353417],[102.85829434965959,16.491161364448466]]},"properties":{"id":"roads-000361","label":"ซอยวัดป่าสุนทรวนาราม","sourceRecord":361,"sourceFolder":"ถนนขึ้นทะเบียนทางหลวง","sourceFile":"ถนนเฉพาะขึ้นทะเบียน.shp","datasetId":"roads","geometryDisplayRepair":false,"villageIds":["v28"],"villageId":"v28","electionIds":["e03"],"electionId":"e03","insideMunicipality":true,"roadName":"ซอยวัดป่าสุนทรวนาราม","surface":null,"lengthSource":null}},{"type":"Feature","id":"roads-000362","geometry":{"type":"LineString","coordinates":[[102.86373870973236,16.49600571795273],[102.86451372676736,16.495851139452803]]},"properties":{"id":"roads-000362","label":"ซอยหน้าวัดโพธิ์ศรี3","sourceRecord":362,"sourceFolder":"ถนนขึ้นทะเบียนทางหลวง","sourceFile":"ถนนเฉพาะขึ้นทะเบียน.shp","datasetId":"roads","geometryDisplayRepair":false,"villageIds":["v18"],"villageId":"v18","electionIds":["e03"],"electionId":"e03","insideMunicipality":true,"roadName":"ซอยหน้าวัดโพธิ์ศรี3","surface":null,"lengthSource":null}},{"type":"Feature","id":"roads-000363","geometry":{"type":"LineString","coordinates":[[102.83733673050473,16.46202491000483],[102.8385113091051,16.460181948895404]]},"properties":{"id":"roads-000363","label":"ซอยมิตรภาพ 15/3","sourceRecord":363,"sourceFolder":"ถนนขึ้นทะเบียนทางหลวง","sourceFile":"ถนนเฉพาะขึ้นทะเบียน.shp","datasetId":"roads","geometryDisplayRepair":false,"villageIds":["v20","v21"],"villageId":null,"electionIds":["e02"],"electionId":"e02","insideMunicipality":true,"roadName":"ซอยมิตรภาพ 15/3","surface":"คอนกรีต","lengthSource":null}},{"type":"Feature","id":"roads-000364","geometry":{"type":"LineString","coordinates":[[102.83835665879006,16.462743189218642],[102.83951859900941,16.460696201255047]]},"properties":{"id":"roads-000364","label":"ซอยผู้ใหญ่","sourceRecord":364,"sourceFolder":"ถนนขึ้นทะเบียนทางหลวง","sourceFile":"ถนนเฉพาะขึ้นทะเบียน.shp","datasetId":"roads","geometryDisplayRepair":false,"villageIds":["v20","v21"],"villageId":null,"electionIds":["e02"],"electionId":"e02","insideMunicipality":true,"roadName":"ซอยผู้ใหญ่","surface":"ลูกรัง","lengthSource":null}},{"type":"Feature","id":"roads-000365","geometry":{"type":"LineString","coordinates":[[102.83622264849122,16.46406801323173],[102.83622051720238,16.46376362918589],[102.83621435665566,16.4628369513161]]},"properties":{"id":"roads-000365","label":"ซอยดาวสิงห์","sourceRecord":365,"sourceFolder":"ถนนขึ้นทะเบียนทางหลวง","sourceFile":"ถนนเฉพาะขึ้นทะเบียน.shp","datasetId":"roads","geometryDisplayRepair":false,"villageIds":["v21"],"villageId":"v21","electionIds":["e02"],"electionId":"e02","insideMunicipality":true,"roadName":"ซอยดาวสิงห์","surface":null,"lengthSource":null}},{"type":"Feature","id":"roads-000366","geometry":{"type":"LineString","coordinates":[[102.84604505440694,16.461570170572617],[102.84515965360909,16.462384641080643],[102.84466675310401,16.46273512606958],[102.8447043034575,16.46311943017187]]},"properties":{"id":"roads-000366","label":"ซอยโรงเรียนอนุบาลราตรี","sourceRecord":366,"sourceFolder":"ถนนขึ้นทะเบียนทางหลวง","sourceFile":"ถนนเฉพาะขึ้นทะเบียน.shp","datasetId":"roads","geometryDisplayRepair":false,"villageIds":["v20","v13"],"villageId":null,"electionIds":["e02"],"electionId":"e02","insideMunicipality":true,"roadName":"ซอยโรงเรียนอนุบาลราตรี","surface":null,"lengthSource":null}},{"type":"Feature","id":"roads-000367","geometry":{"type":"LineString","coordinates":[[102.89562846210653,16.517914718827782],[102.8952719517616,16.51807895052535],[102.89366708333367,16.51807385288804],[102.89367111346749,16.518694595830556],[102.89342001765178,16.518794410874612],[102.89342779838411,16.519320618732305],[102.89277525298348,16.51930541503951]]},"properties":{"id":"roads-000367","label":"ซอยห้วยซัน13","sourceRecord":367,"sourceFolder":"ถนนขึ้นทะเบียนทางหลวง","sourceFile":"ถนนเฉพาะขึ้นทะเบียน.shp","datasetId":"roads","geometryDisplayRepair":false,"villageIds":["v04"],"villageId":"v04","electionIds":["e03"],"electionId":"e03","insideMunicipality":true,"roadName":"ซอยห้วยซัน13","surface":null,"lengthSource":null}},{"type":"Feature","id":"roads-000368","geometry":{"type":"LineString","coordinates":[[102.85033097637796,16.482115727033758],[102.85024988340498,16.48151540839664],[102.84979716676925,16.481562978287275],[102.84935323383752,16.481609574453717],[102.84911438783091,16.481634625540075]]},"properties":{"id":"roads-000368","label":"ซอยชุมชนหลังวัด","sourceRecord":368,"sourceFolder":"ถนนขึ้นทะเบียนทางหลวง","sourceFile":"ถนนเฉพาะขึ้นทะเบียน.shp","datasetId":"roads","geometryDisplayRepair":false,"villageIds":["v14","v26"],"villageId":null,"electionIds":["e02"],"electionId":"e02","insideMunicipality":true,"roadName":"ซอยชุมชนหลังวัด","surface":null,"lengthSource":null}},{"type":"Feature","id":"roads-000369","geometry":{"type":"LineString","coordinates":[[102.84736470352522,16.483408238306545],[102.84702124506671,16.48266070836812],[102.84663196586476,16.48181342689471],[102.84642532710076,16.48136334517494],[102.846374030763,16.48125143986759]]},"properties":{"id":"roads-000369","label":"ซอยไผ่ทอง","sourceRecord":369,"sourceFolder":"ถนนขึ้นทะเบียนทางหลวง","sourceFile":"ถนนเฉพาะขึ้นทะเบียน.shp","datasetId":"roads","geometryDisplayRepair":false,"villageIds":["v14"],"villageId":"v14","electionIds":["e02"],"electionId":"e02","insideMunicipality":true,"roadName":"ซอยไผ่ทอง","surface":"ลูกรัง","lengthSource":null}},{"type":"Feature","id":"roads-000370","geometry":{"type":"LineString","coordinates":[[102.84931779861456,16.475254964910196],[102.84936180590732,16.475384925807244],[102.8487387201987,16.47881281963108],[102.84849591157521,16.48037041313283],[102.84831760080692,16.481542377857554],[102.84810315144581,16.48309393331479]]},"properties":{"id":"roads-000370","label":"ถนน ทม.ศิลา - อุโมงค์ทางลอด","sourceRecord":370,"sourceFolder":"ถนนขึ้นทะเบียนทางหลวง","sourceFile":"ถนนเฉพาะขึ้นทะเบียน.shp","datasetId":"roads","geometryDisplayRepair":false,"villageIds":["v14"],"villageId":"v14","electionIds":["e02"],"electionId":"e02","insideMunicipality":true,"roadName":"ถนน ทม.ศิลา - อุโมงค์ทางลอด","surface":"ลูกรัง","lengthSource":null}},{"type":"Feature","id":"roads-000371","geometry":{"type":"LineString","coordinates":[[102.84396446295709,16.485686189399665],[102.84403823152492,16.485626954984166],[102.84381804137159,16.485131017442317]]},"properties":{"id":"roads-000371","label":"ซอยแป้งหอม","sourceRecord":371,"sourceFolder":"ถนนขึ้นทะเบียนทางหลวง","sourceFile":"ถนนเฉพาะขึ้นทะเบียน.shp","datasetId":"roads","geometryDisplayRepair":false,"villageIds":["v14"],"villageId":"v14","electionIds":["e02"],"electionId":"e02","insideMunicipality":true,"roadName":"ซอยแป้งหอม","surface":null,"lengthSource":null}},{"type":"Feature","id":"roads-000372","geometry":{"type":"LineString","coordinates":[[102.8448996445944,16.4857044875238],[102.84541313850802,16.486443128187855]]},"properties":{"id":"roads-000372","label":"ซอยศรีประพล1","sourceRecord":372,"sourceFolder":"ถนนขึ้นทะเบียนทางหลวง","sourceFile":"ถนนเฉพาะขึ้นทะเบียน.shp","datasetId":"roads","geometryDisplayRepair":false,"villageIds":["v14"],"villageId":"v14","electionIds":["e02"],"electionId":"e02","insideMunicipality":true,"roadName":"ซอยศรีประพล1","surface":null,"lengthSource":null}},{"type":"Feature","id":"roads-000373","geometry":{"type":"LineString","coordinates":[[102.84558916537047,16.48415985372471],[102.84459222852571,16.4828183151709]]},"properties":{"id":"roads-000373","label":"ซอยธนสาร","sourceRecord":373,"sourceFolder":"ถนนขึ้นทะเบียนทางหลวง","sourceFile":"ถนนเฉพาะขึ้นทะเบียน.shp","datasetId":"roads","geometryDisplayRepair":false,"villageIds":["v14"],"villageId":"v14","electionIds":["e02"],"electionId":"e02","insideMunicipality":true,"roadName":"ซอยธนสาร","surface":"ลูกรัง","lengthSource":null}},{"type":"Feature","id":"roads-000374","geometry":{"type":"LineString","coordinates":[[102.84522048865144,16.484311400842753],[102.84436354881265,16.48304052725482]]},"properties":{"id":"roads-000374","label":"ซอยดอกคูณ","sourceRecord":374,"sourceFolder":"ถนนขึ้นทะเบียนทางหลวง","sourceFile":"ถนนเฉพาะขึ้นทะเบียน.shp","datasetId":"roads","geometryDisplayRepair":false,"villageIds":["v14"],"villageId":"v14","electionIds":["e02"],"electionId":"e02","insideMunicipality":true,"roadName":"ซอยดอกคูณ","surface":"ลูกรัง","lengthSource":null}},{"type":"Feature","id":"roads-000375","geometry":{"type":"LineString","coordinates":[[102.84365964022665,16.48296229901002],[102.84387272274645,16.482862850472166],[102.84442143298247,16.48260677327786]]},"properties":{"id":"roads-000375","label":"ซอย รพช.- หนองไผ่9","sourceRecord":375,"sourceFolder":"ถนนขึ้นทะเบียนทางหลวง","sourceFile":"ถนนเฉพาะขึ้นทะเบียน.shp","datasetId":"roads","geometryDisplayRepair":false,"villageIds":["v14"],"villageId":"v14","electionIds":["e02"],"electionId":"e02","insideMunicipality":true,"roadName":"ซอย รพช.- หนองไผ่9","surface":null,"lengthSource":null}},{"type":"Feature","id":"roads-000376","geometry":{"type":"LineString","coordinates":[[102.82494969409301,16.488687208828654],[102.82494973306123,16.486973406218436],[102.82548952835484,16.486966957502766]]},"properties":{"id":"roads-000376","label":"ซอยรุ่งอรุณ","sourceRecord":376,"sourceFolder":"ถนนขึ้นทะเบียนทางหลวง","sourceFile":"ถนนเฉพาะขึ้นทะเบียน.shp","datasetId":"roads","geometryDisplayRepair":false,"villageIds":["v27"],"villageId":"v27","electionIds":["e01"],"electionId":"e01","insideMunicipality":true,"roadName":"ซอยรุ่งอรุณ","surface":"ลูกรัง","lengthSource":null}},{"type":"Feature","id":"roads-000377","geometry":{"type":"LineString","coordinates":[[102.8234277877538,16.48874145652948],[102.82347039141032,16.488143952606286],[102.82348526599678,16.487802526865593],[102.82347995329599,16.48696020761537]]},"properties":{"id":"roads-000377","label":"ซอยสามหาดไทย","sourceRecord":377,"sourceFolder":"ถนนขึ้นทะเบียนทางหลวง","sourceFile":"ถนนเฉพาะขึ้นทะเบียน.shp","datasetId":"roads","geometryDisplayRepair":false,"villageIds":["v27"],"villageId":"v27","electionIds":["e01"],"electionId":"e01","insideMunicipality":true,"roadName":"ซอยสามหาดไทย","surface":null,"lengthSource":null}},{"type":"Feature","id":"roads-000378","geometry":{"type":"LineString","coordinates":[[102.81786981293388,16.48995359217891],[102.8173156312008,16.488631118436064]]},"properties":{"id":"roads-000378","label":"ซอยหนองจาน","sourceRecord":378,"sourceFolder":"ถนนขึ้นทะเบียนทางหลวง","sourceFile":"ถนนเฉพาะขึ้นทะเบียน.shp","datasetId":"roads","geometryDisplayRepair":false,"villageIds":["v27","v03"],"villageId":null,"electionIds":["e01"],"electionId":"e01","insideMunicipality":true,"roadName":"ซอยหนองจาน","surface":"คอนกรีต","lengthSource":null}},{"type":"Feature","id":"roads-000379","geometry":{"type":"LineString","coordinates":[[102.81737881796671,16.488641128678598],[102.8175841592922,16.48791057108843],[102.8177879864171,16.48719865274365]]},"properties":{"id":"roads-000379","label":"ซอยตรงข้ามหนองจาน","sourceRecord":379,"sourceFolder":"ถนนขึ้นทะเบียนทางหลวง","sourceFile":"ถนนเฉพาะขึ้นทะเบียน.shp","datasetId":"roads","geometryDisplayRepair":false,"villageIds":["v27"],"villageId":"v27","electionIds":["e01"],"electionId":"e01","insideMunicipality":true,"roadName":"ซอยตรงข้ามหนองจาน","surface":null,"lengthSource":null}},{"type":"Feature","id":"roads-000380","geometry":{"type":"LineString","coordinates":[[102.89282070830141,16.463503585760293],[102.8966007210698,16.463514825708415],[102.89663399217223,16.46762893075022],[102.89663450685798,16.46767421018655],[102.8983842653806,16.47087556699255]]},"properties":{"id":"roads-000380","label":"ถนนบ้านดงพอง-ทางเลี่ยงเมือง(230)","sourceRecord":380,"sourceFolder":"ถนนขึ้นทะเบียนทางหลวง","sourceFile":"ถนนเฉพาะขึ้นทะเบียน.shp","datasetId":"roads","geometryDisplayRepair":false,"villageIds":["v10"],"villageId":"v10","electionIds":["e03"],"electionId":"e03","insideMunicipality":true,"roadName":"ถนนบ้านดงพอง-ทางเลี่ยงเมือง(230)","surface":null,"lengthSource":null}},{"type":"Feature","id":"roads-000381","geometry":{"type":"LineString","coordinates":[[102.8726196575679,16.483731689566085],[102.87229857960331,16.482063968158084]]},"properties":{"id":"roads-000381","label":"ซอยทานตะวัน (ซอย8)","sourceRecord":381,"sourceFolder":"ถนนขึ้นทะเบียนทางหลวง","sourceFile":"ถนนเฉพาะขึ้นทะเบียน.shp","datasetId":"roads","geometryDisplayRepair":false,"villageIds":["v22"],"villageId":"v22","electionIds":["e03"],"electionId":"e03","insideMunicipality":true,"roadName":"ซอยทานตะวัน (ซอย8)","surface":null,"lengthSource":null}},{"type":"Feature","id":"roads-000382","geometry":{"type":"LineString","coordinates":[[102.82531031256909,16.49134844662364],[102.82529581964593,16.491554143072957],[102.82522880376565,16.492045524604304],[102.82536815714907,16.492244914547683],[102.82550307864008,16.492411533507596],[102.82574171253634,16.49259611047281],[102.82601630272978,16.492789245115137],[102.82648328131617,16.49303552980659],[102.82733830919042,16.493427532872143],[102.82811191006898,16.493752702864267],[102.82831891414773,16.493826463676843],[102.82914879995039,16.494334310619063],[102.82953399052597,16.494498922240762],[102.82972435110476,16.49456275000593],[102.8300767132778,16.494680807025006],[102.83029037457439,16.49475229548557],[102.83061177126926,16.49483747141042],[102.83167453021095,16.495001947612646],[102.83256148337861,16.494985575500877]]},"properties":{"id":"roads-000382","label":"ซอยมิตรสัมพันธ์","sourceRecord":382,"sourceFolder":"ถนนขึ้นทะเบียนทางหลวง","sourceFile":"ถนนเฉพาะขึ้นทะเบียน.shp","datasetId":"roads","geometryDisplayRepair":false,"villageIds":["v03","v02"],"villageId":null,"electionIds":["e01"],"electionId":"e01","insideMunicipality":true,"roadName":"ซอยมิตรสัมพันธ์","surface":"ลูกรัง","lengthSource":null}},{"type":"Feature","id":"roads-000383","geometry":{"type":"LineString","coordinates":[[102.81450317761545,16.493699720672847],[102.81457651427183,16.494051881515585],[102.81460420156145,16.494281869827436],[102.81452361710367,16.494751891830543]]},"properties":{"id":"roads-000383","label":"ซอยเกษตรพัฒนา","sourceRecord":383,"sourceFolder":"ถนนขึ้นทะเบียนทางหลวง","sourceFile":"ถนนเฉพาะขึ้นทะเบียน.shp","datasetId":"roads","geometryDisplayRepair":false,"villageIds":["v03"],"villageId":"v03","electionIds":["e01"],"electionId":"e01","insideMunicipality":true,"roadName":"ซอยเกษตรพัฒนา","surface":"ลูกรัง","lengthSource":null}},{"type":"Feature","id":"roads-000384","geometry":{"type":"LineString","coordinates":[[102.89446191324191,16.474917644264483],[102.89259035819019,16.46918310379718],[102.89576769566801,16.468835164650933],[102.89719097806298,16.473119390822117]]},"properties":{"id":"roads-000384","label":"ถนนหนองครก(เส้นข้างคลองไผ่)","sourceRecord":384,"sourceFolder":"ถนนขึ้นทะเบียนทางหลวง","sourceFile":"ถนนเฉพาะขึ้นทะเบียน.shp","datasetId":"roads","geometryDisplayRepair":false,"villageIds":["v10"],"villageId":"v10","electionIds":["e03"],"electionId":"e03","insideMunicipality":true,"roadName":"ถนนหนองครก(เส้นข้างคลองไผ่)","surface":null,"lengthSource":null}},{"type":"Feature","id":"roads-000385","geometry":{"type":"LineString","coordinates":[[102.86464243761743,16.496291470814555],[102.86451372676736,16.495851139452803],[102.86443599047166,16.495506451931153],[102.86435397701892,16.495141988260436],[102.8641285403758,16.49457251730891],[102.86410164665432,16.494504314036213],[102.86388031694851,16.49404532518481],[102.86345861543053,16.493390502115734],[102.8631773624263,16.493064941906198],[102.86258162251917,16.4932088523078]]},"properties":{"id":"roads-000385","label":"ซอยหลังวัดโพธิ์ศรี","sourceRecord":385,"sourceFolder":"ถนนขึ้นทะเบียนทางหลวง","sourceFile":"ถนนเฉพาะขึ้นทะเบียน.shp","datasetId":"roads","geometryDisplayRepair":false,"villageIds":["v18"],"villageId":"v18","electionIds":["e03"],"electionId":"e03","insideMunicipality":true,"roadName":"ซอยหลังวัดโพธิ์ศรี","surface":"ลูกรัง","lengthSource":null}},{"type":"Feature","id":"roads-000386","geometry":{"type":"MultiLineString","coordinates":[[[102.83990947284718,16.48224627985833],[102.83826789216633,16.48280376538091],[102.83784485537947,16.48294741949492]],[[102.83990944587072,16.48224629105628],[102.84080371279848,16.481945535996342]]]},"properties":{"id":"roads-000386","label":"ซอยรุ่งโรจน์2","sourceRecord":386,"sourceFolder":"ถนนขึ้นทะเบียนทางหลวง","sourceFile":"ถนนเฉพาะขึ้นทะเบียน.shp","datasetId":"roads","geometryDisplayRepair":false,"villageIds":["v14"],"villageId":"v14","electionIds":["e02"],"electionId":"e02","insideMunicipality":true,"roadName":"ซอยรุ่งโรจน์2","surface":"ลูกรัง","lengthSource":null}},{"type":"Feature","id":"roads-000387","geometry":{"type":"MultiLineString","coordinates":[[[102.82578037391464,16.499335591461936],[102.8256920601706,16.498890675916414],[102.82557826820374,16.498635786262394],[102.82493780846285,16.498066468890688],[102.82480672741575,16.498030322703055],[102.82413818839908,16.49788628216435],[102.82372579348976,16.497783780611474],[102.82350433340775,16.49767508225212],[102.82334822706463,16.49741156713393],[102.82322966372158,16.497393964491245],[102.82245955217512,16.49723044715373],[102.82197044294857,16.496971646357938],[102.82160699203048,16.496665049679105],[102.821515144102,16.496344914764887],[102.82096942804259,16.49536532616341],[102.82066105182648,16.49449664925108],[102.82047783148121,16.494003696770058],[102.82041675957932,16.493890766264197],[102.8203178575641,16.493707403584594],[102.8197543377197,16.493087725285974],[102.81954276509586,16.49285431998451],[102.81928810825738,16.492491566581847],[102.81925522824332,16.492428458396034],[102.81918686355768,16.492296661857015],[102.8191692646351,16.49226270856276],[102.81901610502524,16.49197364681146],[102.81890643129188,16.49168350405519],[102.81878486927911,16.491366127642685],[102.8186602033214,16.491067363959214]],[[102.82351652402825,16.506821264830123],[102.82354021995158,16.506700102644892],[102.82363066105455,16.50623947442357],[102.82370776820673,16.505413688413103],[102.8238529093387,16.50485325170391],[102.82394241278338,16.50450809685232],[102.82403565221342,16.50414863173604],[102.82412315688738,16.503811365278146],[102.82421475011986,16.503458386960915],[102.82444393687602,16.502168192196898],[102.8245140607465,16.501160237090797],[102.82455345573352,16.50100361552753],[102.82459922989567,16.500828612578204],[102.82460717728473,16.500798550214338],[102.82470709637674,16.5006819443066],[102.8250526431166,16.50050446795583],[102.82529666480744,16.500397545212493],[102.82562228597476,16.500105283599147],[102.82580128003819,16.499934257200977],[102.82585687319495,16.499798775390015],[102.82578040080114,16.499335580308742]]]},"properties":{"id":"roads-000387","label":"ซอยวัดร้าง","sourceRecord":387,"sourceFolder":"ถนนขึ้นทะเบียนทางหลวง","sourceFile":"ถนนเฉพาะขึ้นทะเบียน.shp","datasetId":"roads","geometryDisplayRepair":false,"villageIds":["v03","v02"],"villageId":null,"electionIds":["e01"],"electionId":"e01","insideMunicipality":true,"roadName":"ซอยวัดร้าง","surface":"ลูกรัง","lengthSource":null}},{"type":"Feature","id":"roads-000388","geometry":{"type":"LineString","coordinates":[[102.82081467267295,16.494751977845468],[102.8213620297469,16.49460362927701],[102.82182987686186,16.4945101973904],[102.8221162222572,16.494482478956474],[102.82238604363707,16.494550996903033],[102.8226410394147,16.49456753221514],[102.82307520676316,16.49453101306985],[102.82352640625201,16.49455887751693],[102.82411078160727,16.494748619197928],[102.82448918263852,16.494862900430164],[102.82486969481242,16.49492790721089]]},"properties":{"id":"roads-000388","label":"ซอยสำนักสงฆ์ลานหญ้า","sourceRecord":388,"sourceFolder":"ถนนขึ้นทะเบียนทางหลวง","sourceFile":"ถนนเฉพาะขึ้นทะเบียน.shp","datasetId":"roads","geometryDisplayRepair":false,"villageIds":["v03","v02"],"villageId":null,"electionIds":["e01"],"electionId":"e01","insideMunicipality":true,"roadName":"ซอยสำนักสงฆ์ลานหญ้า","surface":"ลูกรัง","lengthSource":null}},{"type":"Feature","id":"roads-000389","geometry":{"type":"LineString","coordinates":[[102.8215266677689,16.49067348887462],[102.82252992671759,16.48989775667053],[102.82269865344892,16.489769149663065],[102.82301330980746,16.489529391372738],[102.82338186580732,16.489282524129674],[102.82351114498971,16.489195957404014],[102.82376077660072,16.488965309344156],[102.82411547870576,16.488716935526757]]},"properties":{"id":"roads-000389","label":"ซอยพิมานบุรี","sourceRecord":389,"sourceFolder":"ถนนขึ้นทะเบียนทางหลวง","sourceFile":"ถนนเฉพาะขึ้นทะเบียน.shp","datasetId":"roads","geometryDisplayRepair":false,"villageIds":["v27","v03"],"villageId":null,"electionIds":["e01"],"electionId":"e01","insideMunicipality":true,"roadName":"ซอยพิมานบุรี","surface":"ลูกรัง","lengthSource":null}},{"type":"Feature","id":"roads-000390","geometry":{"type":"MultiLineString","coordinates":[[[102.85590538860963,16.478168587405605],[102.85620987682343,16.478132518705824],[102.85660545943745,16.47839375960758],[102.856709250394,16.478462192261222],[102.85710634424954,16.47871746521083],[102.85735497323435,16.47883657081634],[102.85746337342657,16.478875427626054],[102.85795040138059,16.479049660698923],[102.85817169329187,16.479127714598313],[102.85829689133678,16.479171776657427],[102.85869755142811,16.4792924367609],[102.85882416240838,16.479313329435932],[102.858853481269,16.479318148148803],[102.85936433626527,16.479267104419854],[102.85991063158613,16.479190714421275],[102.86010070780684,16.479164105059887],[102.8605056588705,16.479083840289167],[102.86076484990437,16.47900007500511],[102.86085127817618,16.478973772008473]],[[102.86085129105327,16.47897403477629],[102.86085127817618,16.478973772008477],[102.86089977074649,16.47804636590202],[102.86089981516238,16.478006824068085],[102.86090018122,16.477819279118957],[102.86096060270104,16.477438062302276],[102.86102563020667,16.477016699407645],[102.8610491251745,16.476773771280723],[102.86122828718713,16.476200840882925],[102.86129259488213,16.476034696642223],[102.86151058781495,16.475586654897853]]]},"properties":{"id":"roads-000390","label":"ซอยไก่ชน","sourceRecord":390,"sourceFolder":"ถนนขึ้นทะเบียนทางหลวง","sourceFile":"ถนนเฉพาะขึ้นทะเบียน.shp","datasetId":"roads","geometryDisplayRepair":false,"villageIds":["v15","v26","v25"],"villageId":null,"electionIds":["e03","e02"],"electionId":null,"insideMunicipality":true,"roadName":"ซอยไก่ชน","surface":null,"lengthSource":null}},{"type":"Feature","id":"roads-000391","geometry":{"type":"LineString","coordinates":[[102.86315472488745,16.47888523238091],[102.86354904963825,16.47701914680116]]},"properties":{"id":"roads-000391","label":"ซอยข้างประปา","sourceRecord":391,"sourceFolder":"ถนนขึ้นทะเบียนทางหลวง","sourceFile":"ถนนเฉพาะขึ้นทะเบียน.shp","datasetId":"roads","geometryDisplayRepair":false,"villageIds":["v25"],"villageId":"v25","electionIds":["e03"],"electionId":"e03","insideMunicipality":true,"roadName":"ซอยข้างประปา","surface":null,"lengthSource":null}},{"type":"Feature","id":"roads-000392","geometry":{"type":"MultiLineString","coordinates":[[[102.86085127817618,16.478973772008473],[102.86087665501543,16.478966048992575],[102.86150709311283,16.4789312946588],[102.86162933292589,16.478930771979535],[102.86172918091717,16.47734141450222],[102.86180642784647,16.476755384245575],[102.86188207429795,16.476504950088867],[102.86206098343493,16.475973530011665]],[[102.86162933292589,16.478930771979535],[102.8619153485581,16.47892943737712],[102.86215908979692,16.478924893827234],[102.86249627243419,16.478946425178687],[102.86296716044892,16.47893113800109],[102.86315184525941,16.478898859809465],[102.86315472488745,16.47888523238091]]]},"properties":{"id":"roads-000392","label":"ซอยกัสนุกา","sourceRecord":392,"sourceFolder":"ถนนขึ้นทะเบียนทางหลวง","sourceFile":"ถนนเฉพาะขึ้นทะเบียน.shp","datasetId":"roads","geometryDisplayRepair":false,"villageIds":["v15","v25"],"villageId":null,"electionIds":["e03"],"electionId":"e03","insideMunicipality":true,"roadName":"ซอยกัสนุกา","surface":null,"lengthSource":null}},{"type":"Feature","id":"roads-000393","geometry":{"type":"LineString","coordinates":[[102.86104794012026,16.471708434116195],[102.86079674641375,16.47102244907188],[102.8599175888254,16.471139446602407],[102.85984994846365,16.471526679221707],[102.86001954910154,16.47152058556459],[102.86092404159791,16.47137025054286]]},"properties":{"id":"roads-000393","label":"ซอยเป็นสุข 6","sourceRecord":393,"sourceFolder":"ถนนขึ้นทะเบียนทางหลวง","sourceFile":"ถนนเฉพาะขึ้นทะเบียน.shp","datasetId":"roads","geometryDisplayRepair":false,"villageIds":["v15"],"villageId":"v15","electionIds":["e03"],"electionId":"e03","insideMunicipality":true,"roadName":"ซอยเป็นสุข 6","surface":null,"lengthSource":null}},{"type":"Feature","id":"roads-000394","geometry":{"type":"LineString","coordinates":[[102.86104794012026,16.471708434116195],[102.86104794105968,16.471708436113683],[102.86117570704766,16.47198010386364],[102.86119857866792,16.472028492170214],[102.8611985515789,16.47202850341614],[102.86113552099434,16.472128330697462],[102.86019321727018,16.472352323121065],[102.86006298217895,16.472358025613733],[102.85976296881344,16.47217710407478],[102.85979626563447,16.4719384170768],[102.86006454124515,16.471931492338243],[102.86054023849768,16.47185596832857],[102.86093905866484,16.47176358042745],[102.86104794105968,16.471708436113683],[102.86104796720909,16.47170842287012]]},"properties":{"id":"roads-000394","label":"ซอยเป็นสุข 5","sourceRecord":394,"sourceFolder":"ถนนขึ้นทะเบียนทางหลวง","sourceFile":"ถนนเฉพาะขึ้นทะเบียน.shp","datasetId":"roads","geometryDisplayRepair":false,"villageIds":["v15"],"villageId":"v15","electionIds":["e03"],"electionId":"e03","insideMunicipality":true,"roadName":"ซอยเป็นสุข 5","surface":null,"lengthSource":null}},{"type":"Feature","id":"roads-000395","geometry":{"type":"MultiLineString","coordinates":[[[102.84636157209943,16.48603780795908],[102.84733054341163,16.48591220664263],[102.84765630831552,16.485888139461846]],[[102.84647052657401,16.483933878083807],[102.84679029109958,16.48442131973691],[102.84680183428591,16.484438753108822],[102.84713741572554,16.484997332718716],[102.84727689271872,16.48558934156243],[102.84733057041653,16.485912195437077]]]},"properties":{"id":"roads-000395","label":"ซอยอังคณา","sourceRecord":395,"sourceFolder":"ถนนขึ้นทะเบียนทางหลวง","sourceFile":"ถนนเฉพาะขึ้นทะเบียน.shp","datasetId":"roads","geometryDisplayRepair":false,"villageIds":["v14"],"villageId":"v14","electionIds":["e02"],"electionId":"e02","insideMunicipality":true,"roadName":"ซอยอังคณา","surface":"ลูกรัง","lengthSource":null}},{"type":"Feature","id":"roads-000396","geometry":{"type":"LineString","coordinates":[[102.84488877514825,16.48681958464149],[102.84514292803662,16.486636002672345],[102.84460721936372,16.485884256379716],[102.8448996445944,16.4857044875238],[102.84534709314435,16.48542945724166],[102.84526520958447,16.485287223593637],[102.84516892787133,16.48499183389296],[102.84516725040613,16.484951509221013],[102.84515230834184,16.484571699217906]]},"properties":{"id":"roads-000396","label":"ซอยศรีประพล","sourceRecord":396,"sourceFolder":"ถนนขึ้นทะเบียนทางหลวง","sourceFile":"ถนนเฉพาะขึ้นทะเบียน.shp","datasetId":"roads","geometryDisplayRepair":false,"villageIds":["v14"],"villageId":"v14","electionIds":["e02"],"electionId":"e02","insideMunicipality":true,"roadName":"ซอยศรีประพล","surface":"ลูกรัง","lengthSource":null}},{"type":"Feature","id":"roads-000397","geometry":{"type":"MultiLineString","coordinates":[[[102.83601991197925,16.45836833642167],[102.83563886488486,16.45869019155737],[102.83487011523349,16.459327499777388]],[[102.83572415814625,16.45797614113396],[102.83522559165199,16.457351736209205],[102.83508130552376,16.457170857109677]],[[102.83601988498489,16.458368347643322],[102.83572413115267,16.457976152355613]]]},"properties":{"id":"roads-000397","label":"ซอยหน้าศาลาประชาคม","sourceRecord":397,"sourceFolder":"ถนนขึ้นทะเบียนทางหลวง","sourceFile":"ถนนเฉพาะขึ้นทะเบียน.shp","datasetId":"roads","geometryDisplayRepair":false,"villageIds":["v21"],"villageId":"v21","electionIds":["e02"],"electionId":"e02","insideMunicipality":true,"roadName":"ซอยหน้าศาลาประชาคม","surface":null,"lengthSource":null}},{"type":"Feature","id":"roads-000398","geometry":{"type":"MultiLineString","coordinates":[[[102.83882444828205,16.464461957188657],[102.83979212889676,16.465567020121224],[102.83986335597902,16.465695765110215]],[[102.83986338297998,16.465695753891477],[102.83999142252338,16.465665652280936],[102.840476469662,16.46552589368047],[102.84132313919902,16.46530451826389],[102.84154170801038,16.465247353561914],[102.84275756828677,16.464989877469723]]]},"properties":{"id":"roads-000398","label":"ซอยราษฏบำรุง 1","sourceRecord":398,"sourceFolder":"ถนนขึ้นทะเบียนทางหลวง","sourceFile":"ถนนเฉพาะขึ้นทะเบียน.shp","datasetId":"roads","geometryDisplayRepair":false,"villageIds":["v21","v13"],"villageId":null,"electionIds":["e02"],"electionId":"e02","insideMunicipality":true,"roadName":"ซอยราษฏบำรุง 1","surface":"ลูกรัง","lengthSource":null}},{"type":"Feature","id":"roads-000399","geometry":{"type":"LineString","coordinates":[[102.83826789216633,16.48280376538091],[102.8383612244079,16.48468289017421]]},"properties":{"id":"roads-000399","label":"ซอยนายพล 1","sourceRecord":399,"sourceFolder":"ถนนขึ้นทะเบียนทางหลวง","sourceFile":"ถนนเฉพาะขึ้นทะเบียน.shp","datasetId":"roads","geometryDisplayRepair":false,"villageIds":["v14"],"villageId":"v14","electionIds":["e02"],"electionId":"e02","insideMunicipality":true,"roadName":"ซอยนายพล 1","surface":null,"lengthSource":null}},{"type":"Feature","id":"roads-000400","geometry":{"type":"LineString","coordinates":[[102.852983543627,16.491291833135378],[102.85415680725642,16.490910707130624],[102.85474897839022,16.49073584516362],[102.8547506764906,16.490640378295787],[102.85475588195784,16.490365285415994],[102.85480099911132,16.49013639402364],[102.85508709900265,16.488687684265294],[102.85503024205178,16.48789047541614]]},"properties":{"id":"roads-000400","label":"ซอยหลังหมู่บ้านพัชรียา - หลังวัดป่าสุนทรวนาราม","sourceRecord":400,"sourceFolder":"ถนนขึ้นทะเบียนทางหลวง","sourceFile":"ถนนเฉพาะขึ้นทะเบียน.shp","datasetId":"roads","geometryDisplayRepair":false,"villageIds":["v26"],"villageId":"v26","electionIds":["e02"],"electionId":"e02","insideMunicipality":true,"roadName":"ซอยหลังหมู่บ้านพัชรียา - หลังวัดป่าสุนทรวนาราม","surface":null,"lengthSource":null}},{"type":"Feature","id":"roads-000401","geometry":{"type":"MultiLineString","coordinates":[[[102.85788329009009,16.48350961361781],[102.85709311544842,16.48382087431354],[102.85705318621999,16.48380755832294],[102.85697757404725,16.4835764965354],[102.85682763375885,16.4831361455151]],[[102.8576556100462,16.485494647785657],[102.85746532658074,16.48498039560141],[102.85711553677383,16.483997580558686],[102.85705318621999,16.48380755832294]]]},"properties":{"id":"roads-000401","label":"ซอยโป๊ยเซียน","sourceRecord":401,"sourceFolder":"ถนนขึ้นทะเบียนทางหลวง","sourceFile":"ถนนเฉพาะขึ้นทะเบียน.shp","datasetId":"roads","geometryDisplayRepair":false,"villageIds":["v26"],"villageId":"v26","electionIds":["e02"],"electionId":"e02","insideMunicipality":true,"roadName":"ซอยโป๊ยเซียน","surface":null,"lengthSource":null}},{"type":"Feature","id":"roads-000402","geometry":{"type":"LineString","coordinates":[[102.85394885453626,16.487251840312325],[102.85267547846249,16.487573495127222],[102.85239735814834,16.48764064886801],[102.85292852075983,16.488656480362987]]},"properties":{"id":"roads-000402","label":"ซอยจันทรา","sourceRecord":402,"sourceFolder":"ถนนขึ้นทะเบียนทางหลวง","sourceFile":"ถนนเฉพาะขึ้นทะเบียน.shp","datasetId":"roads","geometryDisplayRepair":false,"villageIds":["v26"],"villageId":"v26","electionIds":["e02"],"electionId":"e02","insideMunicipality":true,"roadName":"ซอยจันทรา","surface":null,"lengthSource":null}},{"type":"Feature","id":"roads-000403","geometry":{"type":"MultiLineString","coordinates":[[[102.85197628756973,16.488243463667526],[102.85083360949388,16.488610253125636],[102.85034599182974,16.488725170181784],[102.84990458933099,16.4888291668893],[102.84953339246404,16.488916613842385],[102.84914613871952,16.48900783898439],[102.84871438608039,16.48910954368364],[102.84803877739806,16.48926869321553]],[[102.84994905766777,16.482386053476827],[102.85018564437677,16.482986796727328],[102.8501845872892,16.483183893547583],[102.85016485434994,16.48363126210538],[102.85052888280622,16.484577262362148]],[[102.85052885578473,16.48457727357465],[102.85140249620157,16.48603167011502],[102.85148542811054,16.486169644972207],[102.85196756049369,16.487004603558926],[102.85155746552405,16.48723249343514]],[[102.8515574385018,16.487232504645995],[102.85170087507802,16.487485893875782],[102.85181066452802,16.487788111905964],[102.85197631459236,16.488243452457258]]]},"properties":{"id":"roads-000403","label":"ซอยจันทร์ประเสริฐ","sourceRecord":403,"sourceFolder":"ถนนขึ้นทะเบียนทางหลวง","sourceFile":"ถนนเฉพาะขึ้นทะเบียน.shp","datasetId":"roads","geometryDisplayRepair":false,"villageIds":["v26"],"villageId":"v26","electionIds":["e02"],"electionId":"e02","insideMunicipality":true,"roadName":"ซอยจันทร์ประเสริฐ","surface":null,"lengthSource":null}},{"type":"Feature","id":"roads-000404","geometry":{"type":"LineString","coordinates":[[102.90171951704986,16.472261134898076],[102.9018368164222,16.47248260375289],[102.90193346807717,16.472708136813235],[102.90190802043966,16.47281626860809],[102.9017995866117,16.47300139537827],[102.90166769046758,16.47312249809692],[102.90138504564247,16.473292748009417],[102.90098680492297,16.473400875971848],[102.90094883427776,16.473411172651634],[102.90055833472509,16.473576789552514],[102.9004358514241,16.473618776345266],[102.90031866134402,16.473640413012955],[102.90022916993233,16.473656902438552],[102.8998144115982,16.47381420251081],[102.89972140133163,16.47389700044569],[102.89962979928406,16.47403028418715]]},"properties":{"id":"roads-000404","label":"ซอยรอบบ้านดงพอง - วัดท่าราษฎร์","sourceRecord":404,"sourceFolder":"ถนนขึ้นทะเบียนทางหลวง","sourceFile":"ถนนเฉพาะขึ้นทะเบียน.shp","datasetId":"roads","geometryDisplayRepair":false,"villageIds":["v10"],"villageId":"v10","electionIds":["e03"],"electionId":"e03","insideMunicipality":true,"roadName":"ซอยรอบบ้านดงพอง - วัดท่าราษฎร์","surface":null,"lengthSource":null}},{"type":"Feature","id":"roads-000405","geometry":{"type":"LineString","coordinates":[[102.87255284816155,16.479595283365665],[102.8727886911056,16.479766929547853],[102.87300533018878,16.479919489595087],[102.87318494888471,16.480068050508116],[102.87334344954566,16.480258649247425],[102.87351090235252,16.48051772236873],[102.87387616647702,16.480539528508242],[102.87395823265933,16.48059192363078]]},"properties":{"id":"roads-000405","label":"ซอยกลางบ้านหนองหิน4(นายวิบูลย์)","sourceRecord":405,"sourceFolder":"ถนนขึ้นทะเบียนทางหลวง","sourceFile":"ถนนเฉพาะขึ้นทะเบียน.shp","datasetId":"roads","geometryDisplayRepair":false,"villageIds":["v08","v22"],"villageId":null,"electionIds":["e03"],"electionId":"e03","insideMunicipality":true,"roadName":"ซอยกลางบ้านหนองหิน4(นายวิบูลย์)","surface":null,"lengthSource":null}},{"type":"Feature","id":"roads-000406","geometry":{"type":"LineString","coordinates":[[102.88957586708896,16.484956444028274],[102.89066632473917,16.488192418741992]]},"properties":{"id":"roads-000406","label":"ซอยประปา (ซอย1)","sourceRecord":406,"sourceFolder":"ถนนขึ้นทะเบียนทางหลวง","sourceFile":"ถนนเฉพาะขึ้นทะเบียน.shp","datasetId":"roads","geometryDisplayRepair":false,"villageIds":["v08"],"villageId":"v08","electionIds":["e03"],"electionId":"e03","insideMunicipality":true,"roadName":"ซอยประปา (ซอย1)","surface":null,"lengthSource":null}},{"type":"Feature","id":"roads-000407","geometry":{"type":"LineString","coordinates":[[102.88957583988929,16.484956455304697],[102.88810396296762,16.485493106241453]]},"properties":{"id":"roads-000407","label":"ถนนประปา","sourceRecord":407,"sourceFolder":"ถนนขึ้นทะเบียนทางหลวง","sourceFile":"ถนนเฉพาะขึ้นทะเบียน.shp","datasetId":"roads","geometryDisplayRepair":false,"villageIds":["v08","v22"],"villageId":null,"electionIds":["e03"],"electionId":"e03","insideMunicipality":true,"roadName":"ถนนประปา","surface":null,"lengthSource":null}},{"type":"Feature","id":"roads-000408","geometry":{"type":"LineString","coordinates":[[102.88711581769289,16.477435076827813],[102.88305200522728,16.478614962760936],[102.88228182057193,16.47854336257901],[102.88168432264622,16.47830264243075],[102.88033631404056,16.47726769475686],[102.87662218144573,16.474419750686597],[102.87623768548713,16.474307181416478],[102.87587640739439,16.474472501102337],[102.87525771931017,16.47504792702159],[102.87507652507722,16.475236914811536]]},"properties":{"id":"roads-000408","label":"ถนนคันคลอง3Lหนองหิน-ดงพอง","sourceRecord":408,"sourceFolder":"ถนนขึ้นทะเบียนทางหลวง","sourceFile":"ถนนเฉพาะขึ้นทะเบียน.shp","datasetId":"roads","geometryDisplayRepair":false,"villageIds":["v08"],"villageId":"v08","electionIds":["e03"],"electionId":"e03","insideMunicipality":true,"roadName":"ถนนคันคลอง3Lหนองหิน-ดงพอง","surface":null,"lengthSource":null}},{"type":"Feature","id":"roads-000409","geometry":{"type":"LineString","coordinates":[[102.87573069935165,16.482406101251584],[102.87573070634113,16.48240612013594],[102.87596258967743,16.48246480006804],[102.87630005582002,16.48259827532622],[102.87666104491184,16.482741808996224],[102.87721406335756,16.4827294420928],[102.87747688246766,16.48410500676127],[102.87745584742346,16.484112139886648],[102.87609877592068,16.48457192125239]]},"properties":{"id":"roads-000409","label":"ซอยรอบวัดสวรรค์วนาราม","sourceRecord":409,"sourceFolder":"ถนนขึ้นทะเบียนทางหลวง","sourceFile":"ถนนเฉพาะขึ้นทะเบียน.shp","datasetId":"roads","geometryDisplayRepair":false,"villageIds":["v22"],"villageId":"v22","electionIds":["e03"],"electionId":"e03","insideMunicipality":true,"roadName":"ซอยรอบวัดสวรรค์วนาราม","surface":"ลูกรัง","lengthSource":null}},{"type":"Feature","id":"roads-000410","geometry":{"type":"MultiLineString","coordinates":[[[102.87573067920107,16.482406131392747],[102.87534366430846,16.48245285943236],[102.87511751124897,16.48248015867482],[102.87500537816008,16.48249365849428],[102.87478084587548,16.482439491127266],[102.87469020190825,16.482419657168712],[102.87422940548389,16.48231851481668],[102.87405084776923,16.482314897937965],[102.87376884346708,16.482329072703806],[102.87345556830311,16.482257878907532],[102.87331266744714,16.48219566629928],[102.87315138427672,16.48212530333151],[102.87291748674245,16.482090234577317],[102.87285067181044,16.482080157714172],[102.87229857960331,16.482063968158084],[102.87219054745869,16.482060756833004],[102.87161386941199,16.48204373898321],[102.87139976158001,16.482032638941963],[102.87134952779697,16.482018649217096],[102.87133240908244,16.482013914396042],[102.87114173875267,16.48196049119995]],[[102.87376496531098,16.48093515539667],[102.87381348827742,16.481043159495364],[102.8739638763994,16.48137701820578],[102.87409023521374,16.481516081161757],[102.87414777198471,16.481579223205078],[102.87477922331132,16.481617241086475],[102.87482564650355,16.48161999451141],[102.87540141269733,16.481651476155836],[102.87544488936803,16.481702907635775],[102.87549015365337,16.48175618874178],[102.87561183975905,16.482085217601075],[102.87573069935165,16.482406101251584]]]},"properties":{"id":"roads-000410","label":"ถนนทานตะวัน","sourceRecord":410,"sourceFolder":"ถนนขึ้นทะเบียนทางหลวง","sourceFile":"ถนนเฉพาะขึ้นทะเบียน.shp","datasetId":"roads","geometryDisplayRepair":false,"villageIds":["v22"],"villageId":"v22","electionIds":["e03"],"electionId":"e03","insideMunicipality":true,"roadName":"ถนนทานตะวัน","surface":"ลูกรัง","lengthSource":null}},{"type":"Feature","id":"roads-000411","geometry":{"type":"MultiLineString","coordinates":[[[102.87796284840913,16.489912440634303],[102.87796287647345,16.489912431934414],[102.87760339012934,16.48892125232552],[102.87937952286234,16.486477281839147],[102.88294130996441,16.485397196818468],[102.88299405812809,16.485350591467082]],[[102.87796287647345,16.489912431934414],[102.88644832860481,16.487281590607935]]]},"properties":{"id":"roads-000411","label":"ซอยดวงมีวัน - ตาอ๊อด","sourceRecord":411,"sourceFolder":"ถนนขึ้นทะเบียนทางหลวง","sourceFile":"ถนนเฉพาะขึ้นทะเบียน.shp","datasetId":"roads","geometryDisplayRepair":false,"villageIds":["v22"],"villageId":"v22","electionIds":["e03"],"electionId":"e03","insideMunicipality":true,"roadName":"ซอยดวงมีวัน - ตาอ๊อด","surface":"ลูกรัง","lengthSource":null}},{"type":"Feature","id":"roads-000412","geometry":{"type":"LineString","coordinates":[[102.87747685532214,16.484105018018802],[102.8775213517752,16.484874509064426],[102.8779321101779,16.486244504191294],[102.87742599695594,16.486553616209985],[102.87720045977413,16.486675094463298]]},"properties":{"id":"roads-000412","label":"ซอยหลังวัดสวรรค์วนาราม","sourceRecord":412,"sourceFolder":"ถนนขึ้นทะเบียนทางหลวง","sourceFile":"ถนนเฉพาะขึ้นทะเบียน.shp","datasetId":"roads","geometryDisplayRepair":false,"villageIds":["v22"],"villageId":"v22","electionIds":["e03"],"electionId":"e03","insideMunicipality":true,"roadName":"ซอยหลังวัดสวรรค์วนาราม","surface":"ลูกรัง","lengthSource":null}},{"type":"Feature","id":"roads-000413","geometry":{"type":"LineString","coordinates":[[102.87745584742346,16.484112139886648],[102.87751566341014,16.484878810555564],[102.87792165608188,16.486239460732012],[102.87740877799978,16.48656459234661],[102.87718531655318,16.486674278298715]]},"properties":{"id":"roads-000413","label":"ซอยหลังวัดสวรรค์วนาราม","sourceRecord":413,"sourceFolder":"ถนนขึ้นทะเบียนทางหลวง","sourceFile":"ถนนเฉพาะขึ้นทะเบียน.shp","datasetId":"roads","geometryDisplayRepair":false,"villageIds":["v22"],"villageId":"v22","electionIds":["e03"],"electionId":"e03","insideMunicipality":true,"roadName":"ซอยหลังวัดสวรรค์วนาราม","surface":"ลูกรัง","lengthSource":null}},{"type":"Feature","id":"roads-000414","geometry":{"type":"MultiLineString","coordinates":[[[102.86603567949088,16.48274132254649],[102.86667674717364,16.483006404503357],[102.86811698849196,16.482744469505807],[102.86863290182534,16.48245265343457],[102.86891304232988,16.48229421551975],[102.86926117624782,16.482330619192037],[102.8694417609972,16.48234943820905],[102.86975182362156,16.482468092343687],[102.87046266876285,16.482396192957324],[102.87050080732433,16.482392308428498],[102.87053387213338,16.482378416993335],[102.87066653821691,16.482322682409638],[102.87114173875267,16.48196049119995],[102.87125970407567,16.481870602790334]],[[102.87125967695529,16.481870614040428],[102.87127773232307,16.481853198087844],[102.87146099162084,16.481676924964507],[102.87162405463553,16.48148608209908],[102.87169329023492,16.481389886322354],[102.8719561809121,16.481377131847108],[102.87215611514496,16.48151744159755],[102.87223358620858,16.481518451247133]]]},"properties":{"id":"roads-000414","label":"ถนนประชาร่วมใจ","sourceRecord":414,"sourceFolder":"ถนนขึ้นทะเบียนทางหลวง","sourceFile":"ถนนเฉพาะขึ้นทะเบียน.shp","datasetId":"roads","geometryDisplayRepair":false,"villageIds":["v25","v22"],"villageId":null,"electionIds":["e03"],"electionId":"e03","insideMunicipality":true,"roadName":"ถนนประชาร่วมใจ","surface":"ลูกรัง","lengthSource":null}},{"type":"Feature","id":"roads-000415","geometry":{"type":"LineString","coordinates":[[102.83513721454969,16.497570900518248],[102.83525700884577,16.49827349774395],[102.83541783111313,16.49824802244332],[102.83547817128685,16.498577174492713]]},"properties":{"id":"roads-000415","label":"ซอยสุนทราราม","sourceRecord":415,"sourceFolder":"ถนนขึ้นทะเบียนทางหลวง","sourceFile":"ถนนเฉพาะขึ้นทะเบียน.shp","datasetId":"roads","geometryDisplayRepair":false,"villageIds":["v02"],"villageId":"v02","electionIds":["e01"],"electionId":"e01","insideMunicipality":true,"roadName":"ซอยสุนทราราม","surface":null,"lengthSource":null}},{"type":"Feature","id":"roads-000416","geometry":{"type":"LineString","coordinates":[[102.83520957724704,16.501575699031328],[102.83611681649502,16.50135681082639],[102.83662158594375,16.501088451320907],[102.8369130211708,16.500862854179168],[102.83699809588755,16.500812092879244]]},"properties":{"id":"roads-000416","label":"ซอยแสงจันทร์ [ บ้านหนองกุง ]","sourceRecord":416,"sourceFolder":"ถนนขึ้นทะเบียนทางหลวง","sourceFile":"ถนนเฉพาะขึ้นทะเบียน.shp","datasetId":"roads","geometryDisplayRepair":false,"villageIds":["v02"],"villageId":"v02","electionIds":["e01"],"electionId":"e01","insideMunicipality":true,"roadName":"ซอยแสงจันทร์ [ บ้านหนองกุง ]","surface":null,"lengthSource":null}},{"type":"Feature","id":"roads-000417","geometry":{"type":"LineString","coordinates":[[102.83699809588755,16.500812092879244],[102.83710658973641,16.500747358149443],[102.83752971956649,16.500353509373834],[102.83800062413371,16.500274824234793],[102.8381515405118,16.500216442706833]]},"properties":{"id":"roads-000417","label":"ซอยยายเขียม","sourceRecord":417,"sourceFolder":"ถนนขึ้นทะเบียนทางหลวง","sourceFile":"ถนนเฉพาะขึ้นทะเบียน.shp","datasetId":"roads","geometryDisplayRepair":false,"villageIds":["v02"],"villageId":"v02","electionIds":["e01"],"electionId":"e01","insideMunicipality":true,"roadName":"ซอยยายเขียม","surface":null,"lengthSource":null}},{"type":"Feature","id":"roads-000418","geometry":{"type":"LineString","coordinates":[[102.8470145705116,16.51146680298072],[102.8461802310281,16.509470598530847],[102.84580634668154,16.50886497978956],[102.84504950824322,16.507299457856654],[102.84506578240027,16.50665720061417],[102.84481312484162,16.506556962415573],[102.84460247054412,16.506545574701804],[102.8442875466955,16.506585747013798],[102.84411111271544,16.506565080934735],[102.84392052902096,16.506454404458633],[102.8435834937123,16.506128609727604],[102.84333867541996,16.50586343945252],[102.8431967939656,16.505529945461507],[102.84311131801756,16.50520239426465],[102.84294994638502,16.50475567778838],[102.84276077289817,16.504311018959218],[102.84261541797659,16.503977781991264],[102.84245134457635,16.503672910353952],[102.84227451218396,16.503031733199837],[102.84203619216835,16.502408596750435]]},"properties":{"id":"roads-000418","label":"ถนนหนองกุงเลี่ยงเมือง","sourceRecord":418,"sourceFolder":"ถนนขึ้นทะเบียนทางหลวง","sourceFile":"ถนนเฉพาะขึ้นทะเบียน.shp","datasetId":"roads","geometryDisplayRepair":false,"villageIds":["v17"],"villageId":"v17","electionIds":["e02"],"electionId":"e02","insideMunicipality":true,"roadName":"ถนนหนองกุงเลี่ยงเมือง","surface":null,"lengthSource":null}},{"type":"Feature","id":"roads-000419","geometry":{"type":"MultiLineString","coordinates":[[[102.83284113544526,16.493646686373776],[102.83356598094552,16.493659573517032],[102.83399153719039,16.493691576647617],[102.83563496539344,16.49357245566477],[102.8360290594057,16.49354385419119]],[[102.8360290324638,16.49354386536853],[102.83648954180826,16.493482504674592],[102.83746927913039,16.493351884558983]]]},"properties":{"id":"roads-000419","label":"ซอยหมู่บ้านธาราริน 6","sourceRecord":419,"sourceFolder":"ถนนขึ้นทะเบียนทางหลวง","sourceFile":"ถนนเฉพาะขึ้นทะเบียน.shp","datasetId":"roads","geometryDisplayRepair":false,"villageIds":["v02"],"villageId":"v02","electionIds":["e01"],"electionId":"e01","insideMunicipality":true,"roadName":"ซอยหมู่บ้านธาราริน 6","surface":null,"lengthSource":null}},{"type":"Feature","id":"roads-000420","geometry":{"type":"LineString","coordinates":[[102.86679327635052,16.502969182783175],[102.87361178744746,16.50168291853325]]},"properties":{"id":"roads-000420","label":"ซอยตาคำใหม่","sourceRecord":420,"sourceFolder":"ถนนขึ้นทะเบียนทางหลวง","sourceFile":"ถนนเฉพาะขึ้นทะเบียน.shp","datasetId":"roads","geometryDisplayRepair":false,"villageIds":["v01","v07"],"villageId":null,"electionIds":["e03"],"electionId":"e03","insideMunicipality":true,"roadName":"ซอยตาคำใหม่","surface":"ลูกรัง","lengthSource":null}},{"type":"Feature","id":"roads-000421","geometry":{"type":"LineString","coordinates":[[102.83711579261073,16.49851311651491],[102.83707580980821,16.497651142570117]]},"properties":{"id":"roads-000421","label":"ซอยตาผาน","sourceRecord":421,"sourceFolder":"ถนนขึ้นทะเบียนทางหลวง","sourceFile":"ถนนเฉพาะขึ้นทะเบียน.shp","datasetId":"roads","geometryDisplayRepair":false,"villageIds":["v02"],"villageId":"v02","electionIds":["e01"],"electionId":"e01","insideMunicipality":true,"roadName":"ซอยตาผาน","surface":null,"lengthSource":null}},{"type":"Feature","id":"roads-000422","geometry":{"type":"LineString","coordinates":[[102.83743891128805,16.499651041848796],[102.8373783563836,16.499420039061697],[102.83731233042083,16.49874120401214]]},"properties":{"id":"roads-000422","label":"ซอยยายแอ๊ด","sourceRecord":422,"sourceFolder":"ถนนขึ้นทะเบียนทางหลวง","sourceFile":"ถนนเฉพาะขึ้นทะเบียน.shp","datasetId":"roads","geometryDisplayRepair":false,"villageIds":["v02"],"villageId":"v02","electionIds":["e01"],"electionId":"e01","insideMunicipality":true,"roadName":"ซอยยายแอ๊ด","surface":null,"lengthSource":null}},{"type":"Feature","id":"roads-000423","geometry":{"type":"MultiLineString","coordinates":[[[102.83766049723748,16.487313028155942],[102.83820297335427,16.488774718725683],[102.8383063537718,16.48903778894919],[102.8383207959178,16.489074357774467],[102.83868986721745,16.489854218288784],[102.83882443462166,16.490285635514553],[102.83895325026555,16.49072352466043]],[[102.83895322330609,16.490723535846122],[102.8390703163796,16.490700365183365],[102.83913634258835,16.492288706717158],[102.83916446791488,16.492957758779625]]]},"properties":{"id":"roads-000423","label":"ซอยเบญจรัตน์","sourceRecord":423,"sourceFolder":"ถนนขึ้นทะเบียนทางหลวง","sourceFile":"ถนนเฉพาะขึ้นทะเบียน.shp","datasetId":"roads","geometryDisplayRepair":false,"villageIds":["v02"],"villageId":"v02","electionIds":["e01"],"electionId":"e01","insideMunicipality":true,"roadName":"ซอยเบญจรัตน์","surface":null,"lengthSource":null}},{"type":"Feature","id":"roads-000424","geometry":{"type":"LineString","coordinates":[[102.8405312179636,16.490421281141124],[102.84054515956765,16.49115347186666],[102.8404610411336,16.49143955149813],[102.84042022051511,16.492160442876134],[102.84042291149883,16.492304028360188],[102.84043915946849,16.49274838230662]]},"properties":{"id":"roads-000424","label":"ซอยมีสุข","sourceRecord":424,"sourceFolder":"ถนนขึ้นทะเบียนทางหลวง","sourceFile":"ถนนเฉพาะขึ้นทะเบียน.shp","datasetId":"roads","geometryDisplayRepair":false,"villageIds":["v02"],"villageId":"v02","electionIds":["e01"],"electionId":"e01","insideMunicipality":true,"roadName":"ซอยมีสุข","surface":null,"lengthSource":null}},{"type":"Feature","id":"roads-000425","geometry":{"type":"LineString","coordinates":[[102.83924508029989,16.501116003711992],[102.83926639829082,16.501114498823192],[102.83964200672908,16.501024313238187],[102.84005491454724,16.500897641787372],[102.84036975565573,16.500731191476]]},"properties":{"id":"roads-000425","label":"ซอยราชภักดิ์","sourceRecord":425,"sourceFolder":"ถนนขึ้นทะเบียนทางหลวง","sourceFile":"ถนนเฉพาะขึ้นทะเบียน.shp","datasetId":"roads","geometryDisplayRepair":false,"villageIds":["v02","v17"],"villageId":null,"electionIds":["e02","e01"],"electionId":null,"insideMunicipality":true,"roadName":"ซอยราชภักดิ์","surface":null,"lengthSource":null}},{"type":"Feature","id":"roads-000426","geometry":{"type":"MultiLineString","coordinates":[[[102.83498914469202,16.49998100680878],[102.83490413518554,16.499029299325425],[102.83477383992656,16.497568220890837]],[[102.83498911776447,16.49998101797631],[102.83504210642307,16.50044355005741],[102.8350780195037,16.50075579340854],[102.83520960417323,16.50157568786545]]]},"properties":{"id":"roads-000426","label":"ซอยสว่างพัฒนา","sourceRecord":426,"sourceFolder":"ถนนขึ้นทะเบียนทางหลวง","sourceFile":"ถนนเฉพาะขึ้นทะเบียน.shp","datasetId":"roads","geometryDisplayRepair":false,"villageIds":["v02"],"villageId":"v02","electionIds":["e01"],"electionId":"e01","insideMunicipality":true,"roadName":"ซอยสว่างพัฒนา","surface":null,"lengthSource":null}},{"type":"Feature","id":"roads-000427","geometry":{"type":"LineString","coordinates":[[102.87085974857867,16.461309460986104],[102.87085977863372,16.46130945317953],[102.87089550689187,16.46130015990295],[102.870924008991,16.461271546413492],[102.87115767417188,16.461037407240482],[102.87139074791644,16.460825899974726],[102.87143782855918,16.46079261856672],[102.87155616448153,16.460709049851378],[102.8717523631506,16.46058991570152],[102.87208504935916,16.46054602387576],[102.87231338102102,16.460483196406347],[102.87255913293458,16.460430814398553],[102.87256636854073,16.460429423755947],[102.87264157729466,16.460414923194065],[102.87294228008632,16.460356855623782]]},"properties":{"id":"roads-000427","label":"ซอยอุดมสุข(หน้าวัด)","sourceRecord":427,"sourceFolder":"ถนนขึ้นทะเบียนทางหลวง","sourceFile":"ถนนเฉพาะขึ้นทะเบียน.shp","datasetId":"roads","geometryDisplayRepair":false,"villageIds":["v16"],"villageId":"v16","electionIds":["e03"],"electionId":"e03","insideMunicipality":true,"roadName":"ซอยอุดมสุข(หน้าวัด)","surface":null,"lengthSource":null}},{"type":"Feature","id":"roads-000428","geometry":{"type":"MultiLineString","coordinates":[[[102.83255468631684,16.500357219636562],[102.83281910842551,16.50033740372905],[102.83355216056727,16.500216672118455],[102.83498914469202,16.49998100680878],[102.8353988067955,16.499913794266252],[102.83643067838253,16.49976792188328],[102.83676300891426,16.499725851979466],[102.83679929102044,16.499721277913576],[102.83723417364085,16.499666149747952],[102.83743891128805,16.499651041848796],[102.83766525203984,16.499634281596723],[102.83782917901863,16.499622124788907],[102.83829238976749,16.499575757755515],[102.83877469953214,16.49948839064648],[102.83894108843194,16.499458224765398],[102.8393230733901,16.499375542161413],[102.8398505082126,16.499309303324733],[102.84010987698503,16.499283137043484],[102.84022589371614,16.49927140817221],[102.84029814225867,16.499264084359908],[102.8407618301847,16.499223722559876],[102.84106172644019,16.499212108910644],[102.84145554837882,16.499238890310334],[102.84181965654888,16.499266358604885],[102.84216504296847,16.499261903080434],[102.84222055840128,16.499261149159786],[102.84263822691206,16.49925565469813],[102.8428554517886,16.49924315367274],[102.84319345105916,16.499223627961204],[102.84373434972201,16.49919020727637],[102.84443449909095,16.499146879306522],[102.84521761149779,16.499104023919365],[102.84599161512014,16.49913462298219],[102.84601785020216,16.499135690370604],[102.8461763557493,16.499141880471512]],[[102.84617632876942,16.499141891658496],[102.84749495364873,16.499163056660855],[102.84786218004868,16.499127534859912],[102.84848404891162,16.499067310671624],[102.84868904262078,16.499047435285224],[102.84969908778534,16.49898171326102],[102.8499384671201,16.499036542734576],[102.85109653912698,16.49935437424768],[102.85200662546926,16.49950917665015],[102.85214483331987,16.499522103126885],[102.85279271827086,16.499582464084234],[102.85363275167907,16.4995066415303],[102.85470041196601,16.49928538641046],[102.8551309620666,16.499196136638922],[102.85523537797276,16.499166534166427],[102.85616979745151,16.498901512773323],[102.8564902688656,16.498705450697642],[102.85702052582533,16.498133332369214],[102.85771972155018,16.49752828898491],[102.85792005328426,16.49739653494916],[102.8581083110939,16.497272759555052],[102.85831931153282,16.497207243477547],[102.85932683747691,16.497109916102705],[102.85991619156887,16.497002405621327],[102.8605823928477,16.496880834293837],[102.86125988320556,16.496770456885926]]]},"properties":{"id":"roads-000428","label":"ถนนหนองกุง - ศิลา","sourceRecord":428,"sourceFolder":"ถนนขึ้นทะเบียนทางหลวง","sourceFile":"ถนนเฉพาะขึ้นทะเบียน.shp","datasetId":"roads","geometryDisplayRepair":false,"villageIds":["v28","v02","v17","v01"],"villageId":null,"electionIds":["e03","e02","e01"],"electionId":null,"insideMunicipality":true,"roadName":"ถนนหนองกุง - ศิลา","surface":null,"lengthSource":null}},{"type":"Feature","id":"roads-000429","geometry":{"type":"MultiLineString","coordinates":[[[102.8528305434691,16.49475968733743],[102.85480184247722,16.493265591284725]],[[102.86133407771455,16.495255889745394],[102.86026153116784,16.494957065664426],[102.85977383131518,16.49487976011743],[102.85935080957819,16.49463019304606],[102.8590005552326,16.494591320703936],[102.85900274464633,16.494196798972016],[102.85896651316602,16.494181102212707],[102.85819651009602,16.49384597336741],[102.85712478833199,16.493606652676903],[102.85628127621578,16.493490876148513],[102.85551141199718,16.493385846842457],[102.85492010345459,16.493272989550345],[102.85480192531699,16.493265537775063],[102.85480191765616,16.493265618780846]]]},"properties":{"id":"roads-000429","label":"ซอยศิลารมย์ 1","sourceRecord":429,"sourceFolder":"ถนนขึ้นทะเบียนทางหลวง","sourceFile":"ถนนเฉพาะขึ้นทะเบียน.shp","datasetId":"roads","geometryDisplayRepair":false,"villageIds":["v28"],"villageId":"v28","electionIds":["e03"],"electionId":"e03","insideMunicipality":true,"roadName":"ซอยศิลารมย์ 1","surface":null,"lengthSource":null}},{"type":"Feature","id":"roads-000430","geometry":{"type":"LineString","coordinates":[[102.86888045491571,16.46012590847012],[102.868626769396,16.459443572350004]]},"properties":{"id":"roads-000430","label":"ซอยดิเรก","sourceRecord":430,"sourceFolder":"ถนนขึ้นทะเบียนทางหลวง","sourceFile":"ถนนเฉพาะขึ้นทะเบียน.shp","datasetId":"roads","geometryDisplayRepair":false,"villageIds":["v11","v16"],"villageId":null,"electionIds":["e03"],"electionId":"e03","insideMunicipality":true,"roadName":"ซอยดิเรก","surface":null,"lengthSource":null}},{"type":"Feature","id":"roads-000431","geometry":{"type":"LineString","coordinates":[[102.87122437239921,16.45791723394364],[102.87138757384746,16.458299574516357]]},"properties":{"id":"roads-000431","label":"ซอยผมหอม","sourceRecord":431,"sourceFolder":"ถนนขึ้นทะเบียนทางหลวง","sourceFile":"ถนนเฉพาะขึ้นทะเบียน.shp","datasetId":"roads","geometryDisplayRepair":false,"villageIds":["v11"],"villageId":"v11","electionIds":["e03"],"electionId":"e03","insideMunicipality":true,"roadName":"ซอยผมหอม","surface":null,"lengthSource":null}},{"type":"Feature","id":"roads-000432","geometry":{"type":"LineString","coordinates":[[102.8730549591313,16.45853171226788],[102.87289136350157,16.45812207960922]]},"properties":{"id":"roads-000432","label":"ซอยพวงผกา","sourceRecord":432,"sourceFolder":"ถนนขึ้นทะเบียนทางหลวง","sourceFile":"ถนนเฉพาะขึ้นทะเบียน.shp","datasetId":"roads","geometryDisplayRepair":false,"villageIds":["v11"],"villageId":"v11","electionIds":["e03"],"electionId":"e03","insideMunicipality":true,"roadName":"ซอยพวงผกา","surface":null,"lengthSource":null}},{"type":"Feature","id":"roads-000433","geometry":{"type":"LineString","coordinates":[[102.87169157967871,16.45971454098102],[102.8716557390899,16.45953848043389],[102.87165179182222,16.459350553997186],[102.87165176466638,16.459350565276385],[102.87168118829454,16.45917715086995],[102.87163035361313,16.458923948590197]]},"properties":{"id":"roads-000433","label":"ซอยสุวรรณ","sourceRecord":433,"sourceFolder":"ถนนขึ้นทะเบียนทางหลวง","sourceFile":"ถนนเฉพาะขึ้นทะเบียน.shp","datasetId":"roads","geometryDisplayRepair":false,"villageIds":["v11","v16"],"villageId":null,"electionIds":["e03"],"electionId":"e03","insideMunicipality":true,"roadName":"ซอยสุวรรณ","surface":null,"lengthSource":null}},{"type":"Feature","id":"roads-000434","geometry":{"type":"LineString","coordinates":[[102.87066202962502,16.449015774830343],[102.8718792283156,16.448937613196012]]},"properties":{"id":"roads-000434","label":"ซอยเสริมสวย","sourceRecord":434,"sourceFolder":"ถนนขึ้นทะเบียนทางหลวง","sourceFile":"ถนนเฉพาะขึ้นทะเบียน.shp","datasetId":"roads","geometryDisplayRepair":false,"villageIds":["v11"],"villageId":"v11","electionIds":["e03"],"electionId":"e03","insideMunicipality":false,"roadName":"ซอยเสริมสวย","surface":null,"lengthSource":null}},{"type":"Feature","id":"roads-000435","geometry":{"type":"LineString","coordinates":[[102.8627835677458,16.472971944057704],[102.86261930090704,16.47255530722664],[102.86229013671132,16.472652508709096]]},"properties":{"id":"roads-000435","label":"ซอยร่วมมิตร (ยายพัง)","sourceRecord":435,"sourceFolder":"ถนนขึ้นทะเบียนทางหลวง","sourceFile":"ถนนเฉพาะขึ้นทะเบียน.shp","datasetId":"roads","geometryDisplayRepair":false,"villageIds":["v15","v09"],"villageId":null,"electionIds":["e03"],"electionId":"e03","insideMunicipality":true,"roadName":"ซอยร่วมมิตร (ยายพัง)","surface":null,"lengthSource":null}},{"type":"Feature","id":"roads-000436","geometry":{"type":"LineString","coordinates":[[102.86369651482899,16.472324954067425],[102.86356504102106,16.472202395132918],[102.8634967866403,16.4720892421018],[102.86347819106719,16.47195079498834],[102.86345792089595,16.471817577151846],[102.86319314864494,16.471443040030472],[102.86304738438128,16.471282716783968],[102.86315290484976,16.471105456429697]]},"properties":{"id":"roads-000436","label":"ซอยต้นไผ่","sourceRecord":436,"sourceFolder":"ถนนขึ้นทะเบียนทางหลวง","sourceFile":"ถนนเฉพาะขึ้นทะเบียน.shp","datasetId":"roads","geometryDisplayRepair":false,"villageIds":["v15","v09"],"villageId":null,"electionIds":["e03"],"electionId":"e03","insideMunicipality":true,"roadName":"ซอยต้นไผ่","surface":null,"lengthSource":null}},{"type":"Feature","id":"roads-000437","geometry":{"type":"LineString","coordinates":[[102.86048973424828,16.473235475709306],[102.86046896604394,16.473225824685823],[102.85986747359419,16.472982208858983],[102.85979713747535,16.472953682402025],[102.85887743863294,16.4724941148688],[102.85871956407622,16.472456326258843],[102.85853209267023,16.472458427823476],[102.85833310520019,16.472490601272387]]},"properties":{"id":"roads-000437","label":"ซอยกลางบ้านเกษร","sourceRecord":437,"sourceFolder":"ถนนขึ้นทะเบียนทางหลวง","sourceFile":"ถนนเฉพาะขึ้นทะเบียน.shp","datasetId":"roads","geometryDisplayRepair":false,"villageIds":["v15","v25"],"villageId":null,"electionIds":["e03"],"electionId":"e03","insideMunicipality":true,"roadName":"ซอยกลางบ้านเกษร","surface":null,"lengthSource":null}},{"type":"Feature","id":"roads-000438","geometry":{"type":"LineString","coordinates":[[102.86580134898807,16.472159913080418],[102.86551091990722,16.47223836238468]]},"properties":{"id":"roads-000438","label":"ซอยอำนวย","sourceRecord":438,"sourceFolder":"ถนนขึ้นทะเบียนทางหลวง","sourceFile":"ถนนเฉพาะขึ้นทะเบียน.shp","datasetId":"roads","geometryDisplayRepair":false,"villageIds":["v09"],"villageId":"v09","electionIds":["e03"],"electionId":"e03","insideMunicipality":true,"roadName":"ซอยอำนวย","surface":null,"lengthSource":null}},{"type":"Feature","id":"roads-000439","geometry":{"type":"LineString","coordinates":[[102.86382044844474,16.472754766802268],[102.86363030721104,16.47283576744686],[102.86361930026884,16.472968395991742]]},"properties":{"id":"roads-000439","label":"ซอยคำจินดา","sourceRecord":439,"sourceFolder":"ถนนขึ้นทะเบียนทางหลวง","sourceFile":"ถนนเฉพาะขึ้นทะเบียน.shp","datasetId":"roads","geometryDisplayRepair":false,"villageIds":["v09"],"villageId":"v09","electionIds":["e03"],"electionId":"e03","insideMunicipality":true,"roadName":"ซอยคำจินดา","surface":null,"lengthSource":null}},{"type":"Feature","id":"roads-000440","geometry":{"type":"LineString","coordinates":[[102.86946065249235,16.46890038797396],[102.86861421656765,16.468810040499104]]},"properties":{"id":"roads-000440","label":"ซอยสุทิน","sourceRecord":440,"sourceFolder":"ถนนขึ้นทะเบียนทางหลวง","sourceFile":"ถนนเฉพาะขึ้นทะเบียน.shp","datasetId":"roads","geometryDisplayRepair":false,"villageIds":["v09","v25"],"villageId":null,"electionIds":["e03"],"electionId":"e03","insideMunicipality":true,"roadName":"ซอยสุทิน","surface":null,"lengthSource":null}},{"type":"Feature","id":"roads-000441","geometry":{"type":"MultiLineString","coordinates":[[[102.8703459394394,16.457802863609306],[102.87070413821952,16.457857893244036],[102.87115577281136,16.45792717163188],[102.87122437239921,16.45791723394364],[102.87129105692163,16.457907530247414],[102.87141708589776,16.457881381688782]],[[102.87141709187384,16.457881341435314],[102.87141711305472,16.457881370408113],[102.87153403357308,16.457927918693454],[102.87166059610956,16.45794215746743]]]},"properties":{"id":"roads-000441","label":"ซอยคุ้มสามเหลี่ยม 1","sourceRecord":441,"sourceFolder":"ถนนขึ้นทะเบียนทางหลวง","sourceFile":"ถนนเฉพาะขึ้นทะเบียน.shp","datasetId":"roads","geometryDisplayRepair":false,"villageIds":["v11"],"villageId":"v11","electionIds":["e03"],"electionId":"e03","insideMunicipality":true,"roadName":"ซอยคุ้มสามเหลี่ยม 1","surface":null,"lengthSource":null}},{"type":"Feature","id":"roads-000442","geometry":{"type":"LineString","coordinates":[[102.87208799646716,16.458807145629436],[102.8719126441967,16.45885422977814],[102.87168279213083,16.4589205047159],[102.87163035361313,16.458923948590197],[102.87155036179843,16.458929129929793],[102.87131537341435,16.45896217135074],[102.87092546451841,16.45896129273522],[102.87079773575599,16.45896095958229],[102.87062635808736,16.45885167611135],[102.8706089898275,16.458840506255747],[102.87043888767322,16.458797902946735],[102.87017288822032,16.458754010492683]]},"properties":{"id":"roads-000442","label":"ซอยนุชนาถ","sourceRecord":442,"sourceFolder":"ถนนขึ้นทะเบียนทางหลวง","sourceFile":"ถนนเฉพาะขึ้นทะเบียน.shp","datasetId":"roads","geometryDisplayRepair":false,"villageIds":["v11"],"villageId":"v11","electionIds":["e03"],"electionId":"e03","insideMunicipality":true,"roadName":"ซอยนุชนาถ","surface":null,"lengthSource":null}},{"type":"Feature","id":"roads-000443","geometry":{"type":"LineString","coordinates":[[102.87247814801914,16.459516493925374],[102.87244821221466,16.459462098539806],[102.87225000326552,16.459028616060834],[102.87218692027837,16.458930853446606],[102.87208799646716,16.458807145629432],[102.87188596320402,16.458554081926568],[102.87182068276226,16.45842873726492],[102.87170124926297,16.458164751130166],[102.87169046164934,16.458140673622943],[102.87166059610956,16.45794215746743],[102.87164150820836,16.45781433438296],[102.87163728218947,16.457785534532807],[102.87150235440322,16.456675073035864],[102.87148834539228,16.45650031422473],[102.87147395284445,16.456318629075966],[102.87146763655248,16.45627570743114],[102.8714347241089,16.456048357816492],[102.87139286044024,16.455889240417928],[102.8713204079428,16.45561291914921],[102.87106336022636,16.454829519514632],[102.87097780189079,16.454255356197397],[102.87104853756772,16.453089084687335],[102.8711063644131,16.452592567676096],[102.87112737323956,16.45241308567342],[102.87110133396864,16.45160866823143],[102.87109425869723,16.451386841819968],[102.87097001283426,16.45072445607368],[102.87090960727454,16.450401721328596],[102.87085511287694,16.450257856010552],[102.87069205733225,16.449826392299542],[102.87063497473453,16.449675117141954],[102.87060893900521,16.44940386703853],[102.87066205679177,16.4490157635397],[102.87087765935736,16.448612376021195]]},"properties":{"id":"roads-000443","label":"ถนนดอนยาง - หัวถนน","sourceRecord":443,"sourceFolder":"ถนนขึ้นทะเบียนทางหลวง","sourceFile":"ถนนเฉพาะขึ้นทะเบียน.shp","datasetId":"roads","geometryDisplayRepair":false,"villageIds":["v11","v16"],"villageId":null,"electionIds":["e03"],"electionId":"e03","insideMunicipality":true,"roadName":"ถนนดอนยาง - หัวถนน","surface":null,"lengthSource":null}},{"type":"Feature","id":"roads-000444","geometry":{"type":"LineString","coordinates":[[102.86914674426231,16.450472856793134],[102.86914673996154,16.450472827518933],[102.87085511287694,16.450257856010552]]},"properties":{"id":"roads-000444","label":"ซอยแสวง","sourceRecord":444,"sourceFolder":"ถนนขึ้นทะเบียนทางหลวง","sourceFile":"ถนนเฉพาะขึ้นทะเบียน.shp","datasetId":"roads","geometryDisplayRepair":false,"villageIds":["v11"],"villageId":"v11","electionIds":["e03"],"electionId":"e03","insideMunicipality":true,"roadName":"ซอยแสวง","surface":null,"lengthSource":null}},{"type":"Feature","id":"roads-000445","geometry":{"type":"LineString","coordinates":[[102.87397904904745,16.459122623045662],[102.87397907390648,16.45912261063483],[102.87429624622374,16.45896428182981],[102.87454910157288,16.458806792159194],[102.87464770832337,16.45865648050524],[102.87465669793349,16.45853626047188],[102.87467782138397,16.458257277187503]]},"properties":{"id":"roads-000445","label":"ซอยศรีแสง","sourceRecord":445,"sourceFolder":"ถนนขึ้นทะเบียนทางหลวง","sourceFile":"ถนนเฉพาะขึ้นทะเบียน.shp","datasetId":"roads","geometryDisplayRepair":false,"villageIds":["v11","v16"],"villageId":null,"electionIds":["e03"],"electionId":"e03","insideMunicipality":true,"roadName":"ซอยศรีแสง","surface":null,"lengthSource":null}},{"type":"Feature","id":"roads-000446","geometry":{"type":"MultiLineString","coordinates":[[[102.87281474084206,16.457833280355334],[102.87306311762178,16.45777725909381],[102.87295915855142,16.457421214771916]],[[102.87311998550241,16.457971538892195],[102.87306311762178,16.45777725909381]]]},"properties":{"id":"roads-000446","label":"ซอยปทุมรัชย์","sourceRecord":446,"sourceFolder":"ถนนขึ้นทะเบียนทางหลวง","sourceFile":"ถนนเฉพาะขึ้นทะเบียน.shp","datasetId":"roads","geometryDisplayRepair":false,"villageIds":["v11"],"villageId":"v11","electionIds":["e03"],"electionId":"e03","insideMunicipality":true,"roadName":"ซอยปทุมรัชย์","surface":null,"lengthSource":null}},{"type":"Feature","id":"roads-000447","geometry":{"type":"LineString","coordinates":[[102.87207553298481,16.46147513879011],[102.87207558851192,16.461475117489222],[102.87222223380327,16.46128922990008],[102.87226976453373,16.46116405196642],[102.87226809843452,16.461057320366507],[102.87226773945599,16.461027611239224],[102.87243586527173,16.460805981855312],[102.87254496557267,16.460509765165448],[102.87256636854073,16.460429423755947]]},"properties":{"id":"roads-000447","label":"ซอยเกื้อกูล","sourceRecord":447,"sourceFolder":"ถนนขึ้นทะเบียนทางหลวง","sourceFile":"ถนนเฉพาะขึ้นทะเบียน.shp","datasetId":"roads","geometryDisplayRepair":false,"villageIds":["v16"],"villageId":"v16","electionIds":["e03"],"electionId":"e03","insideMunicipality":true,"roadName":"ซอยเกื้อกูล","surface":null,"lengthSource":null}},{"type":"Feature","id":"roads-000448","geometry":{"type":"LineString","coordinates":[[102.87033356314849,16.460277038693953],[102.87062131605427,16.460244174112027]]},"properties":{"id":"roads-000448","label":"ซอยไก่แก้ว","sourceRecord":448,"sourceFolder":"ถนนขึ้นทะเบียนทางหลวง","sourceFile":"ถนนเฉพาะขึ้นทะเบียน.shp","datasetId":"roads","geometryDisplayRepair":false,"villageIds":["v16"],"villageId":"v16","electionIds":["e03"],"electionId":"e03","insideMunicipality":true,"roadName":"ซอยไก่แก้ว","surface":null,"lengthSource":null}},{"type":"Feature","id":"roads-000449","geometry":{"type":"LineString","coordinates":[[102.86478631524083,16.47672486502816],[102.86427157306251,16.47674121582627],[102.86408114085347,16.476010943607676]]},"properties":{"id":"roads-000449","label":"ซอยมยุโรวาท","sourceRecord":449,"sourceFolder":"ถนนขึ้นทะเบียนทางหลวง","sourceFile":"ถนนเฉพาะขึ้นทะเบียน.shp","datasetId":"roads","geometryDisplayRepair":false,"villageIds":["v25"],"villageId":"v25","electionIds":["e03"],"electionId":"e03","insideMunicipality":true,"roadName":"ซอยมยุโรวาท","surface":null,"lengthSource":null}},{"type":"Feature","id":"roads-000450","geometry":{"type":"LineString","coordinates":[[102.86285515188034,16.475469838103937],[102.86236579322073,16.474202664226805]]},"properties":{"id":"roads-000450","label":"ซอยหลังวัด","sourceRecord":450,"sourceFolder":"ถนนขึ้นทะเบียนทางหลวง","sourceFile":"ถนนเฉพาะขึ้นทะเบียน.shp","datasetId":"roads","geometryDisplayRepair":false,"villageIds":["v25"],"villageId":"v25","electionIds":["e03"],"electionId":"e03","insideMunicipality":true,"roadName":"ซอยหลังวัด","surface":null,"lengthSource":null}},{"type":"Feature","id":"roads-000451","geometry":{"type":"LineString","coordinates":[[102.87345096988342,16.4582539088811],[102.8730549591313,16.45853171226788],[102.87289607646561,16.458643201413278],[102.87275356050202,16.458696994582173],[102.87275354737994,16.458697053346686]]},"properties":{"id":"roads-000451","label":"ซอยปรีดา","sourceRecord":451,"sourceFolder":"ถนนขึ้นทะเบียนทางหลวง","sourceFile":"ถนนเฉพาะขึ้นทะเบียน.shp","datasetId":"roads","geometryDisplayRepair":false,"villageIds":["v11"],"villageId":"v11","electionIds":["e03"],"electionId":"e03","insideMunicipality":true,"roadName":"ซอยปรีดา","surface":null,"lengthSource":null}},{"type":"Feature","id":"roads-000452","geometry":{"type":"LineString","coordinates":[[102.86770349921491,16.474722962092738],[102.86754526095615,16.473961876925657]]},"properties":{"id":"roads-000452","label":"ซอยสุริวงศ์","sourceRecord":452,"sourceFolder":"ถนนขึ้นทะเบียนทางหลวง","sourceFile":"ถนนเฉพาะขึ้นทะเบียน.shp","datasetId":"roads","geometryDisplayRepair":false,"villageIds":["v25"],"villageId":"v25","electionIds":["e03"],"electionId":"e03","insideMunicipality":true,"roadName":"ซอยสุริวงศ์","surface":null,"lengthSource":null}},{"type":"Feature","id":"roads-000453","geometry":{"type":"LineString","coordinates":[[102.8631587944479,16.475692371046062],[102.86323706111779,16.4761652699432]]},"properties":{"id":"roads-000453","label":"ซอยพาณิชย์","sourceRecord":453,"sourceFolder":"ถนนขึ้นทะเบียนทางหลวง","sourceFile":"ถนนเฉพาะขึ้นทะเบียน.shp","datasetId":"roads","geometryDisplayRepair":false,"villageIds":["v25"],"villageId":"v25","electionIds":["e03"],"electionId":"e03","insideMunicipality":true,"roadName":"ซอยพาณิชย์","surface":null,"lengthSource":null}},{"type":"Feature","id":"roads-000454","geometry":{"type":"LineString","coordinates":[[102.86540106504945,16.47525088889334],[102.86608672590387,16.477019058773134]]},"properties":{"id":"roads-000454","label":"ซอยโรงน้ำ","sourceRecord":454,"sourceFolder":"ถนนขึ้นทะเบียนทางหลวง","sourceFile":"ถนนเฉพาะขึ้นทะเบียน.shp","datasetId":"roads","geometryDisplayRepair":false,"villageIds":["v25"],"villageId":"v25","electionIds":["e03"],"electionId":"e03","insideMunicipality":true,"roadName":"ซอยโรงน้ำ","surface":null,"lengthSource":null}},{"type":"Feature","id":"roads-000455","geometry":{"type":"LineString","coordinates":[[102.86589858347784,16.472733275805712],[102.86604197414405,16.472966823656733],[102.86609184662488,16.473107720783904]]},"properties":{"id":"roads-000455","label":"ซอยปลัดโท","sourceRecord":455,"sourceFolder":"ถนนขึ้นทะเบียนทางหลวง","sourceFile":"ถนนเฉพาะขึ้นทะเบียน.shp","datasetId":"roads","geometryDisplayRepair":false,"villageIds":["v25"],"villageId":"v25","electionIds":["e03"],"electionId":"e03","insideMunicipality":true,"roadName":"ซอยปลัดโท","surface":null,"lengthSource":null}},{"type":"Feature","id":"roads-000456","geometry":{"type":"LineString","coordinates":[[102.86653119188648,16.473249804509972],[102.86724621901405,16.472981795785213]]},"properties":{"id":"roads-000456","label":"ซอยชายคลอง 1","sourceRecord":456,"sourceFolder":"ถนนขึ้นทะเบียนทางหลวง","sourceFile":"ถนนเฉพาะขึ้นทะเบียน.shp","datasetId":"roads","geometryDisplayRepair":false,"villageIds":["v25"],"villageId":"v25","electionIds":["e03"],"electionId":"e03","insideMunicipality":true,"roadName":"ซอยชายคลอง 1","surface":null,"lengthSource":null}},{"type":"Feature","id":"roads-000457","geometry":{"type":"LineString","coordinates":[[102.86566510393453,16.473399897900485],[102.86630879424717,16.473421518932795]]},"properties":{"id":"roads-000457","label":"ซอยพุทธรักษา","sourceRecord":457,"sourceFolder":"ถนนขึ้นทะเบียนทางหลวง","sourceFile":"ถนนเฉพาะขึ้นทะเบียน.shp","datasetId":"roads","geometryDisplayRepair":false,"villageIds":["v25"],"villageId":"v25","electionIds":["e03"],"electionId":"e03","insideMunicipality":true,"roadName":"ซอยพุทธรักษา","surface":null,"lengthSource":null}},{"type":"Feature","id":"roads-000458","geometry":{"type":"LineString","coordinates":[[102.86474283992113,16.47623326845008],[102.86540217373069,16.476194129610036]]},"properties":{"id":"roads-000458","label":"ซอยราษฎร์ประชา","sourceRecord":458,"sourceFolder":"ถนนขึ้นทะเบียนทางหลวง","sourceFile":"ถนนเฉพาะขึ้นทะเบียน.shp","datasetId":"roads","geometryDisplayRepair":false,"villageIds":["v25"],"villageId":"v25","electionIds":["e03"],"electionId":"e03","insideMunicipality":true,"roadName":"ซอยราษฎร์ประชา","surface":null,"lengthSource":null}},{"type":"Feature","id":"roads-000459","geometry":{"type":"LineString","coordinates":[[102.86471974991044,16.475997690989022],[102.86501506099734,16.47593091879178],[102.86501503389667,16.475930930039066],[102.8650604438683,16.47603438773261],[102.86551193375627,16.475919516098052]]},"properties":{"id":"roads-000459","label":"ซอยแม้นศรี","sourceRecord":459,"sourceFolder":"ถนนขึ้นทะเบียนทางหลวง","sourceFile":"ถนนเฉพาะขึ้นทะเบียน.shp","datasetId":"roads","geometryDisplayRepair":false,"villageIds":["v25"],"villageId":"v25","electionIds":["e03"],"electionId":"e03","insideMunicipality":true,"roadName":"ซอยแม้นศรี","surface":null,"lengthSource":null}},{"type":"Feature","id":"roads-000460","geometry":{"type":"LineString","coordinates":[[102.86388117181019,16.473999950493006],[102.86395529066985,16.47423399153894],[102.86396805297973,16.47436840793566],[102.86403200220563,16.474591411267305]]},"properties":{"id":"roads-000460","label":"ซอยพรมมา","sourceRecord":460,"sourceFolder":"ถนนขึ้นทะเบียนทางหลวง","sourceFile":"ถนนเฉพาะขึ้นทะเบียน.shp","datasetId":"roads","geometryDisplayRepair":false,"villageIds":["v25"],"villageId":"v25","electionIds":["e03"],"electionId":"e03","insideMunicipality":true,"roadName":"ซอยพรมมา","surface":null,"lengthSource":null}},{"type":"Feature","id":"roads-000461","geometry":{"type":"LineString","coordinates":[[102.86420353230947,16.475567259293094],[102.86415333586406,16.475333404027047],[102.86399153019539,16.474989568067095]]},"properties":{"id":"roads-000461","label":"ซอยจันลาลี","sourceRecord":461,"sourceFolder":"ถนนขึ้นทะเบียนทางหลวง","sourceFile":"ถนนเฉพาะขึ้นทะเบียน.shp","datasetId":"roads","geometryDisplayRepair":false,"villageIds":["v25"],"villageId":"v25","electionIds":["e03"],"electionId":"e03","insideMunicipality":true,"roadName":"ซอยจันลาลี","surface":null,"lengthSource":null}},{"type":"Feature","id":"roads-000462","geometry":{"type":"LineString","coordinates":[[102.86262141716122,16.476493954104704],[102.8625342590449,16.47682543074282],[102.86252999596283,16.478240263874586],[102.86246790168993,16.478537967791127]]},"properties":{"id":"roads-000462","label":"ซอยหน้าอนามัย","sourceRecord":462,"sourceFolder":"ถนนขึ้นทะเบียนทางหลวง","sourceFile":"ถนนเฉพาะขึ้นทะเบียน.shp","datasetId":"roads","geometryDisplayRepair":false,"villageIds":["v25"],"villageId":"v25","electionIds":["e03"],"electionId":"e03","insideMunicipality":true,"roadName":"ซอยหน้าอนามัย","surface":null,"lengthSource":null}},{"type":"Feature","id":"roads-000463","geometry":{"type":"LineString","coordinates":[[102.84076302476659,16.458962652605265],[102.83936447900192,16.459116777115085]]},"properties":{"id":"roads-000463","label":"ซอยอรรถวุฒิ","sourceRecord":463,"sourceFolder":"ถนนขึ้นทะเบียนทางหลวง","sourceFile":"ถนนเฉพาะขึ้นทะเบียน.shp","datasetId":"roads","geometryDisplayRepair":false,"villageIds":["v20"],"villageId":"v20","electionIds":["e02"],"electionId":"e02","insideMunicipality":true,"roadName":"ซอยอรรถวุฒิ","surface":null,"lengthSource":null}},{"type":"Feature","id":"roads-000464","geometry":{"type":"MultiLineString","coordinates":[[[102.8505849418133,16.48064212953469],[102.85105130587718,16.480405156262712],[102.8514165001945,16.480152150199633]],[[102.85160818562927,16.481211843859604],[102.85105130587718,16.480405156262712]]]},"properties":{"id":"roads-000464","label":"ซอยคุณหมอ","sourceRecord":464,"sourceFolder":"ถนนขึ้นทะเบียนทางหลวง","sourceFile":"ถนนเฉพาะขึ้นทะเบียน.shp","datasetId":"roads","geometryDisplayRepair":false,"villageIds":["v26"],"villageId":"v26","electionIds":["e02"],"electionId":"e02","insideMunicipality":true,"roadName":"ซอยคุณหมอ","surface":null,"lengthSource":null}},{"type":"Feature","id":"roads-000465","geometry":{"type":"MultiLineString","coordinates":[[[102.85106269731033,16.48448359321559],[102.85183963123593,16.48580380411061],[102.85183960536726,16.48580381728975],[102.85141500539149,16.48601967223165],[102.85140249620157,16.486031670115022]],[[102.85220657334915,16.485616860564683],[102.85183963123593,16.48580380411061],[102.85183963239292,16.485803806076635]]]},"properties":{"id":"roads-000465","label":"ซอยกระถิน","sourceRecord":465,"sourceFolder":"ถนนขึ้นทะเบียนทางหลวง","sourceFile":"ถนนเฉพาะขึ้นทะเบียน.shp","datasetId":"roads","geometryDisplayRepair":false,"villageIds":["v26"],"villageId":"v26","electionIds":["e02"],"electionId":"e02","insideMunicipality":true,"roadName":"ซอยกระถิน","surface":null,"lengthSource":null}},{"type":"Feature","id":"roads-000466","geometry":{"type":"LineString","coordinates":[[102.85775887824201,16.461379629365897],[102.8577219758796,16.462624004574234]]},"properties":{"id":"roads-000466","label":"ซอยสนามยิงปืน 2","sourceRecord":466,"sourceFolder":"ถนนขึ้นทะเบียนทางหลวง","sourceFile":"ถนนเฉพาะขึ้นทะเบียน.shp","datasetId":"roads","geometryDisplayRepair":false,"villageIds":["v15","v11","v16"],"villageId":null,"electionIds":["e03"],"electionId":"e03","insideMunicipality":true,"roadName":"ซอยสนามยิงปืน 2","surface":null,"lengthSource":null}},{"type":"Feature","id":"roads-000467","geometry":{"type":"LineString","coordinates":[[102.85383347387705,16.486294763790294],[102.85373109083723,16.48610507311494],[102.85364309625778,16.485944309876288],[102.85535581556067,16.48502333349756]]},"properties":{"id":"roads-000467","label":"ซอยตาไหว","sourceRecord":467,"sourceFolder":"ถนนขึ้นทะเบียนทางหลวง","sourceFile":"ถนนเฉพาะขึ้นทะเบียน.shp","datasetId":"roads","geometryDisplayRepair":false,"villageIds":["v26"],"villageId":"v26","electionIds":["e02"],"electionId":"e02","insideMunicipality":true,"roadName":"ซอยตาไหว","surface":null,"lengthSource":null}},{"type":"Feature","id":"roads-000468","geometry":{"type":"LineString","coordinates":[[102.86048976682935,16.473235514678993],[102.86062205573523,16.472859015739857],[102.86062205573523,16.472859015739854],[102.86062943003796,16.472838094053138],[102.86060473940717,16.472620798946572],[102.8612062500999,16.47246818279043],[102.86135971532084,16.472907855736953],[102.8612325484688,16.47291861440929],[102.86062205573523,16.472859015739854]]},"properties":{"id":"roads-000468","label":"ซอยหมู่บ้านสุขเกษม","sourceRecord":468,"sourceFolder":"ถนนขึ้นทะเบียนทางหลวง","sourceFile":"ถนนเฉพาะขึ้นทะเบียน.shp","datasetId":"roads","geometryDisplayRepair":false,"villageIds":["v15","v25"],"villageId":null,"electionIds":["e03"],"electionId":"e03","insideMunicipality":true,"roadName":"ซอยหมู่บ้านสุขเกษม","surface":null,"lengthSource":null}},{"type":"Feature","id":"roads-000469","geometry":{"type":"LineString","coordinates":[[102.85734534252643,16.46137256184179],[102.85742720917227,16.462634973020048]]},"properties":{"id":"roads-000469","label":"ซอยสนามยิงปืน","sourceRecord":469,"sourceFolder":"ถนนขึ้นทะเบียนทางหลวง","sourceFile":"ถนนเฉพาะขึ้นทะเบียน.shp","datasetId":"roads","geometryDisplayRepair":false,"villageIds":["v13","v15"],"villageId":null,"electionIds":["e03","e02"],"electionId":null,"insideMunicipality":true,"roadName":"ซอยสนามยิงปืน","surface":null,"lengthSource":null}},{"type":"Feature","id":"roads-000470","geometry":{"type":"LineString","coordinates":[[102.85996784721232,16.468811191611042],[102.85917496101537,16.46960553540507],[102.85823740931205,16.46899600887827]]},"properties":{"id":"roads-000470","label":"ซอยแยกคันคลองชลประทาน ฝั่งขวา","sourceRecord":470,"sourceFolder":"ถนนขึ้นทะเบียนทางหลวง","sourceFile":"ถนนเฉพาะขึ้นทะเบียน.shp","datasetId":"roads","geometryDisplayRepair":false,"villageIds":["v15","v09"],"villageId":null,"electionIds":["e03"],"electionId":"e03","insideMunicipality":true,"roadName":"ซอยแยกคันคลองชลประทาน ฝั่งขวา","surface":null,"lengthSource":null}},{"type":"Feature","id":"roads-000471","geometry":{"type":"LineString","coordinates":[[102.85358057350007,16.486952071000594],[102.85574140053924,16.48572354114544]]},"properties":{"id":"roads-000471","label":"ซอยหลังบ้านผู้พิพากษา","sourceRecord":471,"sourceFolder":"ถนนขึ้นทะเบียนทางหลวง","sourceFile":"ถนนเฉพาะขึ้นทะเบียน.shp","datasetId":"roads","geometryDisplayRepair":false,"villageIds":["v26"],"villageId":"v26","electionIds":["e02"],"electionId":"e02","insideMunicipality":true,"roadName":"ซอยหลังบ้านผู้พิพากษา","surface":null,"lengthSource":null}},{"type":"Feature","id":"roads-000472","geometry":{"type":"LineString","coordinates":[[102.85394882750312,16.48725185152709],[102.85589092469112,16.486205792739145]]},"properties":{"id":"roads-000472","label":"ซอยบ้านผู้พิพากษา","sourceRecord":472,"sourceFolder":"ถนนขึ้นทะเบียนทางหลวง","sourceFile":"ถนนเฉพาะขึ้นทะเบียน.shp","datasetId":"roads","geometryDisplayRepair":false,"villageIds":["v26"],"villageId":"v26","electionIds":["e02"],"electionId":"e02","insideMunicipality":true,"roadName":"ซอยบ้านผู้พิพากษา","surface":null,"lengthSource":null}},{"type":"Feature","id":"roads-000473","geometry":{"type":"LineString","coordinates":[[102.85836240793293,16.484962735594753],[102.85795959399151,16.485094905694876],[102.85811330137157,16.485571527687426]]},"properties":{"id":"roads-000473","label":"ซอยไสยลักษณา","sourceRecord":473,"sourceFolder":"ถนนขึ้นทะเบียนทางหลวง","sourceFile":"ถนนเฉพาะขึ้นทะเบียน.shp","datasetId":"roads","geometryDisplayRepair":false,"villageIds":["v26"],"villageId":"v26","electionIds":["e02"],"electionId":"e02","insideMunicipality":true,"roadName":"ซอยไสยลักษณา","surface":null,"lengthSource":null}},{"type":"Feature","id":"roads-000474","geometry":{"type":"MultiLineString","coordinates":[[[102.84944350090586,16.486812650279607],[102.85097724655273,16.486267758555705]],[[102.85140249620157,16.486031670115022],[102.85132961055976,16.486101576594667],[102.85097727357375,16.48626774734459]]]},"properties":{"id":"roads-000474","label":"ซอยสุขสำราญ","sourceRecord":474,"sourceFolder":"ถนนขึ้นทะเบียนทางหลวง","sourceFile":"ถนนเฉพาะขึ้นทะเบียน.shp","datasetId":"roads","geometryDisplayRepair":false,"villageIds":["v26"],"villageId":"v26","electionIds":["e02"],"electionId":"e02","insideMunicipality":true,"roadName":"ซอยสุขสำราญ","surface":null,"lengthSource":null}},{"type":"Feature","id":"roads-000475","geometry":{"type":"LineString","coordinates":[[102.85088100042726,16.479459409223676],[102.85114846346207,16.479805547913845],[102.8514165001945,16.480152150199633],[102.85201393030255,16.480924706540765]]},"properties":{"id":"roads-000475","label":"ซอยน้ำผึ้ง","sourceRecord":475,"sourceFolder":"ถนนขึ้นทะเบียนทางหลวง","sourceFile":"ถนนเฉพาะขึ้นทะเบียน.shp","datasetId":"roads","geometryDisplayRepair":false,"villageIds":["v26"],"villageId":"v26","electionIds":["e02"],"electionId":"e02","insideMunicipality":true,"roadName":"ซอยน้ำผึ้ง","surface":null,"lengthSource":null}},{"type":"Feature","id":"roads-000476","geometry":{"type":"LineString","coordinates":[[102.8444367364735,16.45850089119834],[102.84367812459061,16.458878419492866]]},"properties":{"id":"roads-000476","label":"ซอยสันติสุข","sourceRecord":476,"sourceFolder":"ถนนขึ้นทะเบียนทางหลวง","sourceFile":"ถนนเฉพาะขึ้นทะเบียน.shp","datasetId":"roads","geometryDisplayRepair":false,"villageIds":["v20","v13"],"villageId":null,"electionIds":["e02"],"electionId":"e02","insideMunicipality":true,"roadName":"ซอยสันติสุข","surface":null,"lengthSource":null}},{"type":"Feature","id":"roads-000477","geometry":{"type":"MultiLineString","coordinates":[[[102.85067528124652,16.47448870252837],[102.85073171062173,16.47396181342877]],[[102.85067530828375,16.4744886913029],[102.85262802235205,16.47409588259103]]]},"properties":{"id":"roads-000477","label":"ซอยกสิกรทุ่งสร้าง9","sourceRecord":477,"sourceFolder":"ถนนขึ้นทะเบียนทางหลวง","sourceFile":"ถนนเฉพาะขึ้นทะเบียน.shp","datasetId":"roads","geometryDisplayRepair":false,"villageIds":["v13"],"villageId":"v13","electionIds":["e02"],"electionId":"e02","insideMunicipality":true,"roadName":"ซอยกสิกรทุ่งสร้าง9","surface":null,"lengthSource":null}},{"type":"Feature","id":"roads-000478","geometry":{"type":"LineString","coordinates":[[102.85028309637886,16.47137131589452],[102.85107557245604,16.471052889891688]]},"properties":{"id":"roads-000478","label":"ซอยกสิกรทุ่งสร้าง4","sourceRecord":478,"sourceFolder":"ถนนขึ้นทะเบียนทางหลวง","sourceFile":"ถนนเฉพาะขึ้นทะเบียน.shp","datasetId":"roads","geometryDisplayRepair":false,"villageIds":["v13","v14"],"villageId":null,"electionIds":["e02"],"electionId":"e02","insideMunicipality":true,"roadName":"ซอยกสิกรทุ่งสร้าง4","surface":null,"lengthSource":null}},{"type":"Feature","id":"roads-000479","geometry":{"type":"LineString","coordinates":[[102.84964210205572,16.46913373449461],[102.85001267224138,16.468958777050357]]},"properties":{"id":"roads-000479","label":"ซอยกสิกรทุ่งสร้าง3","sourceRecord":479,"sourceFolder":"ถนนขึ้นทะเบียนทางหลวง","sourceFile":"ถนนเฉพาะขึ้นทะเบียน.shp","datasetId":"roads","geometryDisplayRepair":false,"villageIds":["v13"],"villageId":"v13","electionIds":["e02"],"electionId":"e02","insideMunicipality":true,"roadName":"ซอยกสิกรทุ่งสร้าง3","surface":null,"lengthSource":null}},{"type":"Feature","id":"roads-000480","geometry":{"type":"LineString","coordinates":[[102.84887000695163,16.467835480960314],[102.84924137301894,16.46743905797262]]},"properties":{"id":"roads-000480","label":"ซอยกสิกรทุ่งสร้าง2","sourceRecord":480,"sourceFolder":"ถนนขึ้นทะเบียนทางหลวง","sourceFile":"ถนนเฉพาะขึ้นทะเบียน.shp","datasetId":"roads","geometryDisplayRepair":false,"villageIds":["v13","v14"],"villageId":null,"electionIds":["e02"],"electionId":"e02","insideMunicipality":true,"roadName":"ซอยกสิกรทุ่งสร้าง2","surface":null,"lengthSource":null}},{"type":"Feature","id":"roads-000481","geometry":{"type":"LineString","coordinates":[[102.86367614802928,16.495677198164348],[102.86443599047166,16.495506451931153]]},"properties":{"id":"roads-000481","label":"ซอยหน้าวัดโพธิ์ศรี2","sourceRecord":481,"sourceFolder":"ถนนขึ้นทะเบียนทางหลวง","sourceFile":"ถนนเฉพาะขึ้นทะเบียน.shp","datasetId":"roads","geometryDisplayRepair":false,"villageIds":["v18"],"villageId":"v18","electionIds":["e03"],"electionId":"e03","insideMunicipality":true,"roadName":"ซอยหน้าวัดโพธิ์ศรี2","surface":null,"lengthSource":null}},{"type":"Feature","id":"roads-000482","geometry":{"type":"LineString","coordinates":[[102.86530727044523,16.493565512360963],[102.86753213076717,16.493155482373265]]},"properties":{"id":"roads-000482","label":"ซอยทุ่งนาไผ่ล้อม1","sourceRecord":482,"sourceFolder":"ถนนขึ้นทะเบียนทางหลวง","sourceFile":"ถนนเฉพาะขึ้นทะเบียน.shp","datasetId":"roads","geometryDisplayRepair":false,"villageIds":["v18"],"villageId":"v18","electionIds":["e03"],"electionId":"e03","insideMunicipality":true,"roadName":"ซอยทุ่งนาไผ่ล้อม1","surface":null,"lengthSource":null}},{"type":"Feature","id":"roads-000483","geometry":{"type":"LineString","coordinates":[[102.86358496863562,16.488309717823856],[102.86435614026216,16.48846028520476]]},"properties":{"id":"roads-000483","label":"ซอยศิลาชล1","sourceRecord":483,"sourceFolder":"ถนนขึ้นทะเบียนทางหลวง","sourceFile":"ถนนเฉพาะขึ้นทะเบียน.shp","datasetId":"roads","geometryDisplayRepair":false,"villageIds":["v18"],"villageId":"v18","electionIds":["e03"],"electionId":"e03","insideMunicipality":true,"roadName":"ซอยศิลาชล1","surface":null,"lengthSource":null}},{"type":"Feature","id":"roads-000484","geometry":{"type":"LineString","coordinates":[[102.86333629962076,16.4888651707344],[102.86377236101198,16.48896773812874],[102.86438296592226,16.489051656467097]]},"properties":{"id":"roads-000484","label":"ซอยศิลาชล2","sourceRecord":484,"sourceFolder":"ถนนขึ้นทะเบียนทางหลวง","sourceFile":"ถนนเฉพาะขึ้นทะเบียน.shp","datasetId":"roads","geometryDisplayRepair":false,"villageIds":["v18"],"villageId":"v18","electionIds":["e03"],"electionId":"e03","insideMunicipality":true,"roadName":"ซอยศิลาชล2","surface":null,"lengthSource":null}},{"type":"Feature","id":"roads-000485","geometry":{"type":"LineString","coordinates":[[102.88172986011669,16.483029236544667],[102.88008478488159,16.483489216836546]]},"properties":{"id":"roads-000485","label":"ซอยบ้านฝรั่ง","sourceRecord":485,"sourceFolder":"ถนนขึ้นทะเบียนทางหลวง","sourceFile":"ถนนเฉพาะขึ้นทะเบียน.shp","datasetId":"roads","geometryDisplayRepair":false,"villageIds":["v22"],"villageId":"v22","electionIds":["e03"],"electionId":"e03","insideMunicipality":true,"roadName":"ซอยบ้านฝรั่ง","surface":null,"lengthSource":null}},{"type":"Feature","id":"roads-000486","geometry":{"type":"LineString","coordinates":[[102.87652128145292,16.485424455516274],[102.87653945074317,16.485418601696008],[102.87706951881731,16.48524759611846]]},"properties":{"id":"roads-000486","label":"ซอยโรงหนู","sourceRecord":486,"sourceFolder":"ถนนขึ้นทะเบียนทางหลวง","sourceFile":"ถนนเฉพาะขึ้นทะเบียน.shp","datasetId":"roads","geometryDisplayRepair":false,"villageIds":["v22"],"villageId":"v22","electionIds":["e03"],"electionId":"e03","insideMunicipality":true,"roadName":"ซอยโรงหนู","surface":null,"lengthSource":null}},{"type":"Feature","id":"roads-000487","geometry":{"type":"LineString","coordinates":[[102.87477922331132,16.481617241086475],[102.87471796067226,16.482031532135284],[102.87469020190825,16.482419657168712]]},"properties":{"id":"roads-000487","label":"ซอยทานตะวัน4","sourceRecord":487,"sourceFolder":"ถนนขึ้นทะเบียนทางหลวง","sourceFile":"ถนนเฉพาะขึ้นทะเบียน.shp","datasetId":"roads","geometryDisplayRepair":false,"villageIds":["v22"],"villageId":"v22","electionIds":["e03"],"electionId":"e03","insideMunicipality":true,"roadName":"ซอยทานตะวัน4","surface":null,"lengthSource":null}},{"type":"Feature","id":"roads-000488","geometry":{"type":"LineString","coordinates":[[102.86863290182534,16.48245265343457],[102.86895204182397,16.483212159412336]]},"properties":{"id":"roads-000488","label":"ซอยประชาร่วมใจ10","sourceRecord":488,"sourceFolder":"ถนนขึ้นทะเบียนทางหลวง","sourceFile":"ถนนเฉพาะขึ้นทะเบียน.shp","datasetId":"roads","geometryDisplayRepair":false,"villageIds":["v22"],"villageId":"v22","electionIds":["e03"],"electionId":"e03","insideMunicipality":true,"roadName":"ซอยประชาร่วมใจ10","surface":null,"lengthSource":null}},{"type":"Feature","id":"roads-000489","geometry":{"type":"LineString","coordinates":[[102.86926117624782,16.482330619192037],[102.86925500597225,16.482422494450592],[102.86925668893124,16.48258224968406],[102.86926250416364,16.48277359808792],[102.86933430780438,16.482888665367494]]},"properties":{"id":"roads-000489","label":"ซอยประชาร่วมใจ9","sourceRecord":489,"sourceFolder":"ถนนขึ้นทะเบียนทางหลวง","sourceFile":"ถนนเฉพาะขึ้นทะเบียน.shp","datasetId":"roads","geometryDisplayRepair":false,"villageIds":["v22"],"villageId":"v22","electionIds":["e03"],"electionId":"e03","insideMunicipality":true,"roadName":"ซอยประชาร่วมใจ9","surface":null,"lengthSource":null}},{"type":"Feature","id":"roads-000490","geometry":{"type":"LineString","coordinates":[[102.87133240908244,16.482013914396042],[102.87135823321638,16.48222339684154],[102.87138866491502,16.482408334552808]]},"properties":{"id":"roads-000490","label":"ซอยประชาร่วมใจ7","sourceRecord":490,"sourceFolder":"ถนนขึ้นทะเบียนทางหลวง","sourceFile":"ถนนเฉพาะขึ้นทะเบียน.shp","datasetId":"roads","geometryDisplayRepair":false,"villageIds":["v22"],"villageId":"v22","electionIds":["e03"],"electionId":"e03","insideMunicipality":true,"roadName":"ซอยประชาร่วมใจ7","surface":null,"lengthSource":null}},{"type":"Feature","id":"roads-000491","geometry":{"type":"LineString","coordinates":[[102.87053387213338,16.482378416993335],[102.87048338686596,16.48301239238543]]},"properties":{"id":"roads-000491","label":"ซอยประชาร่วมใจ8","sourceRecord":491,"sourceFolder":"ถนนขึ้นทะเบียนทางหลวง","sourceFile":"ถนนเฉพาะขึ้นทะเบียน.shp","datasetId":"roads","geometryDisplayRepair":false,"villageIds":["v22"],"villageId":"v22","electionIds":["e03"],"electionId":"e03","insideMunicipality":true,"roadName":"ซอยประชาร่วมใจ8","surface":"ลูกรัง","lengthSource":null}},{"type":"Feature","id":"roads-000492","geometry":{"type":"LineString","coordinates":[[102.86977642216597,16.480181727398623],[102.86973298833192,16.48045898369775],[102.86969942519238,16.480623125724502]]},"properties":{"id":"roads-000492","label":"ซอยประชาร่วมใจ3","sourceRecord":492,"sourceFolder":"ถนนขึ้นทะเบียนทางหลวง","sourceFile":"ถนนเฉพาะขึ้นทะเบียน.shp","datasetId":"roads","geometryDisplayRepair":false,"villageIds":["v22"],"villageId":"v22","electionIds":["e03"],"electionId":"e03","insideMunicipality":true,"roadName":"ซอยประชาร่วมใจ3","surface":null,"lengthSource":null}},{"type":"Feature","id":"roads-000493","geometry":{"type":"LineString","coordinates":[[102.9006825213929,16.472834005928956],[102.90098680492297,16.473400875971848]]},"properties":{"id":"roads-000493","label":"ซอยบ้านดงพอง6","sourceRecord":493,"sourceFolder":"ถนนขึ้นทะเบียนทางหลวง","sourceFile":"ถนนเฉพาะขึ้นทะเบียน.shp","datasetId":"roads","geometryDisplayRepair":false,"villageIds":["v10"],"villageId":"v10","electionIds":["e03"],"electionId":"e03","insideMunicipality":true,"roadName":"ซอยบ้านดงพอง6","surface":null,"lengthSource":null}},{"type":"Feature","id":"roads-000494","geometry":{"type":"LineString","coordinates":[[102.90147359568783,16.471184135650766],[102.90171951704986,16.472261134898076]]},"properties":{"id":"roads-000494","label":"ถนนหน้าวัดท่าราษฎร์ บ้านดงพอง","sourceRecord":494,"sourceFolder":"ถนนขึ้นทะเบียนทางหลวง","sourceFile":"ถนนเฉพาะขึ้นทะเบียน.shp","datasetId":"roads","geometryDisplayRepair":false,"villageIds":["v10"],"villageId":"v10","electionIds":["e03"],"electionId":"e03","insideMunicipality":true,"roadName":"ถนนหน้าวัดท่าราษฎร์ บ้านดงพอง","surface":null,"lengthSource":null}},{"type":"Feature","id":"roads-000495","geometry":{"type":"MultiLineString","coordinates":[[[102.86435797743964,16.497798228451952],[102.8644170774994,16.497520028318387],[102.8644550240262,16.497258732251918],[102.86446106726999,16.497099162170006],[102.86448505306399,16.49709722169083],[102.86461490654597,16.49704564962167],[102.86478177761352,16.497045751115966],[102.86478183297031,16.49693577816785],[102.86481980975813,16.496822427442368],[102.8648489669841,16.496561791874793]],[[102.86446103876523,16.497099164439376],[102.86446106726999,16.497099162170006]]]},"properties":{"id":"roads-000495","label":"ซอยบ้านยายจวน","sourceRecord":495,"sourceFolder":"ถนนขึ้นทะเบียนทางหลวง","sourceFile":"ถนนเฉพาะขึ้นทะเบียน.shp","datasetId":"roads","geometryDisplayRepair":false,"villageIds":["v18"],"villageId":"v18","electionIds":["e03"],"electionId":"e03","insideMunicipality":true,"roadName":"ซอยบ้านยายจวน","surface":null,"lengthSource":null}},{"type":"Feature","id":"roads-000496","geometry":{"type":"LineString","coordinates":[[102.86351408972217,16.49538793684995],[102.86351408084253,16.49538790929804],[102.86435400408787,16.495141977038468],[102.86435397701892,16.495141988260436]]},"properties":{"id":"roads-000496","label":"ซอยหน้าวัดโพธิ์ศรี1","sourceRecord":496,"sourceFolder":"ถนนขึ้นทะเบียนทางหลวง","sourceFile":"ถนนเฉพาะขึ้นทะเบียน.shp","datasetId":"roads","geometryDisplayRepair":false,"villageIds":["v18"],"villageId":"v18","electionIds":["e03"],"electionId":"e03","insideMunicipality":true,"roadName":"ซอยหน้าวัดโพธิ์ศรี1","surface":null,"lengthSource":null}},{"type":"Feature","id":"roads-000497","geometry":{"type":"LineString","coordinates":[[102.83017289767515,16.4965835973861],[102.82968564937813,16.496651357777093]]},"properties":{"id":"roads-000497","label":"ซอยคุ้มโป่ง","sourceRecord":497,"sourceFolder":"ถนนขึ้นทะเบียนทางหลวง","sourceFile":"ถนนเฉพาะขึ้นทะเบียน.shp","datasetId":"roads","geometryDisplayRepair":false,"villageIds":["v02"],"villageId":"v02","electionIds":["e01"],"electionId":"e01","insideMunicipality":true,"roadName":"ซอยคุ้มโป่ง","surface":null,"lengthSource":null}},{"type":"Feature","id":"roads-000498","geometry":{"type":"LineString","coordinates":[[102.84195373204611,16.480246012935186],[102.84242266944702,16.4813529925183]]},"properties":{"id":"roads-000498","label":"ซอยสี่ภาค","sourceRecord":498,"sourceFolder":"ถนนขึ้นทะเบียนทางหลวง","sourceFile":"ถนนเฉพาะขึ้นทะเบียน.shp","datasetId":"roads","geometryDisplayRepair":false,"villageIds":["v14"],"villageId":"v14","electionIds":["e02"],"electionId":"e02","insideMunicipality":true,"roadName":"ซอยสี่ภาค","surface":null,"lengthSource":null}},{"type":"Feature","id":"roads-000499","geometry":{"type":"LineString","coordinates":[[102.84322552360071,16.482179528665256],[102.84388837896557,16.48193301929826]]},"properties":{"id":"roads-000499","label":"ซอยสมศักดิ์","sourceRecord":499,"sourceFolder":"ถนนขึ้นทะเบียนทางหลวง","sourceFile":"ถนนเฉพาะขึ้นทะเบียน.shp","datasetId":"roads","geometryDisplayRepair":false,"villageIds":["v14"],"villageId":"v14","electionIds":["e02"],"electionId":"e02","insideMunicipality":true,"roadName":"ซอยสมศักดิ์","surface":null,"lengthSource":null}},{"type":"Feature","id":"roads-000500","geometry":{"type":"LineString","coordinates":[[102.84670275768168,16.485593513477156],[102.8467250936964,16.485585635000486],[102.84630240746422,16.48488224526045],[102.84613346021375,16.484620296348595],[102.8458936266722,16.484248053137296]]},"properties":{"id":"roads-000500","label":"ซอยเจริญสุข","sourceRecord":500,"sourceFolder":"ถนนขึ้นทะเบียนทางหลวง","sourceFile":"ถนนเฉพาะขึ้นทะเบียน.shp","datasetId":"roads","geometryDisplayRepair":false,"villageIds":["v14"],"villageId":"v14","electionIds":["e02"],"electionId":"e02","insideMunicipality":true,"roadName":"ซอยเจริญสุข","surface":null,"lengthSource":null}},{"type":"Feature","id":"roads-000501","geometry":{"type":"LineString","coordinates":[[102.84120527515097,16.48046031394446],[102.84167846282305,16.481573319356944]]},"properties":{"id":"roads-000501","label":"ซอยเพชรรัตน์","sourceRecord":501,"sourceFolder":"ถนนขึ้นทะเบียนทางหลวง","sourceFile":"ถนนเฉพาะขึ้นทะเบียน.shp","datasetId":"roads","geometryDisplayRepair":false,"villageIds":["v14"],"villageId":"v14","electionIds":["e02"],"electionId":"e02","insideMunicipality":true,"roadName":"ซอยเพชรรัตน์","surface":null,"lengthSource":null}},{"type":"Feature","id":"roads-000502","geometry":{"type":"LineString","coordinates":[[102.84403823152492,16.485626954984166],[102.844038268359,16.485626932935578],[102.84516725040613,16.484951509221013],[102.84557518119202,16.484819947910548]]},"properties":{"id":"roads-000502","label":"ซอยสิทธิวงษา","sourceRecord":502,"sourceFolder":"ถนนขึ้นทะเบียนทางหลวง","sourceFile":"ถนนเฉพาะขึ้นทะเบียน.shp","datasetId":"roads","geometryDisplayRepair":false,"villageIds":["v14"],"villageId":"v14","electionIds":["e02"],"electionId":"e02","insideMunicipality":true,"roadName":"ซอยสิทธิวงษา","surface":null,"lengthSource":null}},{"type":"Feature","id":"roads-000503","geometry":{"type":"LineString","coordinates":[[102.84261077371076,16.48510754229712],[102.84452868618071,16.484298126521814]]},"properties":{"id":"roads-000503","label":"ซอยรุ่งโรจน์15","sourceRecord":503,"sourceFolder":"ถนนขึ้นทะเบียนทางหลวง","sourceFile":"ถนนเฉพาะขึ้นทะเบียน.shp","datasetId":"roads","geometryDisplayRepair":false,"villageIds":["v14"],"villageId":"v14","electionIds":["e02"],"electionId":"e02","insideMunicipality":true,"roadName":"ซอยรุ่งโรจน์15","surface":null,"lengthSource":null}},{"type":"Feature","id":"roads-000504","geometry":{"type":"LineString","coordinates":[[102.84278310768602,16.48126514078744],[102.84311887936067,16.481125210020014],[102.84347186125153,16.48100936002303]]},"properties":{"id":"roads-000504","label":"ซอยไก่ชน(14)","sourceRecord":504,"sourceFolder":"ถนนขึ้นทะเบียนทางหลวง","sourceFile":"ถนนเฉพาะขึ้นทะเบียน.shp","datasetId":"roads","geometryDisplayRepair":false,"villageIds":["v14"],"villageId":"v14","electionIds":["e02"],"electionId":"e02","insideMunicipality":true,"roadName":"ซอยไก่ชน(14)","surface":null,"lengthSource":null}},{"type":"Feature","id":"roads-000505","geometry":{"type":"LineString","coordinates":[[102.81516962289453,16.492572827987555],[102.81587169204344,16.492441472975845]]},"properties":{"id":"roads-000505","label":"ซอยหนองทุ่ม3","sourceRecord":505,"sourceFolder":"ถนนขึ้นทะเบียนทางหลวง","sourceFile":"ถนนเฉพาะขึ้นทะเบียน.shp","datasetId":"roads","geometryDisplayRepair":false,"villageIds":["v03"],"villageId":"v03","electionIds":["e01"],"electionId":"e01","insideMunicipality":true,"roadName":"ซอยหนองทุ่ม3","surface":null,"lengthSource":null}},{"type":"Feature","id":"roads-000506","geometry":{"type":"LineString","coordinates":[[102.81485375151804,16.491385303841827],[102.81493306026871,16.49148147170101],[102.81503804280167,16.491649429383898],[102.8151252552913,16.49175634964008],[102.81527032843162,16.491881667370397],[102.81532528532401,16.49198190183455],[102.8153593587835,16.492189108368223],[102.81540794617077,16.492519943370276]]},"properties":{"id":"roads-000506","label":"ซอยหนองทุ่ม2","sourceRecord":506,"sourceFolder":"ถนนขึ้นทะเบียนทางหลวง","sourceFile":"ถนนเฉพาะขึ้นทะเบียน.shp","datasetId":"roads","geometryDisplayRepair":false,"villageIds":["v03"],"villageId":"v03","electionIds":["e01"],"electionId":"e01","insideMunicipality":true,"roadName":"ซอยหนองทุ่ม2","surface":null,"lengthSource":null}},{"type":"Feature","id":"roads-000507","geometry":{"type":"LineString","coordinates":[[102.81506490563028,16.491023021257675],[102.81502786053194,16.491084493156137],[102.81491192894462,16.49126707384787],[102.81485375151804,16.491385303841827],[102.81466464854314,16.491815897319437]]},"properties":{"id":"roads-000507","label":"ซอยหนองทุ่ม1","sourceRecord":507,"sourceFolder":"ถนนขึ้นทะเบียนทางหลวง","sourceFile":"ถนนเฉพาะขึ้นทะเบียน.shp","datasetId":"roads","geometryDisplayRepair":false,"villageIds":["v03"],"villageId":"v03","electionIds":["e01"],"electionId":"e01","insideMunicipality":true,"roadName":"ซอยหนองทุ่ม1","surface":null,"lengthSource":null}},{"type":"Feature","id":"roads-000508","geometry":{"type":"LineString","coordinates":[[102.8118200088777,16.496981402633534],[102.81127063310183,16.497404546924727]]},"properties":{"id":"roads-000508","label":"ซอยทองขาวอุทิศ","sourceRecord":508,"sourceFolder":"ถนนขึ้นทะเบียนทางหลวง","sourceFile":"ถนนเฉพาะขึ้นทะเบียน.shp","datasetId":"roads","geometryDisplayRepair":false,"villageIds":["v03"],"villageId":"v03","electionIds":["e01"],"electionId":"e01","insideMunicipality":true,"roadName":"ซอยทองขาวอุทิศ","surface":null,"lengthSource":null}},{"type":"Feature","id":"roads-000509","geometry":{"type":"LineString","coordinates":[[102.82914179932439,16.48863434800893],[102.82856678733262,16.490554844769406]]},"properties":{"id":"roads-000509","label":"ซอยโนนม่วง4","sourceRecord":509,"sourceFolder":"ถนนขึ้นทะเบียนทางหลวง","sourceFile":"ถนนเฉพาะขึ้นทะเบียน.shp","datasetId":"roads","geometryDisplayRepair":false,"villageIds":["v27","v03"],"villageId":null,"electionIds":["e01"],"electionId":"e01","insideMunicipality":true,"roadName":"ซอยโนนม่วง4","surface":null,"lengthSource":null}},{"type":"Feature","id":"roads-000510","geometry":{"type":"LineString","coordinates":[[102.81668071105369,16.492398814488116],[102.8169194925724,16.492718184002197],[102.81732555762463,16.493948445323525]]},"properties":{"id":"roads-000510","label":"ซอยสุขใจ","sourceRecord":510,"sourceFolder":"ถนนขึ้นทะเบียนทางหลวง","sourceFile":"ถนนเฉพาะขึ้นทะเบียน.shp","datasetId":"roads","geometryDisplayRepair":false,"villageIds":["v03"],"villageId":"v03","electionIds":["e01"],"electionId":"e01","insideMunicipality":true,"roadName":"ซอยสุขใจ","surface":"ลูกรัง","lengthSource":null}},{"type":"Feature","id":"roads-000511","geometry":{"type":"LineString","coordinates":[[102.81175473170278,16.490937333007466],[102.81071054037754,16.490182950719372],[102.81080933605477,16.489884163331528]]},"properties":{"id":"roads-000511","label":"ซอยน้อยเล็ก","sourceRecord":511,"sourceFolder":"ถนนขึ้นทะเบียนทางหลวง","sourceFile":"ถนนเฉพาะขึ้นทะเบียน.shp","datasetId":"roads","geometryDisplayRepair":false,"villageIds":["v12","v03"],"villageId":null,"electionIds":["e01"],"electionId":"e01","insideMunicipality":true,"roadName":"ซอยน้อยเล็ก","surface":"คอนกรีต","lengthSource":null}},{"type":"Feature","id":"roads-000512","geometry":{"type":"LineString","coordinates":[[102.83009213659898,16.494920165587004],[102.82922182503191,16.49510831650728]]},"properties":{"id":"roads-000512","label":"ซอยมิตรภาพการาจ","sourceRecord":512,"sourceFolder":"ถนนขึ้นทะเบียนทางหลวง","sourceFile":"ถนนเฉพาะขึ้นทะเบียน.shp","datasetId":"roads","geometryDisplayRepair":false,"villageIds":["v03"],"villageId":"v03","electionIds":["e01"],"electionId":"e01","insideMunicipality":true,"roadName":"ซอยมิตรภาพการาจ","surface":null,"lengthSource":null}},{"type":"Feature","id":"roads-000513","geometry":{"type":"LineString","coordinates":[[102.81053246651479,16.495232451687176],[102.8105531372348,16.495856660586682],[102.81043691285625,16.49611991011746],[102.81021880690376,16.49614108478612],[102.81003279539519,16.49607323043635],[102.80986778965276,16.496099521818113],[102.80971949601266,16.496261527123924]]},"properties":{"id":"roads-000513","label":"ซอยบ้านริมห้วย","sourceRecord":513,"sourceFolder":"ถนนขึ้นทะเบียนทางหลวง","sourceFile":"ถนนเฉพาะขึ้นทะเบียน.shp","datasetId":"roads","geometryDisplayRepair":false,"villageIds":["v03"],"villageId":"v03","electionIds":["e01"],"electionId":"e01","insideMunicipality":true,"roadName":"ซอยบ้านริมห้วย","surface":null,"lengthSource":null}},{"type":"Feature","id":"roads-000514","geometry":{"type":"LineString","coordinates":[[102.8170775824084,16.494405450237153],[102.81787995543824,16.49429894772553]]},"properties":{"id":"roads-000514","label":"ซอยกะขม","sourceRecord":514,"sourceFolder":"ถนนขึ้นทะเบียนทางหลวง","sourceFile":"ถนนเฉพาะขึ้นทะเบียน.shp","datasetId":"roads","geometryDisplayRepair":false,"villageIds":["v03"],"villageId":"v03","electionIds":["e01"],"electionId":"e01","insideMunicipality":true,"roadName":"ซอยกะขม","surface":null,"lengthSource":null}},{"type":"Feature","id":"roads-000515","geometry":{"type":"LineString","coordinates":[[102.81359352548937,16.491185718152433],[102.81373506813364,16.49135794229414],[102.8138351622355,16.491535438488665]]},"properties":{"id":"roads-000515","label":"ซอยไพบูลย์พัฒนา1","sourceRecord":515,"sourceFolder":"ถนนขึ้นทะเบียนทางหลวง","sourceFile":"ถนนเฉพาะขึ้นทะเบียน.shp","datasetId":"roads","geometryDisplayRepair":false,"villageIds":["v03"],"villageId":"v03","electionIds":["e01"],"electionId":"e01","insideMunicipality":true,"roadName":"ซอยไพบูลย์พัฒนา1","surface":null,"lengthSource":null}},{"type":"Feature","id":"roads-000516","geometry":{"type":"MultiLineString","coordinates":[[[102.81666336563276,16.490584003828243],[102.81707662938464,16.490550091022712],[102.8172527917622,16.490523582606134],[102.81775841037297,16.490404856510256]],[[102.81713853442132,16.49084549567629],[102.81707660252474,16.490550102172637]]]},"properties":{"id":"roads-000516","label":"ซอย4อ.","sourceRecord":516,"sourceFolder":"ถนนขึ้นทะเบียนทางหลวง","sourceFile":"ถนนเฉพาะขึ้นทะเบียน.shp","datasetId":"roads","geometryDisplayRepair":false,"villageIds":["v03"],"villageId":"v03","electionIds":["e01"],"electionId":"e01","insideMunicipality":true,"roadName":"ซอย4อ.","surface":null,"lengthSource":null}},{"type":"Feature","id":"roads-000517","geometry":{"type":"LineString","coordinates":[[102.84219459234208,16.48438536078734],[102.84405875587436,16.483576000685122]]},"properties":{"id":"roads-000517","label":"ซอยรุ่งโรจน์12","sourceRecord":517,"sourceFolder":"ถนนขึ้นทะเบียนทางหลวง","sourceFile":"ถนนเฉพาะขึ้นทะเบียน.shp","datasetId":"roads","geometryDisplayRepair":false,"villageIds":["v14"],"villageId":"v14","electionIds":["e02"],"electionId":"e02","insideMunicipality":true,"roadName":"ซอยรุ่งโรจน์12","surface":"ลูกรัง","lengthSource":null}},{"type":"Feature","id":"roads-000518","geometry":{"type":"LineString","coordinates":[[102.84199384258606,16.484036694265907],[102.84384913217681,16.483218228846503]]},"properties":{"id":"roads-000518","label":"ซอยรุ่งโรจน์11","sourceRecord":518,"sourceFolder":"ถนนขึ้นทะเบียนทางหลวง","sourceFile":"ถนนเฉพาะขึ้นทะเบียน.shp","datasetId":"roads","geometryDisplayRepair":false,"villageIds":["v14"],"villageId":"v14","electionIds":["e02"],"electionId":"e02","insideMunicipality":true,"roadName":"ซอยรุ่งโรจน์11","surface":"ลูกรัง","lengthSource":null}},{"type":"Feature","id":"roads-000519","geometry":{"type":"LineString","coordinates":[[102.84135095350067,16.48290774520867],[102.8432019538621,16.482131014068365]]},"properties":{"id":"roads-000519","label":"ซอยรุ่งโรจน์5","sourceRecord":519,"sourceFolder":"ถนนขึ้นทะเบียนทางหลวง","sourceFile":"ถนนเฉพาะขึ้นทะเบียน.shp","datasetId":"roads","geometryDisplayRepair":false,"villageIds":["v14"],"villageId":"v14","electionIds":["e02"],"electionId":"e02","insideMunicipality":true,"roadName":"ซอยรุ่งโรจน์5","surface":"ลูกรัง","lengthSource":null}},{"type":"Feature","id":"roads-000520","geometry":{"type":"LineString","coordinates":[[102.89330671765708,16.509982368893876],[102.88706535577336,16.50912236060035]]},"properties":{"id":"roads-000520","label":"ซอยห้วยชัน17","sourceRecord":520,"sourceFolder":"ถนนขึ้นทะเบียนทางหลวง","sourceFile":"ถนนเฉพาะขึ้นทะเบียน.shp","datasetId":"roads","geometryDisplayRepair":false,"villageIds":["v04"],"villageId":"v04","electionIds":["e03"],"electionId":"e03","insideMunicipality":true,"roadName":"ซอยห้วยชัน17","surface":null,"lengthSource":null}},{"type":"Feature","id":"roads-000521","geometry":{"type":"LineString","coordinates":[[102.88706464889614,16.50913893998797],[102.88706535577336,16.50912236060035],[102.88706660842942,16.509094870587766],[102.88753946196044,16.506128633622566]]},"properties":{"id":"roads-000521","label":"ซอยห้วยชัน18","sourceRecord":521,"sourceFolder":"ถนนขึ้นทะเบียนทางหลวง","sourceFile":"ถนนเฉพาะขึ้นทะเบียน.shp","datasetId":"roads","geometryDisplayRepair":false,"villageIds":["v04"],"villageId":"v04","electionIds":["e03"],"electionId":"e03","insideMunicipality":true,"roadName":"ซอยห้วยชัน18","surface":null,"lengthSource":null}},{"type":"Feature","id":"roads-000522","geometry":{"type":"LineString","coordinates":[[102.87534366430846,16.48245285943236],[102.87525238859948,16.482210144251045],[102.87561183975905,16.482085217601075]]},"properties":{"id":"roads-000522","label":"ซอยทานตะวัน5","sourceRecord":522,"sourceFolder":"ถนนขึ้นทะเบียนทางหลวง","sourceFile":"ถนนเฉพาะขึ้นทะเบียน.shp","datasetId":"roads","geometryDisplayRepair":false,"villageIds":["v22"],"villageId":"v22","electionIds":["e03"],"electionId":"e03","insideMunicipality":true,"roadName":"ซอยทานตะวัน5","surface":null,"lengthSource":null}},{"type":"Feature","id":"roads-000523","geometry":{"type":"LineString","coordinates":[[102.83436351104919,16.486242864402342],[102.8343175426268,16.48583828934879]]},"properties":{"id":"roads-000523","label":"ซอยมหาชัย1","sourceRecord":523,"sourceFolder":"ถนนขึ้นทะเบียนทางหลวง","sourceFile":"ถนนเฉพาะขึ้นทะเบียน.shp","datasetId":"roads","geometryDisplayRepair":false,"villageIds":["v24"],"villageId":"v24","electionIds":["e02"],"electionId":"e02","insideMunicipality":true,"roadName":"ซอยมหาชัย1","surface":null,"lengthSource":null}},{"type":"Feature","id":"roads-000524","geometry":{"type":"LineString","coordinates":[[102.83414607392842,16.484697428794448],[102.83425216835998,16.48516580075192]]},"properties":{"id":"roads-000524","label":"ซอยแสนสบาย2","sourceRecord":524,"sourceFolder":"ถนนขึ้นทะเบียนทางหลวง","sourceFile":"ถนนเฉพาะขึ้นทะเบียน.shp","datasetId":"roads","geometryDisplayRepair":false,"villageIds":["v24"],"villageId":"v24","electionIds":["e02"],"electionId":"e02","insideMunicipality":true,"roadName":"ซอยแสนสบาย2","surface":null,"lengthSource":null}},{"type":"Feature","id":"roads-000525","geometry":{"type":"LineString","coordinates":[[102.83527731920833,16.484415924609632],[102.83542617883573,16.484918442896095]]},"properties":{"id":"roads-000525","label":"ซอยแสนสบาย1","sourceRecord":525,"sourceFolder":"ถนนขึ้นทะเบียนทางหลวง","sourceFile":"ถนนเฉพาะขึ้นทะเบียน.shp","datasetId":"roads","geometryDisplayRepair":false,"villageIds":["v24"],"villageId":"v24","electionIds":["e02"],"electionId":"e02","insideMunicipality":true,"roadName":"ซอยแสนสบาย1","surface":null,"lengthSource":null}},{"type":"Feature","id":"roads-000526","geometry":{"type":"LineString","coordinates":[[102.83414604698193,16.484697439979815],[102.83402904385541,16.48422735491993]]},"properties":{"id":"roads-000526","label":"ซอยเทพรักษา2","sourceRecord":526,"sourceFolder":"ถนนขึ้นทะเบียนทางหลวง","sourceFile":"ถนนเฉพาะขึ้นทะเบียน.shp","datasetId":"roads","geometryDisplayRepair":false,"villageIds":["v24"],"villageId":"v24","electionIds":["e02"],"electionId":"e02","insideMunicipality":true,"roadName":"ซอยเทพรักษา2","surface":null,"lengthSource":null}},{"type":"Feature","id":"roads-000527","geometry":{"type":"LineString","coordinates":[[102.83514779324346,16.483897133909203],[102.83527729225625,16.484415935797223]]},"properties":{"id":"roads-000527","label":"ซอยเทพรักษา1","sourceRecord":527,"sourceFolder":"ถนนขึ้นทะเบียนทางหลวง","sourceFile":"ถนนเฉพาะขึ้นทะเบียน.shp","datasetId":"roads","geometryDisplayRepair":false,"villageIds":["v24"],"villageId":"v24","electionIds":["e02"],"electionId":"e02","insideMunicipality":true,"roadName":"ซอยเทพรักษา1","surface":null,"lengthSource":null}},{"type":"Feature","id":"roads-000528","geometry":{"type":"LineString","coordinates":[[102.83390730997715,16.483772682352807],[102.83402901690876,16.484227366105703]]},"properties":{"id":"roads-000528","label":"ซอยร่มเย็น2","sourceRecord":528,"sourceFolder":"ถนนขึ้นทะเบียนทางหลวง","sourceFile":"ถนนเฉพาะขึ้นทะเบียน.shp","datasetId":"roads","geometryDisplayRepair":false,"villageIds":["v24"],"villageId":"v24","electionIds":["e02"],"electionId":"e02","insideMunicipality":true,"roadName":"ซอยร่มเย็น2","surface":null,"lengthSource":null}},{"type":"Feature","id":"roads-000529","geometry":{"type":"LineString","coordinates":[[102.83500663062517,16.483396167930625],[102.8351477662912,16.483897145097238]]},"properties":{"id":"roads-000529","label":"ซอยร่มเย็น1","sourceRecord":529,"sourceFolder":"ถนนขึ้นทะเบียนทางหลวง","sourceFile":"ถนนเฉพาะขึ้นทะเบียน.shp","datasetId":"roads","geometryDisplayRepair":false,"villageIds":["v24"],"villageId":"v24","electionIds":["e02"],"electionId":"e02","insideMunicipality":true,"roadName":"ซอยร่มเย็น1","surface":null,"lengthSource":null}},{"type":"Feature","id":"roads-000530","geometry":{"type":"LineString","coordinates":[[102.83491983165918,16.46407796191395],[102.83533962266718,16.46409520703815],[102.8357595423127,16.46411222339747],[102.83623499848312,16.464131480130845]]},"properties":{"id":"roads-000530","label":"ซอยมิตรภาพ 19","sourceRecord":530,"sourceFolder":"ถนนขึ้นทะเบียนทางหลวง","sourceFile":"ถนนเฉพาะขึ้นทะเบียน.shp","datasetId":"roads","geometryDisplayRepair":false,"villageIds":["v21"],"villageId":"v21","electionIds":["e02"],"electionId":"e02","insideMunicipality":true,"roadName":"ซอยมิตรภาพ 19","surface":null,"lengthSource":null}},{"type":"Feature","id":"roads-000531","geometry":{"type":"LineString","coordinates":[[102.83726291083221,16.461968546674083],[102.83618044012891,16.462345119919142]]},"properties":{"id":"roads-000531","label":"ซอยมิตรภาพ15/2","sourceRecord":531,"sourceFolder":"ถนนขึ้นทะเบียนทางหลวง","sourceFile":"ถนนเฉพาะขึ้นทะเบียน.shp","datasetId":"roads","geometryDisplayRepair":false,"villageIds":["v21"],"villageId":"v21","electionIds":["e02"],"electionId":"e02","insideMunicipality":true,"roadName":"ซอยมิตรภาพ15/2","surface":null,"lengthSource":null}},{"type":"Feature","id":"roads-000532","geometry":{"type":"LineString","coordinates":[[102.83791658481508,16.46245587666432],[102.8386130393521,16.461226727575564]]},"properties":{"id":"roads-000532","label":"ซอยรองทองกูล","sourceRecord":532,"sourceFolder":"ถนนขึ้นทะเบียนทางหลวง","sourceFile":"ถนนเฉพาะขึ้นทะเบียน.shp","datasetId":"roads","geometryDisplayRepair":false,"villageIds":["v21"],"villageId":"v21","electionIds":["e02"],"electionId":"e02","insideMunicipality":true,"roadName":"ซอยรองทองกูล","surface":null,"lengthSource":null}},{"type":"Feature","id":"roads-000533","geometry":{"type":"LineString","coordinates":[[102.83813600531683,16.46532556593481],[102.83797845980202,16.464894787928497]]},"properties":{"id":"roads-000533","label":"ซอยตาหมุน","sourceRecord":533,"sourceFolder":"ถนนขึ้นทะเบียนทางหลวง","sourceFile":"ถนนเฉพาะขึ้นทะเบียน.shp","datasetId":"roads","geometryDisplayRepair":false,"villageIds":["v21"],"villageId":"v21","electionIds":["e02"],"electionId":"e02","insideMunicipality":true,"roadName":"ซอยตาหมุน","surface":null,"lengthSource":null}},{"type":"Feature","id":"roads-000534","geometry":{"type":"LineString","coordinates":[[102.84132313919902,16.46530451826389],[102.8411253056006,16.464651416650728]]},"properties":{"id":"roads-000534","label":"ซอยพิมพ์ใจ","sourceRecord":534,"sourceFolder":"ถนนขึ้นทะเบียนทางหลวง","sourceFile":"ถนนเฉพาะขึ้นทะเบียน.shp","datasetId":"roads","geometryDisplayRepair":false,"villageIds":["v21"],"villageId":"v21","electionIds":["e02"],"electionId":"e02","insideMunicipality":true,"roadName":"ซอยพิมพ์ใจ","surface":null,"lengthSource":null}},{"type":"Feature","id":"roads-000535","geometry":{"type":"LineString","coordinates":[[102.84116470196771,16.485602629514204],[102.83961108061533,16.486153249798967]]},"properties":{"id":"roads-000535","label":"ซอยร่วมพัฒนา19/1","sourceRecord":535,"sourceFolder":"ถนนขึ้นทะเบียนทางหลวง","sourceFile":"ถนนเฉพาะขึ้นทะเบียน.shp","datasetId":"roads","geometryDisplayRepair":false,"villageIds":["v14"],"villageId":"v14","electionIds":["e02"],"electionId":"e02","insideMunicipality":true,"roadName":"ซอยร่วมพัฒนา19/1","surface":"ลูกรัง","lengthSource":null}},{"type":"Feature","id":"roads-000536","geometry":{"type":"LineString","coordinates":[[102.84017150295705,16.482947433204597],[102.8394302095151,16.483202840625747]]},"properties":{"id":"roads-000536","label":"ซอยร่วมพัฒนา 19/11","sourceRecord":536,"sourceFolder":"ถนนขึ้นทะเบียนทางหลวง","sourceFile":"ถนนเฉพาะขึ้นทะเบียน.shp","datasetId":"roads","geometryDisplayRepair":false,"villageIds":["v14"],"villageId":"v14","electionIds":["e02"],"electionId":"e02","insideMunicipality":true,"roadName":"ซอยร่วมพัฒนา 19/11","surface":null,"lengthSource":null}},{"type":"Feature","id":"roads-000537","geometry":{"type":"LineString","coordinates":[[102.84036777784159,16.483472302926202],[102.83946433926985,16.48378747098511]]},"properties":{"id":"roads-000537","label":"ซอยร่วมพัฒนา 19/9","sourceRecord":537,"sourceFolder":"ถนนขึ้นทะเบียนทางหลวง","sourceFile":"ถนนเฉพาะขึ้นทะเบียน.shp","datasetId":"roads","geometryDisplayRepair":false,"villageIds":["v14"],"villageId":"v14","electionIds":["e02"],"electionId":"e02","insideMunicipality":true,"roadName":"ซอยร่วมพัฒนา 19/9","surface":null,"lengthSource":null}},{"type":"Feature","id":"roads-000538","geometry":{"type":"LineString","coordinates":[[102.84056477335899,16.483999048026476],[102.83951642791992,16.484370799376848]]},"properties":{"id":"roads-000538","label":"ซอยร่วมพัฒนา19/7","sourceRecord":538,"sourceFolder":"ถนนขึ้นทะเบียนทางหลวง","sourceFile":"ถนนเฉพาะขึ้นทะเบียน.shp","datasetId":"roads","geometryDisplayRepair":false,"villageIds":["v14"],"villageId":"v14","electionIds":["e02"],"electionId":"e02","insideMunicipality":true,"roadName":"ซอยร่วมพัฒนา19/7","surface":null,"lengthSource":null}},{"type":"Feature","id":"roads-000539","geometry":{"type":"LineString","coordinates":[[102.84076764853515,16.484541443962573],[102.83954914616454,16.484966613592654]]},"properties":{"id":"roads-000539","label":"ซอยร่วมพัฒนา19/5","sourceRecord":539,"sourceFolder":"ถนนขึ้นทะเบียนทางหลวง","sourceFile":"ถนนเฉพาะขึ้นทะเบียน.shp","datasetId":"roads","geometryDisplayRepair":false,"villageIds":["v14"],"villageId":"v14","electionIds":["e02"],"electionId":"e02","insideMunicipality":true,"roadName":"ซอยร่วมพัฒนา19/5","surface":null,"lengthSource":null}},{"type":"Feature","id":"roads-000540","geometry":{"type":"LineString","coordinates":[[102.84702124506671,16.48266070836812],[102.84650598827149,16.482928442338572]]},"properties":{"id":"roads-000540","label":"ซอยแม่ผัด","sourceRecord":540,"sourceFolder":"ถนนขึ้นทะเบียนทางหลวง","sourceFile":"ถนนเฉพาะขึ้นทะเบียน.shp","datasetId":"roads","geometryDisplayRepair":false,"villageIds":["v14"],"villageId":"v14","electionIds":["e02"],"electionId":"e02","insideMunicipality":true,"roadName":"ซอยแม่ผัด","surface":null,"lengthSource":null}},{"type":"Feature","id":"roads-000541","geometry":{"type":"LineString","coordinates":[[102.84642532710076,16.48136334517494],[102.84591461629681,16.481546161252428]]},"properties":{"id":"roads-000541","label":"ซอยพ่อเลิศ","sourceRecord":541,"sourceFolder":"ถนนขึ้นทะเบียนทางหลวง","sourceFile":"ถนนเฉพาะขึ้นทะเบียน.shp","datasetId":"roads","geometryDisplayRepair":false,"villageIds":["v14"],"villageId":"v14","electionIds":["e02"],"electionId":"e02","insideMunicipality":true,"roadName":"ซอยพ่อเลิศ","surface":null,"lengthSource":null}},{"type":"Feature","id":"roads-000542","geometry":{"type":"LineString","coordinates":[[102.84663196586476,16.48181342689471],[102.84603174158869,16.482029905696933]]},"properties":{"id":"roads-000542","label":"ซอยศรีสุธรรม","sourceRecord":542,"sourceFolder":"ถนนขึ้นทะเบียนทางหลวง","sourceFile":"ถนนเฉพาะขึ้นทะเบียน.shp","datasetId":"roads","geometryDisplayRepair":false,"villageIds":["v14"],"villageId":"v14","electionIds":["e02"],"electionId":"e02","insideMunicipality":true,"roadName":"ซอยศรีสุธรรม","surface":null,"lengthSource":null}},{"type":"Feature","id":"roads-000543","geometry":{"type":"LineString","coordinates":[[102.84699935787677,16.48122944190033],[102.84730743496989,16.481125595084254],[102.84740191986357,16.481387933646523],[102.84837590861164,16.48107887779202]]},"properties":{"id":"roads-000543","label":"ซอยสุขสันต์","sourceRecord":543,"sourceFolder":"ถนนขึ้นทะเบียนทางหลวง","sourceFile":"ถนนเฉพาะขึ้นทะเบียน.shp","datasetId":"roads","geometryDisplayRepair":false,"villageIds":["v14"],"villageId":"v14","electionIds":["e02"],"electionId":"e02","insideMunicipality":true,"roadName":"ซอยสุขสันต์","surface":null,"lengthSource":null}},{"type":"Feature","id":"roads-000544","geometry":{"type":"LineString","coordinates":[[102.83642691877752,16.493090385235643],[102.83642692087857,16.49309039841712],[102.83648954180826,16.493482504674592]]},"properties":{"id":"roads-000544","label":"ซอยธาราริน 4","sourceRecord":544,"sourceFolder":"ถนนขึ้นทะเบียนทางหลวง","sourceFile":"ถนนเฉพาะขึ้นทะเบียน.shp","datasetId":"roads","geometryDisplayRepair":false,"villageIds":["v02"],"villageId":"v02","electionIds":["e01"],"electionId":"e01","insideMunicipality":true,"roadName":"ซอยธาราริน 4","surface":null,"lengthSource":null}},{"type":"Feature","id":"roads-000545","geometry":{"type":"LineString","coordinates":[[102.81475407651712,16.4885463295876],[102.81464614692756,16.48802037228554]]},"properties":{"id":"roads-000545","label":"ซอยยายปิ๋ว","sourceRecord":545,"sourceFolder":"ถนนขึ้นทะเบียนทางหลวง","sourceFile":"ถนนเฉพาะขึ้นทะเบียน.shp","datasetId":"roads","geometryDisplayRepair":false,"villageIds":["v12"],"villageId":"v12","electionIds":["e01"],"electionId":"e01","insideMunicipality":true,"roadName":"ซอยยายปิ๋ว","surface":null,"lengthSource":null}},{"type":"Feature","id":"roads-000546","geometry":{"type":"LineString","coordinates":[[102.83563496539344,16.49357245566477],[102.83570527397818,16.49412639291999]]},"properties":{"id":"roads-000546","label":"ซอยธาราริน1","sourceRecord":546,"sourceFolder":"ถนนขึ้นทะเบียนทางหลวง","sourceFile":"ถนนเฉพาะขึ้นทะเบียน.shp","datasetId":"roads","geometryDisplayRepair":false,"villageIds":["v02"],"villageId":"v02","electionIds":["e01"],"electionId":"e01","insideMunicipality":true,"roadName":"ซอยธาราริน1","surface":null,"lengthSource":null}},{"type":"Feature","id":"roads-000547","geometry":{"type":"MultiLineString","coordinates":[[[102.80100656392523,16.485075255977126],[102.80085198683227,16.484576760988364],[102.80069151703081,16.48405866368045],[102.80036194458029,16.482994591764523],[102.80030978625797,16.48271504439693]],[[102.80049061697022,16.48269885975076],[102.80030981305318,16.48271503326471]],[[102.80040179938807,16.47997918072733],[102.80049064376628,16.482698848618217]]]},"properties":{"id":"roads-000547","label":"ซอยสันติพัฒนา","sourceRecord":547,"sourceFolder":"ถนนขึ้นทะเบียนทางหลวง","sourceFile":"ถนนเฉพาะขึ้นทะเบียน.shp","datasetId":"roads","geometryDisplayRepair":false,"villageIds":["v19","v23"],"villageId":null,"electionIds":["e01"],"electionId":"e01","insideMunicipality":true,"roadName":"ซอยสันติพัฒนา","surface":null,"lengthSource":null}},{"type":"Feature","id":"roads-000548","geometry":{"type":"LineString","coordinates":[[102.87511751124897,16.48248015867482],[102.87653945074317,16.485418601696008]]},"properties":{"id":"roads-000548","label":"ซอยทานตะวัน6","sourceRecord":548,"sourceFolder":"ถนนขึ้นทะเบียนทางหลวง","sourceFile":"ถนนเฉพาะขึ้นทะเบียน.shp","datasetId":"roads","geometryDisplayRepair":false,"villageIds":["v22"],"villageId":"v22","electionIds":["e03"],"electionId":"e03","insideMunicipality":true,"roadName":"ซอยทานตะวัน6","surface":"ลูกรัง","lengthSource":null}},{"type":"Feature","id":"roads-000549","geometry":{"type":"LineString","coordinates":[[102.8868523514383,16.48352873481664],[102.88637479974876,16.48357978154032],[102.8849322537763,16.48420649879052],[102.88388827028874,16.48444872971794],[102.88347974831775,16.484518694950335],[102.88314791560354,16.483411089926527],[102.88253975109842,16.482602385608594],[102.88236180994602,16.48216373332645],[102.88205529352405,16.481118136124316],[102.88076307079562,16.479314696145945],[102.880210842664,16.47884618068432],[102.87999152062768,16.478536802294617],[102.87986640041863,16.478377505177782]]},"properties":{"id":"roads-000549","label":"ถนนหลังห้วยพระคือ-ทางเลี่ยง","sourceRecord":549,"sourceFolder":"ถนนขึ้นทะเบียนทางหลวง","sourceFile":"ถนนเฉพาะขึ้นทะเบียน.shp","datasetId":"roads","geometryDisplayRepair":false,"villageIds":["v08"],"villageId":"v08","electionIds":["e03"],"electionId":"e03","insideMunicipality":true,"roadName":"ถนนหลังห้วยพระคือ-ทางเลี่ยง","surface":"ลูกรัง","lengthSource":null}},{"type":"Feature","id":"roads-000550","geometry":{"type":"LineString","coordinates":[[102.81047127051951,16.48451105461357],[102.81047126305872,16.484511032476895],[102.81052240965481,16.48420797288513],[102.81061275880644,16.483870206739464],[102.81072179217395,16.48346317846245],[102.81080783404497,16.483066849339508],[102.81070366309615,16.482611681169345],[102.81068547163426,16.48253174165275],[102.81053903239241,16.481989343623674],[102.80978872238694,16.480406416477333]]},"properties":{"id":"roads-000550","label":"ซอยเคหะมอ","sourceRecord":550,"sourceFolder":"ถนนขึ้นทะเบียนทางหลวง","sourceFile":"ถนนเฉพาะขึ้นทะเบียน.shp","datasetId":"roads","geometryDisplayRepair":false,"villageIds":["v12"],"villageId":"v12","electionIds":["e01"],"electionId":"e01","insideMunicipality":true,"roadName":"ซอยเคหะมอ","surface":null,"lengthSource":null}},{"type":"Feature","id":"roads-000551","geometry":{"type":"MultiLineString","coordinates":[[[102.83800170598147,16.49603201716317],[102.83731078674745,16.494498940784315]],[[102.83748081555676,16.49770917975315],[102.83751021625021,16.496652892989403],[102.83768549931477,16.496404119870903],[102.83783810838239,16.496365573749543]],[[102.83783813913001,16.496365565983282],[102.83774031018923,16.49610600278792],[102.83800167538065,16.496032025824444]]]},"properties":{"id":"roads-000551","label":"ซอย7[ กลางบ้านหนองกุง ]","sourceRecord":551,"sourceFolder":"ถนนขึ้นทะเบียนทางหลวง","sourceFile":"ถนนเฉพาะขึ้นทะเบียน.shp","datasetId":"roads","geometryDisplayRepair":false,"villageIds":["v02"],"villageId":"v02","electionIds":["e01"],"electionId":"e01","insideMunicipality":true,"roadName":"ซอย7[ กลางบ้านหนองกุง ]","surface":null,"lengthSource":null}},{"type":"Feature","id":"roads-000552","geometry":{"type":"LineString","coordinates":[[102.79624808961324,16.462784078417158],[102.79577771558756,16.462787961256613]]},"properties":{"id":"roads-000552","label":"ซอยลิขิตสบาย1","sourceRecord":552,"sourceFolder":"ถนนขึ้นทะเบียนทางหลวง","sourceFile":"ถนนเฉพาะขึ้นทะเบียน.shp","datasetId":"roads","geometryDisplayRepair":false,"villageIds":["v23"],"villageId":"v23","electionIds":["e01"],"electionId":"e01","insideMunicipality":true,"roadName":"ซอยลิขิตสบาย1","surface":null,"lengthSource":null}},{"type":"Feature","id":"roads-000553","geometry":{"type":"MultiLineString","coordinates":[[[102.80184958216024,16.468958964038347],[102.80047468772239,16.469076782125033]],[[102.80261940412792,16.47973056570313],[102.80256105551233,16.478915266514242],[102.80250652501039,16.47815330398857],[102.80245060472475,16.477371793166157],[102.80239712096926,16.47662428088317],[102.80234250368562,16.475860785296238],[102.8022880639376,16.47509964679851],[102.80223338802091,16.474335056336482],[102.80217775361147,16.47355687341864],[102.80212367143305,16.472800243091697],[102.80206791174278,16.472019871335963],[102.80201298226103,16.471250843554277],[102.80195968069728,16.470504262552737],[102.80190338484987,16.46971508198328],[102.80184960898296,16.468958952886304]]]},"properties":{"id":"roads-000553","label":"ถนนหลังศูนย์สถานพินิจ","sourceRecord":553,"sourceFolder":"ถนนขึ้นทะเบียนทางหลวง","sourceFile":"ถนนเฉพาะขึ้นทะเบียน.shp","datasetId":"roads","geometryDisplayRepair":false,"villageIds":["v19","v23"],"villageId":null,"electionIds":["e01"],"electionId":"e01","insideMunicipality":true,"roadName":"ถนนหลังศูนย์สถานพินิจ","surface":"คอนกรีต","lengthSource":null}},{"type":"Feature","id":"roads-000554","geometry":{"type":"LineString","coordinates":[[102.79624372561203,16.464434296135515],[102.79582480665385,16.464435187563236]]},"properties":{"id":"roads-000554","label":"ซอยลิขิตสบาย5","sourceRecord":554,"sourceFolder":"ถนนขึ้นทะเบียนทางหลวง","sourceFile":"ถนนเฉพาะขึ้นทะเบียน.shp","datasetId":"roads","geometryDisplayRepair":false,"villageIds":["v23"],"villageId":"v23","electionIds":["e01"],"electionId":"e01","insideMunicipality":true,"roadName":"ซอยลิขิตสบาย5","surface":null,"lengthSource":null}},{"type":"Feature","id":"roads-000555","geometry":{"type":"LineString","coordinates":[[102.79624105980803,16.464035612020172],[102.79541606972543,16.464036117183646]]},"properties":{"id":"roads-000555","label":"ซอยลิขิตสบาย4","sourceRecord":555,"sourceFolder":"ถนนขึ้นทะเบียนทางหลวง","sourceFile":"ถนนเฉพาะขึ้นทะเบียน.shp","datasetId":"roads","geometryDisplayRepair":false,"villageIds":["v23"],"villageId":"v23","electionIds":["e01"],"electionId":"e01","insideMunicipality":true,"roadName":"ซอยลิขิตสบาย4","surface":null,"lengthSource":null}},{"type":"Feature","id":"roads-000556","geometry":{"type":"LineString","coordinates":[[102.79624336604284,16.46361076689527],[102.7958310447536,16.463609361307466]]},"properties":{"id":"roads-000556","label":"ซอยลิขิตสบาย3","sourceRecord":556,"sourceFolder":"ถนนขึ้นทะเบียนทางหลวง","sourceFile":"ถนนเฉพาะขึ้นทะเบียน.shp","datasetId":"roads","geometryDisplayRepair":false,"villageIds":["v23"],"villageId":"v23","electionIds":["e01"],"electionId":"e01","insideMunicipality":true,"roadName":"ซอยลิขิตสบาย3","surface":null,"lengthSource":null}},{"type":"Feature","id":"roads-000557","geometry":{"type":"LineString","coordinates":[[102.79624566928086,16.463193639384322],[102.79543316719854,16.463197376096566]]},"properties":{"id":"roads-000557","label":"ซอยลิขิตสบาย2","sourceRecord":557,"sourceFolder":"ถนนขึ้นทะเบียนทางหลวง","sourceFile":"ถนนเฉพาะขึ้นทะเบียน.shp","datasetId":"roads","geometryDisplayRepair":false,"villageIds":["v23"],"villageId":"v23","electionIds":["e01"],"electionId":"e01","insideMunicipality":true,"roadName":"ซอยลิขิตสบาย2","surface":null,"lengthSource":null}},{"type":"Feature","id":"roads-000558","geometry":{"type":"MultiLineString","coordinates":[[[102.79624333583236,16.46700425658873],[102.7962433733802,16.467004258968245],[102.79715660895037,16.467062077273145]],[[102.7962433733802,16.467004258968245],[102.7962608593998,16.466542133449725],[102.79626191867901,16.46651634635207],[102.79625839637502,16.466119501683632],[102.79625806840025,16.466091491154344],[102.7962547446652,16.465705852664268],[102.79625084994913,16.465261501421224],[102.79624767215954,16.46490189310208],[102.79624710782012,16.464844588562066],[102.79624372561203,16.464434296135515],[102.79624085241483,16.46408740463515],[102.79624105980803,16.464035612020172],[102.79624336604284,16.46361076689527],[102.79624566928086,16.463193639384322],[102.79624808961324,16.462784078417158],[102.79625157202578,16.46217803244194]],[[102.79704597413465,16.46927779389007],[102.79705537208663,16.46908913568837],[102.79708005233935,16.468594659492016],[102.79710695158786,16.468055925427134],[102.79713119049357,16.467570621242196],[102.79715660818917,16.46706209250235]]]},"properties":{"id":"roads-000558","label":"ถนนลิขิตสบาย","sourceRecord":558,"sourceFolder":"ถนนขึ้นทะเบียนทางหลวง","sourceFile":"ถนนเฉพาะขึ้นทะเบียน.shp","datasetId":"roads","geometryDisplayRepair":false,"villageIds":["v23"],"villageId":"v23","electionIds":["e01"],"electionId":"e01","insideMunicipality":true,"roadName":"ถนนลิขิตสบาย","surface":null,"lengthSource":null}},{"type":"Feature","id":"roads-000559","geometry":{"type":"LineString","coordinates":[[102.79545305953029,16.462221491021836],[102.79539947150822,16.46485033753595],[102.79532399993326,16.468552211536107],[102.79530962861894,16.46925705624335],[102.79504955350909,16.470304288383414],[102.79496998266968,16.47062506866296],[102.79489303578205,16.470935344885714],[102.79481567521938,16.47124734029006],[102.79480822077025,16.471272709366865],[102.79471129989876,16.471605949031705],[102.7946155691294,16.47193496539503],[102.79453239055331,16.472221294134417],[102.79437553391668,16.472760950991326]]},"properties":{"id":"roads-000559","label":"ถนนเส้นชายแดน","sourceRecord":559,"sourceFolder":"ถนนขึ้นทะเบียนทางหลวง","sourceFile":"ถนนเฉพาะขึ้นทะเบียน.shp","datasetId":"roads","geometryDisplayRepair":false,"villageIds":["v23"],"villageId":"v23","electionIds":["e01"],"electionId":"e01","insideMunicipality":true,"roadName":"ถนนเส้นชายแดน","surface":null,"lengthSource":null}},{"type":"Feature","id":"roads-000560","geometry":{"type":"LineString","coordinates":[[102.79545305953029,16.462221491021836],[102.79717133244287,16.462127971186902],[102.79876292465593,16.461862659928673]]},"properties":{"id":"roads-000560","label":"ถนนทางหลักเข้าหมู่บ้านหมู่ที่23","sourceRecord":560,"sourceFolder":"ถนนขึ้นทะเบียนทางหลวง","sourceFile":"ถนนเฉพาะขึ้นทะเบียน.shp","datasetId":"roads","geometryDisplayRepair":false,"villageIds":[],"villageId":null,"electionIds":[],"electionId":null,"insideMunicipality":false,"roadName":"ถนนทางหลักเข้าหมู่บ้านหมู่ที่23","surface":null,"lengthSource":null}},{"type":"Feature","id":"roads-000561","geometry":{"type":"LineString","coordinates":[[102.80496541923954,16.476774680870108],[102.80370749940084,16.476879645803002]]},"properties":{"id":"roads-000561","label":"ซอยริมสระ","sourceRecord":561,"sourceFolder":"ถนนขึ้นทะเบียนทางหลวง","sourceFile":"ถนนเฉพาะขึ้นทะเบียน.shp","datasetId":"roads","geometryDisplayRepair":false,"villageIds":["v19"],"villageId":"v19","electionIds":["e01"],"electionId":"e01","insideMunicipality":false,"roadName":"ซอยริมสระ","surface":null,"lengthSource":null}},{"type":"Feature","id":"roads-000562","geometry":{"type":"LineString","coordinates":[[102.7962608325989,16.466542144595618],[102.79577375365709,16.466546041199496]]},"properties":{"id":"roads-000562","label":"ซอยลิขิตสบาย14","sourceRecord":562,"sourceFolder":"ถนนขึ้นทะเบียนทางหลวง","sourceFile":"ถนนเฉพาะขึ้นทะเบียน.shp","datasetId":"roads","geometryDisplayRepair":false,"villageIds":["v23"],"villageId":"v23","electionIds":["e01"],"electionId":"e01","insideMunicipality":true,"roadName":"ซอยลิขิตสบาย14","surface":null,"lengthSource":null}},{"type":"Feature","id":"roads-000563","geometry":{"type":"LineString","coordinates":[[102.79625806840025,16.466091491154344],[102.79566240733308,16.46612742709355]]},"properties":{"id":"roads-000563","label":"ซอยลิขิตสบาย12","sourceRecord":563,"sourceFolder":"ถนนขึ้นทะเบียนทางหลวง","sourceFile":"ถนนเฉพาะขึ้นทะเบียน.shp","datasetId":"roads","geometryDisplayRepair":false,"villageIds":["v23"],"villageId":"v23","electionIds":["e01"],"electionId":"e01","insideMunicipality":true,"roadName":"ซอยลิขิตสบาย12","surface":null,"lengthSource":null}},{"type":"Feature","id":"roads-000564","geometry":{"type":"LineString","coordinates":[[102.79625471786309,16.465705863811205],[102.7957944289717,16.4656936285552]]},"properties":{"id":"roads-000564","label":"ซอยลิขิตสบาย10","sourceRecord":564,"sourceFolder":"ถนนขึ้นทะเบียนทางหลวง","sourceFile":"ถนนเฉพาะขึ้นทะเบียน.shp","datasetId":"roads","geometryDisplayRepair":false,"villageIds":["v23"],"villageId":"v23","electionIds":["e01"],"electionId":"e01","insideMunicipality":true,"roadName":"ซอยลิขิตสบาย10","surface":null,"lengthSource":null}},{"type":"Feature","id":"roads-000565","geometry":{"type":"LineString","coordinates":[[102.79625082314638,16.46526151256872],[102.79582059984179,16.46524791731601]]},"properties":{"id":"roads-000565","label":"ซอยลิขิตสบาย8","sourceRecord":565,"sourceFolder":"ถนนขึ้นทะเบียนทางหลวง","sourceFile":"ถนนเฉพาะขึ้นทะเบียน.shp","datasetId":"roads","geometryDisplayRepair":false,"villageIds":["v23"],"villageId":"v23","electionIds":["e01"],"electionId":"e01","insideMunicipality":true,"roadName":"ซอยลิขิตสบาย8","surface":null,"lengthSource":null}},{"type":"Feature","id":"roads-000566","geometry":{"type":"LineString","coordinates":[[102.79624767215954,16.46490189310208],[102.79690205461314,16.46490757046492],[102.79752762958094,16.46483149090052]]},"properties":{"id":"roads-000566","label":"ซอยลิขิตสบาย7","sourceRecord":566,"sourceFolder":"ถนนขึ้นทะเบียนทางหลวง","sourceFile":"ถนนเฉพาะขึ้นทะเบียน.shp","datasetId":"roads","geometryDisplayRepair":false,"villageIds":["v23"],"villageId":"v23","electionIds":["e01"],"electionId":"e01","insideMunicipality":true,"roadName":"ซอยลิขิตสบาย7","surface":null,"lengthSource":null}},{"type":"Feature","id":"roads-000567","geometry":{"type":"LineString","coordinates":[[102.79624710782012,16.464844588562066],[102.79539947150822,16.46485033753595]]},"properties":{"id":"roads-000567","label":"ซอยลิขิตสบาย6","sourceRecord":567,"sourceFolder":"ถนนขึ้นทะเบียนทางหลวง","sourceFile":"ถนนเฉพาะขึ้นทะเบียน.shp","datasetId":"roads","geometryDisplayRepair":false,"villageIds":["v23"],"villageId":"v23","electionIds":["e01"],"electionId":"e01","insideMunicipality":true,"roadName":"ซอยลิขิตสบาย6","surface":null,"lengthSource":null}},{"type":"Feature","id":"roads-000568","geometry":{"type":"MultiLineString","coordinates":[[[102.81756373625164,16.48156744938331],[102.81775912314471,16.481286590965098],[102.81792106547832,16.480914120584917],[102.81798068420913,16.480771116265863],[102.81801089606864,16.480698889206312],[102.81814623151158,16.480413418022838],[102.81811534675012,16.47979841946614]],[[102.81888522256631,16.483388438985525],[102.81756376312715,16.481567438221276]]]},"properties":{"id":"roads-000568","label":"ถนนร่วมใจ","sourceRecord":568,"sourceFolder":"ถนนขึ้นทะเบียนทางหลวง","sourceFile":"ถนนเฉพาะขึ้นทะเบียน.shp","datasetId":"roads","geometryDisplayRepair":false,"villageIds":["v27"],"villageId":"v27","electionIds":["e01"],"electionId":"e01","insideMunicipality":true,"roadName":"ถนนร่วมใจ","surface":null,"lengthSource":null}},{"type":"Feature","id":"roads-000569","geometry":{"type":"LineString","coordinates":[[102.81613161931861,16.488502862736553],[102.81611227643565,16.488865115579646]]},"properties":{"id":"roads-000569","label":"ซอยทองรือ","sourceRecord":569,"sourceFolder":"ถนนขึ้นทะเบียนทางหลวง","sourceFile":"ถนนเฉพาะขึ้นทะเบียน.shp","datasetId":"roads","geometryDisplayRepair":false,"villageIds":["v27"],"villageId":"v27","electionIds":["e01"],"electionId":"e01","insideMunicipality":true,"roadName":"ซอยทองรือ","surface":null,"lengthSource":null}},{"type":"Feature","id":"roads-000570","geometry":{"type":"LineString","coordinates":[[102.81710963594875,16.48859856768209],[102.8171809030592,16.48828740534913]]},"properties":{"id":"roads-000570","label":"ซอยโสดา","sourceRecord":570,"sourceFolder":"ถนนขึ้นทะเบียนทางหลวง","sourceFile":"ถนนเฉพาะขึ้นทะเบียน.shp","datasetId":"roads","geometryDisplayRepair":false,"villageIds":["v27"],"villageId":"v27","electionIds":["e01"],"electionId":"e01","insideMunicipality":true,"roadName":"ซอยโสดา","surface":null,"lengthSource":null}},{"type":"Feature","id":"roads-000571","geometry":{"type":"LineString","coordinates":[[102.80206616211339,16.483097560559155],[102.8021659390551,16.48214644743434],[102.80216638004043,16.481863335838437],[102.80214013187427,16.48153140606543],[102.80200625552538,16.480927685512118]]},"properties":{"id":"roads-000571","label":"ซอยเกษมพัฒนา2","sourceRecord":571,"sourceFolder":"ถนนขึ้นทะเบียนทางหลวง","sourceFile":"ถนนเฉพาะขึ้นทะเบียน.shp","datasetId":"roads","geometryDisplayRepair":false,"villageIds":["v19"],"villageId":"v19","electionIds":["e01"],"electionId":"e01","insideMunicipality":true,"roadName":"ซอยเกษมพัฒนา2","surface":null,"lengthSource":null}},{"type":"Feature","id":"roads-000572","geometry":{"type":"LineString","coordinates":[[102.8107608532383,16.485303529683797],[102.81157522874828,16.485216510698987]]},"properties":{"id":"roads-000572","label":"ซอยทองบ้านท่า","sourceRecord":572,"sourceFolder":"ถนนขึ้นทะเบียนทางหลวง","sourceFile":"ถนนเฉพาะขึ้นทะเบียน.shp","datasetId":"roads","geometryDisplayRepair":false,"villageIds":["v12"],"villageId":"v12","electionIds":["e01"],"electionId":"e01","insideMunicipality":true,"roadName":"ซอยทองบ้านท่า","surface":null,"lengthSource":null}},{"type":"Feature","id":"roads-000573","geometry":{"type":"LineString","coordinates":[[102.81099128372085,16.485860544361238],[102.81036027461047,16.485988892879703]]},"properties":{"id":"roads-000573","label":"ซอยอาจชม","sourceRecord":573,"sourceFolder":"ถนนขึ้นทะเบียนทางหลวง","sourceFile":"ถนนเฉพาะขึ้นทะเบียน.shp","datasetId":"roads","geometryDisplayRepair":false,"villageIds":["v12"],"villageId":"v12","electionIds":["e01"],"electionId":"e01","insideMunicipality":true,"roadName":"ซอยอาจชม","surface":null,"lengthSource":null}},{"type":"Feature","id":"roads-000574","geometry":{"type":"LineString","coordinates":[[102.81147785658075,16.487216364875582],[102.81026530496901,16.48745777684082]]},"properties":{"id":"roads-000574","label":"ซอยช่างคอน","sourceRecord":574,"sourceFolder":"ถนนขึ้นทะเบียนทางหลวง","sourceFile":"ถนนเฉพาะขึ้นทะเบียน.shp","datasetId":"roads","geometryDisplayRepair":false,"villageIds":["v12"],"villageId":"v12","electionIds":["e01"],"electionId":"e01","insideMunicipality":true,"roadName":"ซอยช่างคอน","surface":null,"lengthSource":null}},{"type":"Feature","id":"roads-000575","geometry":{"type":"LineString","coordinates":[[102.81155813796161,16.487843005614398],[102.8107926239064,16.487900388678526],[102.81057352986008,16.487905817904018]]},"properties":{"id":"roads-000575","label":"ซอยเทพสีหา","sourceRecord":575,"sourceFolder":"ถนนขึ้นทะเบียนทางหลวง","sourceFile":"ถนนเฉพาะขึ้นทะเบียน.shp","datasetId":"roads","geometryDisplayRepair":false,"villageIds":["v12"],"villageId":"v12","electionIds":["e01"],"electionId":"e01","insideMunicipality":true,"roadName":"ซอยเทพสีหา","surface":null,"lengthSource":null}},{"type":"Feature","id":"roads-000576","geometry":{"type":"LineString","coordinates":[[102.81253233686557,16.486796640959557],[102.8125323560157,16.48679663791778],[102.81280524162662,16.488308746824178]]},"properties":{"id":"roads-000576","label":"ซอยทองดี","sourceRecord":576,"sourceFolder":"ถนนขึ้นทะเบียนทางหลวง","sourceFile":"ถนนเฉพาะขึ้นทะเบียน.shp","datasetId":"roads","geometryDisplayRepair":false,"villageIds":["v12"],"villageId":"v12","electionIds":["e01"],"electionId":"e01","insideMunicipality":true,"roadName":"ซอยทองดี","surface":null,"lengthSource":null}},{"type":"Feature","id":"roads-000577","geometry":{"type":"MultiLineString","coordinates":[[[102.85052887661655,16.484577249693366],[102.85052890982772,16.48457725114964],[102.85106272433443,16.484483582002092],[102.85142300212496,16.484420330222516]],[[102.85142297509913,16.484420341436692],[102.8515887889498,16.484574323879556],[102.85220657334915,16.485616860564683],[102.8525104983664,16.48612948805448],[102.85358057350007,16.486952071000594],[102.85359630325569,16.486964065228825],[102.85394885453626,16.487251840312325],[102.85426203382056,16.487507287812083],[102.85503024205178,16.48789047541614],[102.85538447347554,16.48806705885807],[102.85576160195758,16.488264848098368],[102.85631589180049,16.488431371498187],[102.85631586475829,16.48843138271537],[102.85649959615992,16.488442953446807],[102.85692004899461,16.4883976920824],[102.85716772722728,16.488438795967696],[102.85742313418028,16.488629478179025],[102.85784099947806,16.48884036942755],[102.85822019941918,16.489116604262264],[102.85834889908996,16.489237568165606],[102.85847644735,16.489304703912428],[102.85895650167114,16.48953047693848],[102.85939389320559,16.489736046744945],[102.85951731166055,16.48974326851704]]]},"properties":{"id":"roads-000577","label":"ถนนหนองไผ่ - ศิลา (จันทร์ประเสริฐ)","sourceRecord":577,"sourceFolder":"ถนนขึ้นทะเบียนทางหลวง","sourceFile":"ถนนเฉพาะขึ้นทะเบียน.shp","datasetId":"roads","geometryDisplayRepair":false,"villageIds":["v26","v28"],"villageId":null,"electionIds":["e03","e02"],"electionId":null,"insideMunicipality":true,"roadName":"ถนนหนองไผ่ - ศิลา (จันทร์ประเสริฐ)","surface":null,"lengthSource":null}},{"type":"Feature","id":"roads-000578","geometry":{"type":"LineString","coordinates":[[102.82228909571019,16.48799958351104],[102.82272837154919,16.488001472455924],[102.82265271855165,16.487400892437496]]},"properties":{"id":"roads-000578","label":"ซอยพร้อมมิตร 1","sourceRecord":578,"sourceFolder":"ถนนขึ้นทะเบียนทางหลวง","sourceFile":"ถนนเฉพาะขึ้นทะเบียน.shp","datasetId":"roads","geometryDisplayRepair":false,"villageIds":["v27"],"villageId":"v27","electionIds":["e01"],"electionId":"e01","insideMunicipality":true,"roadName":"ซอยพร้อมมิตร 1","surface":null,"lengthSource":null}},{"type":"Feature","id":"roads-000579","geometry":{"type":"LineString","coordinates":[[102.79453239055331,16.472221294134417],[102.79519289131926,16.472371811376345]]},"properties":{"id":"roads-000579","label":"ซอยลิขิตสบาย28","sourceRecord":579,"sourceFolder":"ถนนขึ้นทะเบียนทางหลวง","sourceFile":"ถนนเฉพาะขึ้นทะเบียน.shp","datasetId":"roads","geometryDisplayRepair":false,"villageIds":["v23"],"villageId":"v23","electionIds":["e01"],"electionId":"e01","insideMunicipality":true,"roadName":"ซอยลิขิตสบาย28","surface":null,"lengthSource":null}},{"type":"Feature","id":"roads-000580","geometry":{"type":"LineString","coordinates":[[102.79471129989876,16.471605949031705],[102.79557242164152,16.471785296252303]]},"properties":{"id":"roads-000580","label":"ซอยลิขิตสบาย26","sourceRecord":580,"sourceFolder":"ถนนขึ้นทะเบียนทางหลวง","sourceFile":"ถนนเฉพาะขึ้นทะเบียน.shp","datasetId":"roads","geometryDisplayRepair":false,"villageIds":["v23"],"villageId":"v23","electionIds":["e01"],"electionId":"e01","insideMunicipality":true,"roadName":"ซอยลิขิตสบาย26","surface":null,"lengthSource":null}},{"type":"Feature","id":"roads-000581","geometry":{"type":"LineString","coordinates":[[102.81548792530711,16.48850263939858],[102.81611297653264,16.488501786404115],[102.81613161931861,16.488502862736553],[102.81645380919647,16.488520824970603],[102.81670779876225,16.48853491681189],[102.81709055715464,16.488595502407755],[102.81710963594875,16.48859856768209],[102.8173156312008,16.488631118436064],[102.81737881796671,16.488641128678598],[102.8174503134493,16.48865235678456],[102.81766993206753,16.488606650864977],[102.81815184597676,16.488253612251572],[102.81837612215388,16.48813592394204],[102.81900686233122,16.487804976254047],[102.81936287747641,16.487760523206703],[102.82004706084548,16.48764646600627],[102.8200699416522,16.487647644730533],[102.82079850176072,16.48768394434864],[102.82090820630839,16.487689372699077],[102.8218511306718,16.487696755301016],[102.82229212772847,16.48771630113819],[102.82228909571019,16.48799958351104],[102.82228112089827,16.488772623648376]]},"properties":{"id":"roads-000581","label":"ถนนพร้อมมิตร","sourceRecord":581,"sourceFolder":"ถนนขึ้นทะเบียนทางหลวง","sourceFile":"ถนนเฉพาะขึ้นทะเบียน.shp","datasetId":"roads","geometryDisplayRepair":false,"villageIds":["v27"],"villageId":"v27","electionIds":["e01"],"electionId":"e01","insideMunicipality":true,"roadName":"ถนนพร้อมมิตร","surface":null,"lengthSource":null}},{"type":"Feature","id":"roads-000582","geometry":{"type":"LineString","coordinates":[[102.7946155691294,16.47193496539503],[102.79501660103956,16.472017928463718]]},"properties":{"id":"roads-000582","label":"ซอยลิขิตสบาย27","sourceRecord":582,"sourceFolder":"ถนนขึ้นทะเบียนทางหลวง","sourceFile":"ถนนเฉพาะขึ้นทะเบียน.shp","datasetId":"roads","geometryDisplayRepair":false,"villageIds":["v23"],"villageId":"v23","electionIds":["e01"],"electionId":"e01","insideMunicipality":true,"roadName":"ซอยลิขิตสบาย27","surface":null,"lengthSource":null}},{"type":"Feature","id":"roads-000583","geometry":{"type":"LineString","coordinates":[[102.81645380919647,16.488520824970603],[102.81650303760664,16.488089518173766],[102.8154597629401,16.488030929090336]]},"properties":{"id":"roads-000583","label":"ซอยบ้านเพลิน","sourceRecord":583,"sourceFolder":"ถนนขึ้นทะเบียนทางหลวง","sourceFile":"ถนนเฉพาะขึ้นทะเบียน.shp","datasetId":"roads","geometryDisplayRepair":false,"villageIds":["v27"],"villageId":"v27","electionIds":["e01"],"electionId":"e01","insideMunicipality":true,"roadName":"ซอยบ้านเพลิน","surface":null,"lengthSource":null}},{"type":"Feature","id":"roads-000584","geometry":{"type":"LineString","coordinates":[[102.8200777720311,16.489290066461574],[102.81968374885741,16.488528888389382],[102.81934054049952,16.488666149472344]]},"properties":{"id":"roads-000584","label":"ซอยค่ายมวย","sourceRecord":584,"sourceFolder":"ถนนขึ้นทะเบียนทางหลวง","sourceFile":"ถนนเฉพาะขึ้นทะเบียน.shp","datasetId":"roads","geometryDisplayRepair":false,"villageIds":["v27"],"villageId":"v27","electionIds":["e01"],"electionId":"e01","insideMunicipality":true,"roadName":"ซอยค่ายมวย","surface":null,"lengthSource":null}},{"type":"Feature","id":"roads-000585","geometry":{"type":"LineString","coordinates":[[102.81837612215388,16.48813592394204],[102.8186467397494,16.48855559215443],[102.81900986685078,16.48835618908132],[102.81914285149534,16.48825833353661],[102.81937588978603,16.488209395094838]]},"properties":{"id":"roads-000585","label":"ซอยหนองบัว","sourceRecord":585,"sourceFolder":"ถนนขึ้นทะเบียนทางหลวง","sourceFile":"ถนนเฉพาะขึ้นทะเบียน.shp","datasetId":"roads","geometryDisplayRepair":false,"villageIds":["v27"],"villageId":"v27","electionIds":["e01"],"electionId":"e01","insideMunicipality":true,"roadName":"ซอยหนองบัว","surface":null,"lengthSource":null}},{"type":"Feature","id":"roads-000586","geometry":{"type":"LineString","coordinates":[[102.79480822077025,16.471272709366865],[102.79553442625361,16.471448635338316]]},"properties":{"id":"roads-000586","label":"ซอยลิขิตสบาย25","sourceRecord":586,"sourceFolder":"ถนนขึ้นทะเบียนทางหลวง","sourceFile":"ถนนเฉพาะขึ้นทะเบียน.shp","datasetId":"roads","geometryDisplayRepair":false,"villageIds":["v23"],"villageId":"v23","electionIds":["e01"],"electionId":"e01","insideMunicipality":true,"roadName":"ซอยลิขิตสบาย25","surface":"ลูกรัง","lengthSource":null}},{"type":"Feature","id":"roads-000587","geometry":{"type":"LineString","coordinates":[[102.79489303578205,16.470935344885714],[102.79541205280186,16.47104712908517]]},"properties":{"id":"roads-000587","label":"ซอยลิขิตสบาย24","sourceRecord":587,"sourceFolder":"ถนนขึ้นทะเบียนทางหลวง","sourceFile":"ถนนเฉพาะขึ้นทะเบียน.shp","datasetId":"roads","geometryDisplayRepair":false,"villageIds":["v23"],"villageId":"v23","electionIds":["e01"],"electionId":"e01","insideMunicipality":true,"roadName":"ซอยลิขิตสบาย24","surface":null,"lengthSource":null}},{"type":"Feature","id":"roads-000588","geometry":{"type":"LineString","coordinates":[[102.79496998266968,16.47062506866296],[102.79541914671289,16.470721881774946]]},"properties":{"id":"roads-000588","label":"ซอยลิขิตสบาย23","sourceRecord":588,"sourceFolder":"ถนนขึ้นทะเบียนทางหลวง","sourceFile":"ถนนเฉพาะขึ้นทะเบียน.shp","datasetId":"roads","geometryDisplayRepair":false,"villageIds":["v23"],"villageId":"v23","electionIds":["e01"],"electionId":"e01","insideMunicipality":true,"roadName":"ซอยลิขิตสบาย23","surface":null,"lengthSource":null}},{"type":"Feature","id":"roads-000589","geometry":{"type":"LineString","coordinates":[[102.79504955350909,16.470304288383414],[102.79541619184339,16.470387776135514]]},"properties":{"id":"roads-000589","label":"ซอยลิขิตสบาย22","sourceRecord":589,"sourceFolder":"ถนนขึ้นทะเบียนทางหลวง","sourceFile":"ถนนเฉพาะขึ้นทะเบียน.shp","datasetId":"roads","geometryDisplayRepair":false,"villageIds":["v23"],"villageId":"v23","electionIds":["e01"],"electionId":"e01","insideMunicipality":true,"roadName":"ซอยลิขิตสบาย22","surface":null,"lengthSource":null}},{"type":"Feature","id":"roads-000590","geometry":{"type":"LineString","coordinates":[[102.79530962861894,16.46925705624335],[102.7954368005797,16.469267077660383],[102.79541202601156,16.471047140223995]]},"properties":{"id":"roads-000590","label":"ซอยลิขิตสบาย21","sourceRecord":590,"sourceFolder":"ถนนขึ้นทะเบียนทางหลวง","sourceFile":"ถนนเฉพาะขึ้นทะเบียน.shp","datasetId":"roads","geometryDisplayRepair":false,"villageIds":["v23"],"villageId":"v23","electionIds":["e01"],"electionId":"e01","insideMunicipality":true,"roadName":"ซอยลิขิตสบาย21","surface":null,"lengthSource":null}},{"type":"Feature","id":"roads-000591","geometry":{"type":"MultiLineString","coordinates":[[[102.86942562407859,16.469220018682847],[102.87167147240693,16.470028420613],[102.87169935134177,16.46997232971822],[102.87164618452188,16.469554896801363],[102.87167664770577,16.46912525724574],[102.87171357628301,16.468792378877165],[102.87188093208974,16.468737945664966],[102.87252295329068,16.468535449834828],[102.87348186556109,16.468250621191316],[102.8734818641858,16.468250624806075]],[[102.87199899443416,16.461504499926523],[102.87192496209704,16.461686510924054],[102.87186939415072,16.461894719765986],[102.8718463643195,16.462074103323463],[102.87178604082463,16.46223824620584],[102.87172124375891,16.462455543208375],[102.87165178226164,16.462739214031885],[102.87162494711892,16.46290207273068],[102.87160248975319,16.463026190443358],[102.87150429896751,16.463230358208303],[102.87130867744665,16.463648241119525],[102.87125824545934,16.463858469490138],[102.87126585023329,16.46401637196342],[102.87146162700132,16.46450605963651],[102.87158053912492,16.46481176999773],[102.87162029646171,16.46509213966491],[102.8716691913202,16.465268587977228],[102.87178620942429,16.46536314991086],[102.87194109417327,16.465433293358984],[102.87239755858283,16.465884431980182],[102.87279579971874,16.466323082709916],[102.87291643387692,16.46643178201958],[102.87318358138265,16.466630453297032],[102.87332685829846,16.466773487669894],[102.87338660162868,16.466929922897773],[102.8734514738505,16.467369297243692],[102.87350093942051,16.467615332567586],[102.87357780567179,16.4678617358915],[102.87355801050109,16.468050483712904],[102.87348186556109,16.468250621191316],[102.87348189133671,16.468250613535105]]]},"properties":{"id":"roads-000591","label":"ถนนเลียบห้วยพระคือโกทา-ดอนยาง","sourceRecord":591,"sourceFolder":"ถนนขึ้นทะเบียนทางหลวง","sourceFile":"ถนนเฉพาะขึ้นทะเบียน.shp","datasetId":"roads","geometryDisplayRepair":false,"villageIds":["v16","v25"],"villageId":null,"electionIds":["e03"],"electionId":"e03","insideMunicipality":true,"roadName":"ถนนเลียบห้วยพระคือโกทา-ดอนยาง","surface":null,"lengthSource":null}},{"type":"Feature","id":"roads-000592","geometry":{"type":"LineString","coordinates":[[102.86879757935388,16.47308002077544],[102.86891328775602,16.472879756319756],[102.87192058635645,16.471259936163275],[102.87224535202293,16.47126483978442]]},"properties":{"id":"roads-000592","label":"ซอยบุญเลิศ","sourceRecord":592,"sourceFolder":"ถนนขึ้นทะเบียนทางหลวง","sourceFile":"ถนนเฉพาะขึ้นทะเบียน.shp","datasetId":"roads","geometryDisplayRepair":false,"villageIds":["v25"],"villageId":"v25","electionIds":["e03"],"electionId":"e03","insideMunicipality":true,"roadName":"ซอยบุญเลิศ","surface":null,"lengthSource":null}},{"type":"Feature","id":"roads-000593","geometry":{"type":"LineString","coordinates":[[102.86467230593816,16.475511393576017],[102.8646723445349,16.475511388976283],[102.86510977498104,16.475376316657467],[102.86540106504945,16.47525088889334],[102.86588962597915,16.47504051952513],[102.86643659369882,16.474988918733686],[102.86703032339408,16.474724087889612],[102.8674702553933,16.47474422573878],[102.86770349921491,16.474722962092738],[102.86794560713966,16.474700836398053],[102.86849240332062,16.47459989327753],[102.86897457379494,16.474504319702643],[102.86910027454293,16.474437270856818],[102.86932074499674,16.474274722748444],[102.86943395014288,16.474207546474698],[102.86967629577575,16.474139674845738]]},"properties":{"id":"roads-000593","label":"ซอยสายชล","sourceRecord":593,"sourceFolder":"ถนนขึ้นทะเบียนทางหลวง","sourceFile":"ถนนเฉพาะขึ้นทะเบียน.shp","datasetId":"roads","geometryDisplayRepair":false,"villageIds":["v25"],"villageId":"v25","electionIds":["e03"],"electionId":"e03","insideMunicipality":true,"roadName":"ซอยสายชล","surface":null,"lengthSource":null}},{"type":"Feature","id":"roads-000594","geometry":{"type":"MultiLineString","coordinates":[[[102.86200540698721,16.475934538510433],[102.86211780209997,16.475854219888085],[102.86285513708896,16.475469880938228],[102.86296076782392,16.475716123835664],[102.8631587944479,16.475692371046062],[102.86385546647327,16.475608697130436],[102.86420353230947,16.475567259293094],[102.86467230593816,16.475511393576017]],[[102.86285513608026,16.47546987858679],[102.86285513708896,16.475469880938228],[102.86285516317172,16.475469867342476],[102.86285515188034,16.475469838103937]]]},"properties":{"id":"roads-000594","label":"ซอยหลังอนามัย","sourceRecord":594,"sourceFolder":"ถนนขึ้นทะเบียนทางหลวง","sourceFile":"ถนนเฉพาะขึ้นทะเบียน.shp","datasetId":"roads","geometryDisplayRepair":false,"villageIds":["v25"],"villageId":"v25","electionIds":["e03"],"electionId":"e03","insideMunicipality":true,"roadName":"ซอยหลังอนามัย","surface":"คอนกรีต","lengthSource":null}},{"type":"Feature","id":"roads-000595","geometry":{"type":"LineString","coordinates":[[102.85905096888416,16.46138116599173],[102.85897162292716,16.463259813711495],[102.85894593354611,16.463895577078166],[102.85891489263392,16.464755828585027],[102.8589056670132,16.465640073274773],[102.85890665989875,16.465691059003372],[102.86138710828848,16.465222216760147]]},"properties":{"id":"roads-000595","label":"ซอยเลียบคลองใหม่","sourceRecord":595,"sourceFolder":"ถนนขึ้นทะเบียนทางหลวง","sourceFile":"ถนนเฉพาะขึ้นทะเบียน.shp","datasetId":"roads","geometryDisplayRepair":false,"villageIds":["v16"],"villageId":"v16","electionIds":["e03"],"electionId":"e03","insideMunicipality":true,"roadName":"ซอยเลียบคลองใหม่","surface":null,"lengthSource":null}},{"type":"Feature","id":"roads-000596","geometry":{"type":"LineString","coordinates":[[102.87465669793349,16.45853626047188],[102.87492941298709,16.45845845607401],[102.87504083315604,16.45853796712578],[102.87511196690225,16.458738910376045],[102.87511820101462,16.45891778345521],[102.87498481098939,16.458977419878032],[102.87496956677624,16.45953419696209],[102.87485235062232,16.45953669972984],[102.87484891680099,16.45969500872656],[102.87473375556988,16.460270698656267],[102.87442461873775,16.46016084177779],[102.874227845898,16.460171626711336],[102.87424547784669,16.460773286765974]]},"properties":{"id":"roads-000596","label":"ซอยถังประปา","sourceRecord":596,"sourceFolder":"ถนนขึ้นทะเบียนทางหลวง","sourceFile":"ถนนเฉพาะขึ้นทะเบียน.shp","datasetId":"roads","geometryDisplayRepair":false,"villageIds":["v16"],"villageId":"v16","electionIds":["e03"],"electionId":"e03","insideMunicipality":true,"roadName":"ซอยถังประปา","surface":null,"lengthSource":null}},{"type":"Feature","id":"roads-000597","geometry":{"type":"LineString","coordinates":[[102.87552362187654,16.474543488282666],[102.87495805748576,16.474202515300345],[102.87428428907515,16.473721849794423],[102.8738775244145,16.47337251766548],[102.87348954563292,16.472856535133356],[102.87336828507522,16.47229206503934],[102.87334897280448,16.47185874824668],[102.87348590247913,16.470911005535587],[102.8737853340419,16.470019875020288]]},"properties":{"id":"roads-000597","label":"ซอยข้างห้วยพระคือ","sourceRecord":597,"sourceFolder":"ถนนขึ้นทะเบียนทางหลวง","sourceFile":"ถนนเฉพาะขึ้นทะเบียน.shp","datasetId":"roads","geometryDisplayRepair":false,"villageIds":["v16","v08"],"villageId":null,"electionIds":["e03"],"electionId":"e03","insideMunicipality":true,"roadName":"ซอยข้างห้วยพระคือ","surface":null,"lengthSource":null}},{"type":"Feature","id":"roads-000598","geometry":{"type":"LineString","coordinates":[[102.88709302262937,16.46198399729793],[102.88709302228389,16.4619839832182],[102.88696183651012,16.457030942337735]]},"properties":{"id":"roads-000598","label":"ซอยดอนยางกลางทุ่ง8","sourceRecord":598,"sourceFolder":"ถนนขึ้นทะเบียนทางหลวง","sourceFile":"ถนนเฉพาะขึ้นทะเบียน.shp","datasetId":"roads","geometryDisplayRepair":false,"villageIds":["v16"],"villageId":"v16","electionIds":["e03"],"electionId":"e03","insideMunicipality":true,"roadName":"ซอยดอนยางกลางทุ่ง8","surface":null,"lengthSource":null}},{"type":"Feature","id":"roads-000599","geometry":{"type":"LineString","coordinates":[[102.8840956728351,16.462039349078566],[102.88409567216108,16.462039317909333],[102.88398864197714,16.457073325764437]]},"properties":{"id":"roads-000599","label":"ซอยดอนยางกลางทุ่ง6","sourceRecord":599,"sourceFolder":"ถนนขึ้นทะเบียนทางหลวง","sourceFile":"ถนนเฉพาะขึ้นทะเบียน.shp","datasetId":"roads","geometryDisplayRepair":false,"villageIds":["v16"],"villageId":"v16","electionIds":["e03"],"electionId":"e03","insideMunicipality":true,"roadName":"ซอยดอนยางกลางทุ่ง6","surface":null,"lengthSource":null}},{"type":"Feature","id":"roads-000600","geometry":{"type":"LineString","coordinates":[[102.87969838618336,16.47230269645875],[102.87969841340387,16.47230268531699],[102.87980461492708,16.472259214461058],[102.88130780061493,16.469855929866302],[102.8812987625513,16.467769777867606],[102.8827330466072,16.46622908253857],[102.88272277447021,16.463535941297646]]},"properties":{"id":"roads-000600","label":"ซอยดอนยางกลางทุ่ง5","sourceRecord":600,"sourceFolder":"ถนนขึ้นทะเบียนทางหลวง","sourceFile":"ถนนเฉพาะขึ้นทะเบียน.shp","datasetId":"roads","geometryDisplayRepair":false,"villageIds":["v16"],"villageId":"v16","electionIds":["e03"],"electionId":"e03","insideMunicipality":true,"roadName":"ซอยดอนยางกลางทุ่ง5","surface":null,"lengthSource":null}},{"type":"Feature","id":"roads-000601","geometry":{"type":"LineString","coordinates":[[102.88067910089129,16.450933873289035],[102.88694299068527,16.450897351854408],[102.8869490597927,16.449436764690002],[102.88835888425854,16.449452553083354]]},"properties":{"id":"roads-000601","label":"ซอยสวาท","sourceRecord":601,"sourceFolder":"ถนนขึ้นทะเบียนทางหลวง","sourceFile":"ถนนเฉพาะขึ้นทะเบียน.shp","datasetId":"roads","geometryDisplayRepair":false,"villageIds":[],"villageId":null,"electionIds":[],"electionId":null,"insideMunicipality":true,"roadName":"ซอยสวาท","surface":null,"lengthSource":null}},{"type":"Feature","id":"roads-000602","geometry":{"type":"LineString","coordinates":[[102.87941562104929,16.454019577282484],[102.8883205558606,16.45390388345435],[102.88832381359146,16.450931046543335]]},"properties":{"id":"roads-000602","label":"ซอยสว่าง","sourceRecord":602,"sourceFolder":"ถนนขึ้นทะเบียนทางหลวง","sourceFile":"ถนนเฉพาะขึ้นทะเบียน.shp","datasetId":"roads","geometryDisplayRepair":false,"villageIds":["v16"],"villageId":"v16","electionIds":["e03"],"electionId":"e03","insideMunicipality":true,"roadName":"ซอยสว่าง","surface":null,"lengthSource":null}},{"type":"Feature","id":"roads-000603","geometry":{"type":"MultiLineString","coordinates":[[[102.87551444781147,16.463685015133397],[102.87481183980377,16.4634079225781],[102.8746831300526,16.463291553543478],[102.87388179083592,16.46231164260615],[102.87370750028211,16.462206125261122],[102.87356382302177,16.462110074554342],[102.87350057058721,16.461968572784354],[102.87327124454609,16.461255680258134],[102.87326453862612,16.46120209454603],[102.87323074625934,16.460927878675438],[102.87316157561385,16.46075373538087],[102.87294228008632,16.460356855623782],[102.87247814801914,16.459516493925374]],[[102.8756008538329,16.46367187867139],[102.88117065209251,16.46355593112067],[102.88412713486247,16.463494275768113],[102.8840956728351,16.462039349078566]],[[102.88409567216108,16.462039317909333],[102.88709302228389,16.4619839832182]],[[102.88713131016198,16.463544376579634],[102.88709302262937,16.46198399729793]],[[102.88713064278167,16.46357124824207],[102.8918999138236,16.46353275668124],[102.8922851143165,16.4635296063944]]]},"properties":{"id":"roads-000603","label":"ถนนดอนยาง-ดงพอง","sourceRecord":603,"sourceFolder":"ถนนขึ้นทะเบียนทางหลวง","sourceFile":"ถนนเฉพาะขึ้นทะเบียน.shp","datasetId":"roads","geometryDisplayRepair":false,"villageIds":["v16","v10"],"villageId":null,"electionIds":["e03"],"electionId":"e03","insideMunicipality":true,"roadName":"ถนนดอนยาง-ดงพอง","surface":null,"lengthSource":null}},{"type":"Feature","id":"roads-000604","geometry":{"type":"MultiLineString","coordinates":[[[102.86947264280154,16.452691388962087],[102.86947267661768,16.452691386920918],[102.86891047513599,16.448765265051417]],[[102.86947267661768,16.452691386920918],[102.8711063644131,16.452592567676096]]]},"properties":{"id":"roads-000604","label":"ซอยไชยากลางทุ่ง","sourceRecord":604,"sourceFolder":"ถนนขึ้นทะเบียนทางหลวง","sourceFile":"ถนนเฉพาะขึ้นทะเบียน.shp","datasetId":"roads","geometryDisplayRepair":false,"villageIds":["v11"],"villageId":"v11","electionIds":["e03"],"electionId":"e03","insideMunicipality":true,"roadName":"ซอยไชยากลางทุ่ง","surface":null,"lengthSource":null}},{"type":"Feature","id":"roads-000605","geometry":{"type":"MultiLineString","coordinates":[[[102.86670453102921,16.459902230743],[102.86668220878039,16.45922815158974],[102.86746160160844,16.458988708598127],[102.86736684069918,16.458332514412646]],[[102.8673668678369,16.458332503139236],[102.86733151994592,16.457576408222884],[102.86832092219043,16.456479572924845],[102.86945315030317,16.455224501344656],[102.86931264263636,16.45383995503129],[102.86919792061941,16.45270797142334],[102.86947264280154,16.452691388962087]]]},"properties":{"id":"roads-000605","label":"ซอยหลังโรงเรียนบ้านดอนยาง","sourceRecord":605,"sourceFolder":"ถนนขึ้นทะเบียนทางหลวง","sourceFile":"ถนนเฉพาะขึ้นทะเบียน.shp","datasetId":"roads","geometryDisplayRepair":false,"villageIds":["v11","v16"],"villageId":null,"electionIds":["e03"],"electionId":"e03","insideMunicipality":true,"roadName":"ซอยหลังโรงเรียนบ้านดอนยาง","surface":"คอนกรีต","lengthSource":null}},{"type":"Feature","id":"roads-000606","geometry":{"type":"MultiLineString","coordinates":[[[102.87164150820836,16.45781433438296],[102.8722720040716,16.45756098715541],[102.87240378005227,16.45750803496838],[102.87295918571611,16.45742120348812],[102.8729823958575,16.45742374592023],[102.8733155637028,16.45745958620331],[102.87358270580091,16.457439762748084],[102.87366432699858,16.457667805157758],[102.87351990287105,16.457978649481376],[102.87345101736192,16.458253875574716],[102.87345100065812,16.458253887292507],[102.87345096988342,16.4582539088811]],[[102.87247811552804,16.459516502106187],[102.87247814801914,16.459516493925374],[102.87280181013995,16.459441358347224],[102.87380914062706,16.459207449568698],[102.87397904904745,16.459122623045662]],[[102.8734509901962,16.458253886858273],[102.87345100065812,16.458253887292507],[102.87357022301863,16.458258835749405],[102.87374137413553,16.458220924648],[102.87387646638483,16.458276927904183],[102.87393639218905,16.458716669338585],[102.87397907390648,16.45912261063483]]]},"properties":{"id":"roads-000606","label":"ถนนรอบบ้าน(กลางบ้าน-สนามกีฬา)","sourceRecord":606,"sourceFolder":"ถนนขึ้นทะเบียนทางหลวง","sourceFile":"ถนนเฉพาะขึ้นทะเบียน.shp","datasetId":"roads","geometryDisplayRepair":false,"villageIds":["v11","v16"],"villageId":null,"electionIds":["e03"],"electionId":"e03","insideMunicipality":true,"roadName":"ถนนรอบบ้าน(กลางบ้าน-สนามกีฬา)","surface":"คอนกรีต","lengthSource":null}},{"type":"Feature","id":"roads-000607","geometry":{"type":"LineString","coordinates":[[102.86962109311065,16.46605126280698],[102.86958814890382,16.46605163187434],[102.86823843840008,16.465934056162624],[102.865322937533,16.464735297838775],[102.86178819279593,16.465859118508146],[102.86172480863195,16.465879261834463],[102.85947218487891,16.467580650365246],[102.85906475807862,16.46788840297681]]},"properties":{"id":"roads-000607","label":"ซอยตาเกณฑ์","sourceRecord":607,"sourceFolder":"ถนนขึ้นทะเบียนทางหลวง","sourceFile":"ถนนเฉพาะขึ้นทะเบียน.shp","datasetId":"roads","geometryDisplayRepair":false,"villageIds":["v09","v25"],"villageId":null,"electionIds":["e03"],"electionId":"e03","insideMunicipality":true,"roadName":"ซอยตาเกณฑ์","surface":null,"lengthSource":null}},{"type":"Feature","id":"roads-000608","geometry":{"type":"MultiLineString","coordinates":[[[102.86647115878048,16.47217166733691],[102.86664092737203,16.4716788783483],[102.86686433502659,16.471484636789405],[102.86807345694484,16.470563336252592],[102.86862378674338,16.47014404334847],[102.86928752540955,16.469605008157366],[102.86940284644469,16.469428384081233],[102.86942562407859,16.469220018682847],[102.86946067962387,16.468900376710458],[102.86946338556963,16.468876464694343],[102.86962112526157,16.4660512624468],[102.86962109311065,16.46605126280698]],[[102.86954690831344,16.462224287504128],[102.86954698266548,16.462224280748064],[102.87035058149728,16.462233495374317],[102.87035568989329,16.464317191440628],[102.87020795397397,16.466044070789852],[102.86962112526157,16.4660512624468]]]},"properties":{"id":"roads-000608","label":"ถนนโกทา-ดอนยาง","sourceRecord":608,"sourceFolder":"ถนนขึ้นทะเบียนทางหลวง","sourceFile":"ถนนเฉพาะขึ้นทะเบียน.shp","datasetId":"roads","geometryDisplayRepair":false,"villageIds":["v16","v25"],"villageId":null,"electionIds":["e03"],"electionId":"e03","insideMunicipality":true,"roadName":"ถนนโกทา-ดอนยาง","surface":null,"lengthSource":null}},{"type":"Feature","id":"roads-000609","geometry":{"type":"LineString","coordinates":[[102.86398540536096,16.471238751401096],[102.86401529156798,16.471118984467058],[102.8639816481959,16.47096955299025],[102.86388340541262,16.470904517981168],[102.86341269237633,16.470685537059786],[102.86470608917183,16.468751907024345]]},"properties":{"id":"roads-000609","label":"ซอยทองที","sourceRecord":609,"sourceFolder":"ถนนขึ้นทะเบียนทางหลวง","sourceFile":"ถนนเฉพาะขึ้นทะเบียน.shp","datasetId":"roads","geometryDisplayRepair":false,"villageIds":["v09"],"villageId":"v09","electionIds":["e03"],"electionId":"e03","insideMunicipality":true,"roadName":"ซอยทองที","surface":null,"lengthSource":null}},{"type":"Feature","id":"roads-000610","geometry":{"type":"MultiLineString","coordinates":[[[102.8117555749701,16.484056199895676],[102.81231884996876,16.486830534446213]],[[102.81231885320615,16.48683055039155],[102.8125909527025,16.488254311451424]]]},"properties":{"id":"roads-000610","label":"ซอยอรุณสำราญ","sourceRecord":610,"sourceFolder":"ถนนขึ้นทะเบียนทางหลวง","sourceFile":"ถนนเฉพาะขึ้นทะเบียน.shp","datasetId":"roads","geometryDisplayRepair":false,"villageIds":["v12"],"villageId":"v12","electionIds":["e01"],"electionId":"e01","insideMunicipality":true,"roadName":"ซอยอรุณสำราญ","surface":null,"lengthSource":null}},{"type":"Feature","id":"roads-000611","geometry":{"type":"LineString","coordinates":[[102.81150771015545,16.487445280667874],[102.81210310111551,16.48736829699237],[102.81222401005387,16.48743195234073]]},"properties":{"id":"roads-000611","label":"ซอยพิกุล","sourceRecord":611,"sourceFolder":"ถนนขึ้นทะเบียนทางหลวง","sourceFile":"ถนนเฉพาะขึ้นทะเบียน.shp","datasetId":"roads","geometryDisplayRepair":false,"villageIds":["v12"],"villageId":"v12","electionIds":["e01"],"electionId":"e01","insideMunicipality":true,"roadName":"ซอยพิกุล","surface":null,"lengthSource":null}},{"type":"Feature","id":"roads-000612","geometry":{"type":"LineString","coordinates":[[102.80698468330836,16.485370779151776],[102.8069847171396,16.485370800653673],[102.8073573397729,16.485097219506578],[102.80782241388603,16.484755796375666],[102.80855867189702,16.48419630729551],[102.80893668579611,16.48421797674593],[102.80984779519457,16.484222697993967],[102.8098809886969,16.48421544184129],[102.81000597810868,16.48418804360639]]},"properties":{"id":"roads-000612","label":"ซอยภูมิวงศ์","sourceRecord":612,"sourceFolder":"ถนนขึ้นทะเบียนทางหลวง","sourceFile":"ถนนเฉพาะขึ้นทะเบียน.shp","datasetId":"roads","geometryDisplayRepair":false,"villageIds":["v12"],"villageId":"v12","electionIds":["e01"],"electionId":"e01","insideMunicipality":true,"roadName":"ซอยภูมิวงศ์","surface":null,"lengthSource":null}},{"type":"Feature","id":"roads-000613","geometry":{"type":"LineString","coordinates":[[102.8112233909616,16.489223354162473],[102.81122342887429,16.489223417342874],[102.81135667770887,16.48944524253581],[102.81166746285946,16.48974877162804],[102.81245160567607,16.490330201807648]]},"properties":{"id":"roads-000613","label":"ซอยถังสูง","sourceRecord":613,"sourceFolder":"ถนนขึ้นทะเบียนทางหลวง","sourceFile":"ถนนเฉพาะขึ้นทะเบียน.shp","datasetId":"roads","geometryDisplayRepair":false,"villageIds":["v12"],"villageId":"v12","electionIds":["e01"],"electionId":"e01","insideMunicipality":true,"roadName":"ซอยถังสูง","surface":"ลูกรัง","lengthSource":null}},{"type":"Feature","id":"roads-000614","geometry":{"type":"LineString","coordinates":[[102.81619602350303,16.482716646712795],[102.81554478048042,16.482793824008958],[102.8155717684572,16.483393208182324],[102.81408326459477,16.48348801171455],[102.81305124748438,16.483644242549467]]},"properties":{"id":"roads-000614","label":"ซอยอิงมอ1","sourceRecord":614,"sourceFolder":"ถนนขึ้นทะเบียนทางหลวง","sourceFile":"ถนนเฉพาะขึ้นทะเบียน.shp","datasetId":"roads","geometryDisplayRepair":false,"villageIds":["v27","v12"],"villageId":null,"electionIds":["e01"],"electionId":"e01","insideMunicipality":true,"roadName":"ซอยอิงมอ1","surface":null,"lengthSource":null}},{"type":"Feature","id":"roads-000615","geometry":{"type":"MultiLineString","coordinates":[[[102.81419240524697,16.484211276567876],[102.81408329145157,16.48348800056067],[102.81402788704978,16.48313958644742]],[[102.81433487549519,16.485099883632508],[102.81419243210317,16.484211265414714]]]},"properties":{"id":"roads-000615","label":"ซอยอิงมอ3","sourceRecord":615,"sourceFolder":"ถนนขึ้นทะเบียนทางหลวง","sourceFile":"ถนนเฉพาะขึ้นทะเบียน.shp","datasetId":"roads","geometryDisplayRepair":false,"villageIds":["v12"],"villageId":"v12","electionIds":["e01"],"electionId":"e01","insideMunicipality":true,"roadName":"ซอยอิงมอ3","surface":null,"lengthSource":null}},{"type":"Feature","id":"roads-000616","geometry":{"type":"MultiLineString","coordinates":[[[102.81605449701983,16.486613590980916],[102.81605452638435,16.486613562128525],[102.8163832116544,16.486100501877715],[102.81641110098285,16.485857079338476],[102.81639770730116,16.485747120011094],[102.81636452241298,16.485472246779754],[102.81634973979313,16.48540519361572],[102.81628382835918,16.485104032373094],[102.8162795993103,16.485066363662867],[102.81626900299044,16.48496929577353],[102.81627111773362,16.484944836034813],[102.81633674451136,16.48419524797055],[102.81634104580542,16.484054679736396],[102.81634245945993,16.484011872406835],[102.81635037911,16.48376375840147],[102.81633795196937,16.483527201100955],[102.81628743416529,16.48315748302631],[102.81623608579538,16.482909986469448],[102.81619602350303,16.482716646712795],[102.81618551060053,16.48266537723029],[102.8161510729639,16.482458598295537],[102.81608691978803,16.482044180376388],[102.81604370203574,16.481826291601514],[102.81598969852192,16.48155303297862],[102.8159487148766,16.481342579579835],[102.81593445368709,16.4812687432081],[102.8158199700639,16.480854561460664],[102.81568279918616,16.480357918389632],[102.81567904998757,16.480344009538346],[102.81566745924852,16.47986580705499]],[[102.81583897503548,16.49028856443851],[102.81570876688649,16.489781640285464],[102.81550877990095,16.48900216961384],[102.81549570167672,16.488921486688188],[102.81544725067751,16.488192732063187],[102.8154597629401,16.488030929090336],[102.81546818892603,16.487923644469717],[102.81558047014927,16.487502700232493],[102.81587734411875,16.48697969024326],[102.81600987413277,16.48672502872251],[102.81605449952323,16.486613573281723]]]},"properties":{"id":"roads-000616","label":"ถนนโนนม่วงมหาลัยวิทยาลัยขอนแก่น","sourceRecord":616,"sourceFolder":"ถนนขึ้นทะเบียนทางหลวง","sourceFile":"ถนนเฉพาะขึ้นทะเบียน.shp","datasetId":"roads","geometryDisplayRepair":false,"villageIds":["v27","v12"],"villageId":null,"electionIds":["e01"],"electionId":"e01","insideMunicipality":true,"roadName":"ถนนโนนม่วงมหาลัยวิทยาลัยขอนแก่น","surface":null,"lengthSource":null}},{"type":"Feature","id":"roads-000617","geometry":{"type":"LineString","coordinates":[[102.85604530276768,16.506580841716207],[102.85586404499477,16.505363849780537],[102.85566637797044,16.5046921555916],[102.85561706472073,16.50444460442427],[102.85560076969755,16.504108856994254]]},"properties":{"id":"roads-000617","label":"ซอยข้างโรงสี","sourceRecord":617,"sourceFolder":"ถนนขึ้นทะเบียนทางหลวง","sourceFile":"ถนนเฉพาะขึ้นทะเบียน.shp","datasetId":"roads","geometryDisplayRepair":false,"villageIds":["v07"],"villageId":"v07","electionIds":["e03"],"electionId":"e03","insideMunicipality":true,"roadName":"ซอยข้างโรงสี","surface":null,"lengthSource":null}},{"type":"Feature","id":"roads-000618","geometry":{"type":"LineString","coordinates":[[102.90186399580752,16.499134846393083],[102.90173674392184,16.498725527529484]]},"properties":{"id":"roads-000618","label":"ซอยท่าแก 6","sourceRecord":618,"sourceFolder":"ถนนขึ้นทะเบียนทางหลวง","sourceFile":"ถนนเฉพาะขึ้นทะเบียน.shp","datasetId":"roads","geometryDisplayRepair":false,"villageIds":["v06"],"villageId":"v06","electionIds":["e03"],"electionId":"e03","insideMunicipality":true,"roadName":"ซอยท่าแก 6","surface":null,"lengthSource":null}},{"type":"Feature","id":"roads-000619","geometry":{"type":"LineString","coordinates":[[102.89967762612756,16.50223680967022],[102.89973567218169,16.50219436233321],[102.89998047634657,16.50221827955316],[102.90005983914378,16.502124739551878],[102.90005672879477,16.501903803983982],[102.90003730299507,16.501685475147397],[102.90006273099904,16.50157069622047],[102.90021788972858,16.50119758530269]]},"properties":{"id":"roads-000619","label":"ซอยข้างโรงเรียนท่าแก","sourceRecord":619,"sourceFolder":"ถนนขึ้นทะเบียนทางหลวง","sourceFile":"ถนนเฉพาะขึ้นทะเบียน.shp","datasetId":"roads","geometryDisplayRepair":false,"villageIds":["v05"],"villageId":"v05","electionIds":["e03"],"electionId":"e03","insideMunicipality":false,"roadName":"ซอยข้างโรงเรียนท่าแก","surface":null,"lengthSource":null}},{"type":"Feature","id":"roads-000620","geometry":{"type":"LineString","coordinates":[[102.90226364540051,16.499032636992272],[102.90215729673403,16.498660756123183],[102.90214182423418,16.498388402517822]]},"properties":{"id":"roads-000620","label":"ซอยท่าแก 8","sourceRecord":620,"sourceFolder":"ถนนขึ้นทะเบียนทางหลวง","sourceFile":"ถนนเฉพาะขึ้นทะเบียน.shp","datasetId":"roads","geometryDisplayRepair":false,"villageIds":["v06"],"villageId":"v06","electionIds":["e03"],"electionId":"e03","insideMunicipality":true,"roadName":"ซอยท่าแก 8","surface":null,"lengthSource":null}},{"type":"Feature","id":"roads-000621","geometry":{"type":"LineString","coordinates":[[102.90282165942294,16.49901169259423],[102.90285742291422,16.499427816476423],[102.90287663180024,16.49964980999786]]},"properties":{"id":"roads-000621","label":"ซอยท่าแก 13","sourceRecord":621,"sourceFolder":"ถนนขึ้นทะเบียนทางหลวง","sourceFile":"ถนนเฉพาะขึ้นทะเบียน.shp","datasetId":"roads","geometryDisplayRepair":false,"villageIds":["v06"],"villageId":"v06","electionIds":["e03"],"electionId":"e03","insideMunicipality":true,"roadName":"ซอยท่าแก 13","surface":null,"lengthSource":null}},{"type":"Feature","id":"roads-000622","geometry":{"type":"LineString","coordinates":[[102.8590846090623,16.508753967158707],[102.85890070791281,16.50864399022055],[102.85822133673497,16.508712582887814]]},"properties":{"id":"roads-000622","label":"ถนนริมคลองชลประทาน(ซอย2)","sourceRecord":622,"sourceFolder":"ถนนขึ้นทะเบียนทางหลวง","sourceFile":"ถนนเฉพาะขึ้นทะเบียน.shp","datasetId":"roads","geometryDisplayRepair":false,"villageIds":["v07"],"villageId":"v07","electionIds":["e03"],"electionId":"e03","insideMunicipality":true,"roadName":"ถนนริมคลองชลประทาน(ซอย2)","surface":null,"lengthSource":null}},{"type":"Feature","id":"roads-000623","geometry":{"type":"LineString","coordinates":[[102.85735170821151,16.51162449504746],[102.85910526813531,16.508766048413385],[102.85952483412038,16.508069686528223],[102.86080371947587,16.505947463595497],[102.86119020947928,16.505283726491225],[102.86160249684424,16.504394450863924],[102.86175952186981,16.503926552269878],[102.86189508753809,16.50322821799749],[102.8619887729338,16.502571396842562],[102.86199224505648,16.501809554140074],[102.86197920395625,16.501504991123994],[102.8617986093954,16.50080052507225],[102.8615407702149,16.500289364743843],[102.86179856174141,16.500176076953124]]},"properties":{"id":"roads-000623","label":"ถนนเรียบคลองชลประทานฝั่งซ้าย","sourceRecord":623,"sourceFolder":"ถนนขึ้นทะเบียนทางหลวง","sourceFile":"ถนนเฉพาะขึ้นทะเบียน.shp","datasetId":"roads","geometryDisplayRepair":false,"villageIds":["v01","v07"],"villageId":null,"electionIds":["e03"],"electionId":"e03","insideMunicipality":true,"roadName":"ถนนเรียบคลองชลประทานฝั่งซ้าย","surface":null,"lengthSource":null}},{"type":"Feature","id":"roads-000624","geometry":{"type":"LineString","coordinates":[[102.86192518779326,16.507760928800717],[102.86246663205691,16.50786100844366]]},"properties":{"id":"roads-000624","label":"ซอยฝ่ายกลาง","sourceRecord":624,"sourceFolder":"ถนนขึ้นทะเบียนทางหลวง","sourceFile":"ถนนเฉพาะขึ้นทะเบียน.shp","datasetId":"roads","geometryDisplayRepair":false,"villageIds":["v07"],"villageId":"v07","electionIds":["e03"],"electionId":"e03","insideMunicipality":true,"roadName":"ซอยฝ่ายกลาง","surface":null,"lengthSource":null}},{"type":"Feature","id":"roads-000625","geometry":{"type":"LineString","coordinates":[[102.86337181005585,16.50305554957044],[102.8643029448443,16.502950601295062]]},"properties":{"id":"roads-000625","label":"ซอยนวลปรางค์","sourceRecord":625,"sourceFolder":"ถนนขึ้นทะเบียนทางหลวง","sourceFile":"ถนนเฉพาะขึ้นทะเบียน.shp","datasetId":"roads","geometryDisplayRepair":false,"villageIds":["v07"],"villageId":"v07","electionIds":["e03"],"electionId":"e03","insideMunicipality":true,"roadName":"ซอยนวลปรางค์","surface":null,"lengthSource":null}},{"type":"Feature","id":"roads-000626","geometry":{"type":"LineString","coordinates":[[102.8643029448443,16.502950601295062],[102.86430295682784,16.502950599944395],[102.86439949167288,16.503328186197397],[102.86448036754848,16.503673367611047],[102.86471750910627,16.50390863787076],[102.86511645922361,16.50428643227786],[102.86543229700216,16.50441285749808],[102.86575554946586,16.50463237968071],[102.86603314182882,16.5049489329387],[102.86615727224314,16.505166825928303],[102.86622373669573,16.505864251715785],[102.86642894436869,16.506307911295654],[102.86688228598935,16.50678613694155]]},"properties":{"id":"roads-000626","label":"ถนนพุธมณฑล","sourceRecord":626,"sourceFolder":"ถนนขึ้นทะเบียนทางหลวง","sourceFile":"ถนนเฉพาะขึ้นทะเบียน.shp","datasetId":"roads","geometryDisplayRepair":false,"villageIds":["v07"],"villageId":"v07","electionIds":["e03"],"electionId":"e03","insideMunicipality":true,"roadName":"ถนนพุธมณฑล","surface":null,"lengthSource":null}},{"type":"Feature","id":"roads-000627","geometry":{"type":"LineString","coordinates":[[102.86177846824327,16.507995134480193],[102.86180452558297,16.507996805897104],[102.86211146439368,16.50807239056512],[102.86252437034095,16.508137781233124],[102.86276442394174,16.508100656262638],[102.86278567031864,16.508097347517015],[102.86297869861001,16.50800161368715],[102.86307982940362,16.507951467090667],[102.86334410426917,16.50785696531066],[102.86368409117952,16.507798993260664],[102.86422729409179,16.507672113208432],[102.86427909760414,16.50764197067095],[102.8646470985507,16.507427953964296],[102.8664289173069,16.506307922506966]]},"properties":{"id":"roads-000627","label":"ถนนหลังวัดบ้านเต่านอ","sourceRecord":627,"sourceFolder":"ถนนขึ้นทะเบียนทางหลวง","sourceFile":"ถนนเฉพาะขึ้นทะเบียน.shp","datasetId":"roads","geometryDisplayRepair":false,"villageIds":["v07"],"villageId":"v07","electionIds":["e03"],"electionId":"e03","insideMunicipality":true,"roadName":"ถนนหลังวัดบ้านเต่านอ","surface":"คอนกรีต","lengthSource":null}},{"type":"Feature","id":"roads-000628","geometry":{"type":"LineString","coordinates":[[102.8974720604619,16.49954974442771],[102.89757182143033,16.500086639093503]]},"properties":{"id":"roads-000628","label":"ถนนบึงอีเฒ่า2(ข้างวัด)","sourceRecord":628,"sourceFolder":"ถนนขึ้นทะเบียนทางหลวง","sourceFile":"ถนนเฉพาะขึ้นทะเบียน.shp","datasetId":"roads","geometryDisplayRepair":false,"villageIds":["v05"],"villageId":"v05","electionIds":["e03"],"electionId":"e03","insideMunicipality":true,"roadName":"ถนนบึงอีเฒ่า2(ข้างวัด)","surface":null,"lengthSource":null}},{"type":"Feature","id":"roads-000629","geometry":{"type":"LineString","coordinates":[[102.89906278714031,16.49943279489596],[102.89911551991908,16.499721278443833],[102.8991069505801,16.499911735823243],[102.89902686890369,16.50009122659081],[102.89886489891785,16.50018428028471],[102.89879661587993,16.500282269760284],[102.89877084658758,16.50050726348598]]},"properties":{"id":"roads-000629","label":"ซอยโรงเรียนท่าแก","sourceRecord":629,"sourceFolder":"ถนนขึ้นทะเบียนทางหลวง","sourceFile":"ถนนเฉพาะขึ้นทะเบียน.shp","datasetId":"roads","geometryDisplayRepair":false,"villageIds":["v05"],"villageId":"v05","electionIds":["e03"],"electionId":"e03","insideMunicipality":true,"roadName":"ซอยโรงเรียนท่าแก","surface":null,"lengthSource":null}},{"type":"Feature","id":"roads-000630","geometry":{"type":"MultiLineString","coordinates":[[[102.88827587473716,16.501509074590768],[102.88904384456598,16.496691556384963],[102.88914877578318,16.49653739912232]],[[102.8918043824331,16.494847119261628],[102.89159608977812,16.495006614611526],[102.8908828915303,16.495444056013135],[102.8891488029636,16.496537387861228]]]},"properties":{"id":"roads-000630","label":"ซอยตรงข้ามชมดาวรีสอร์ท","sourceRecord":630,"sourceFolder":"ถนนขึ้นทะเบียนทางหลวง","sourceFile":"ถนนเฉพาะขึ้นทะเบียน.shp","datasetId":"roads","geometryDisplayRepair":false,"villageIds":["v05","v04"],"villageId":null,"electionIds":["e03"],"electionId":"e03","insideMunicipality":true,"roadName":"ซอยตรงข้ามชมดาวรีสอร์ท","surface":null,"lengthSource":null}},{"type":"Feature","id":"roads-000631","geometry":{"type":"LineString","coordinates":[[102.89134517411794,16.51610654075193],[102.8915176491604,16.511288693179928]]},"properties":{"id":"roads-000631","label":"ซอยพ่อประมวล","sourceRecord":631,"sourceFolder":"ถนนขึ้นทะเบียนทางหลวง","sourceFile":"ถนนเฉพาะขึ้นทะเบียน.shp","datasetId":"roads","geometryDisplayRepair":false,"villageIds":["v04"],"villageId":"v04","electionIds":["e03"],"electionId":"e03","insideMunicipality":true,"roadName":"ซอยพ่อประมวล","surface":null,"lengthSource":null}},{"type":"Feature","id":"roads-000632","geometry":{"type":"LineString","coordinates":[[102.89747818951446,16.516424583469522],[102.89729030517347,16.516431754738957]]},"properties":{"id":"roads-000632","label":"ซอยห้วยซัน10","sourceRecord":632,"sourceFolder":"ถนนขึ้นทะเบียนทางหลวง","sourceFile":"ถนนเฉพาะขึ้นทะเบียน.shp","datasetId":"roads","geometryDisplayRepair":false,"villageIds":["v04"],"villageId":"v04","electionIds":["e03"],"electionId":"e03","insideMunicipality":true,"roadName":"ซอยห้วยซัน10","surface":null,"lengthSource":null}},{"type":"Feature","id":"roads-000633","geometry":{"type":"LineString","coordinates":[[102.89670890813943,16.516344886752268],[102.89649031737748,16.51638113476847]]},"properties":{"id":"roads-000633","label":"ซอยห้วยซัน8","sourceRecord":633,"sourceFolder":"ถนนขึ้นทะเบียนทางหลวง","sourceFile":"ถนนเฉพาะขึ้นทะเบียน.shp","datasetId":"roads","geometryDisplayRepair":false,"villageIds":["v04"],"villageId":"v04","electionIds":["e03"],"electionId":"e03","insideMunicipality":true,"roadName":"ซอยห้วยซัน8","surface":null,"lengthSource":null}},{"type":"Feature","id":"roads-000634","geometry":{"type":"LineString","coordinates":[[102.89545566632864,16.514924096374987],[102.89561551043,16.515723911396048]]},"properties":{"id":"roads-000634","label":"ซอยห้วยซัน4","sourceRecord":634,"sourceFolder":"ถนนขึ้นทะเบียนทางหลวง","sourceFile":"ถนนเฉพาะขึ้นทะเบียน.shp","datasetId":"roads","geometryDisplayRepair":false,"villageIds":["v04"],"villageId":"v04","electionIds":["e03"],"electionId":"e03","insideMunicipality":true,"roadName":"ซอยห้วยซัน4","surface":null,"lengthSource":null}},{"type":"Feature","id":"roads-000635","geometry":{"type":"LineString","coordinates":[[102.89768852260057,16.51905413050753],[102.89678315372298,16.51941697708723]]},"properties":{"id":"roads-000635","label":"ซอยห้วยซัน11","sourceRecord":635,"sourceFolder":"ถนนขึ้นทะเบียนทางหลวง","sourceFile":"ถนนเฉพาะขึ้นทะเบียน.shp","datasetId":"roads","geometryDisplayRepair":false,"villageIds":["v04"],"villageId":"v04","electionIds":["e03"],"electionId":"e03","insideMunicipality":true,"roadName":"ซอยห้วยซัน11","surface":null,"lengthSource":null}},{"type":"Feature","id":"roads-000636","geometry":{"type":"LineString","coordinates":[[102.89434119603028,16.50404034164245],[102.88553305593366,16.50276778209195]]},"properties":{"id":"roads-000636","label":"ซอยที่นาสุวรรณ","sourceRecord":636,"sourceFolder":"ถนนขึ้นทะเบียนทางหลวง","sourceFile":"ถนนเฉพาะขึ้นทะเบียน.shp","datasetId":"roads","geometryDisplayRepair":false,"villageIds":["v04"],"villageId":"v04","electionIds":["e03"],"electionId":"e03","insideMunicipality":true,"roadName":"ซอยที่นาสุวรรณ","surface":null,"lengthSource":null}},{"type":"Feature","id":"roads-000637","geometry":{"type":"LineString","coordinates":[[102.86033486163373,16.50399103555243],[102.86033487144982,16.503990994590097],[102.86115669458371,16.503555744643716],[102.86127504261128,16.503494179596736],[102.86190526101436,16.50316639020483]]},"properties":{"id":"roads-000637","label":"ซอยปู่ตา1","sourceRecord":637,"sourceFolder":"ถนนขึ้นทะเบียนทางหลวง","sourceFile":"ถนนเฉพาะขึ้นทะเบียน.shp","datasetId":"roads","geometryDisplayRepair":false,"villageIds":["v07"],"villageId":"v07","electionIds":["e03"],"electionId":"e03","insideMunicipality":true,"roadName":"ซอยปู่ตา1","surface":null,"lengthSource":null}},{"type":"Feature","id":"roads-000638","geometry":{"type":"LineString","coordinates":[[102.85611204186426,16.50407032948004],[102.85662302246466,16.502237353378916],[102.85679056638638,16.50119043671655]]},"properties":{"id":"roads-000638","label":"ซอยโรงสี","sourceRecord":638,"sourceFolder":"ถนนขึ้นทะเบียนทางหลวง","sourceFile":"ถนนเฉพาะขึ้นทะเบียน.shp","datasetId":"roads","geometryDisplayRepair":false,"villageIds":["v07"],"villageId":"v07","electionIds":["e03"],"electionId":"e03","insideMunicipality":true,"roadName":"ซอยโรงสี","surface":null,"lengthSource":null}},{"type":"Feature","id":"roads-000639","geometry":{"type":"LineString","coordinates":[[102.85911503364737,16.513617383281336],[102.86230322676718,16.513621173687397],[102.86378394947862,16.513638654842882],[102.86377932880042,16.519281883102256]]},"properties":{"id":"roads-000639","label":"ถนนหลังพุทธมณฑล","sourceRecord":639,"sourceFolder":"ถนนขึ้นทะเบียนทางหลวง","sourceFile":"ถนนเฉพาะขึ้นทะเบียน.shp","datasetId":"roads","geometryDisplayRepair":false,"villageIds":["v07"],"villageId":"v07","electionIds":["e03"],"electionId":"e03","insideMunicipality":true,"roadName":"ถนนหลังพุทธมณฑล","surface":null,"lengthSource":null}},{"type":"Feature","id":"roads-000640","geometry":{"type":"LineString","coordinates":[[102.85396793457427,16.519746610552176],[102.8545411541578,16.519583068157537],[102.85507952408528,16.520527150999843],[102.85764202034663,16.519257563005326],[102.8637793017701,16.51928189429287]]},"properties":{"id":"roads-000640","label":"ถนนห้วยหว้า","sourceRecord":640,"sourceFolder":"ถนนขึ้นทะเบียนทางหลวง","sourceFile":"ถนนเฉพาะขึ้นทะเบียน.shp","datasetId":"roads","geometryDisplayRepair":false,"villageIds":["v07"],"villageId":"v07","electionIds":["e03"],"electionId":"e03","insideMunicipality":true,"roadName":"ถนนห้วยหว้า","surface":null,"lengthSource":null}},{"type":"Feature","id":"roads-000641","geometry":{"type":"LineString","coordinates":[[102.85946916893906,16.504795413823548],[102.85925867625843,16.50422196344446]]},"properties":{"id":"roads-000641","label":"ซอยสวามัคคี","sourceRecord":641,"sourceFolder":"ถนนขึ้นทะเบียนทางหลวง","sourceFile":"ถนนเฉพาะขึ้นทะเบียน.shp","datasetId":"roads","geometryDisplayRepair":false,"villageIds":["v07"],"villageId":"v07","electionIds":["e03"],"electionId":"e03","insideMunicipality":true,"roadName":"ซอยสวามัคคี","surface":null,"lengthSource":null}},{"type":"Feature","id":"roads-000642","geometry":{"type":"LineString","coordinates":[[102.85736583965341,16.504541806506765],[102.85725312814138,16.505343464136185]]},"properties":{"id":"roads-000642","label":"ซอยพ่อเส็ง","sourceRecord":642,"sourceFolder":"ถนนขึ้นทะเบียนทางหลวง","sourceFile":"ถนนเฉพาะขึ้นทะเบียน.shp","datasetId":"roads","geometryDisplayRepair":false,"villageIds":["v07"],"villageId":"v07","electionIds":["e03"],"electionId":"e03","insideMunicipality":true,"roadName":"ซอยพ่อเส็ง","surface":null,"lengthSource":null}},{"type":"Feature","id":"roads-000643","geometry":{"type":"LineString","coordinates":[[102.85503186252656,16.506748378774873],[102.85480134049405,16.505231652114833]]},"properties":{"id":"roads-000643","label":"ซอยสรรพสมบูรณ์","sourceRecord":643,"sourceFolder":"ถนนขึ้นทะเบียนทางหลวง","sourceFile":"ถนนเฉพาะขึ้นทะเบียน.shp","datasetId":"roads","geometryDisplayRepair":false,"villageIds":["v07"],"villageId":"v07","electionIds":["e03"],"electionId":"e03","insideMunicipality":true,"roadName":"ซอยสรรพสมบูรณ์","surface":null,"lengthSource":null}},{"type":"Feature","id":"roads-000644","geometry":{"type":"LineString","coordinates":[[102.86026014430168,16.504643412478263],[102.8597921672854,16.504697990507914],[102.85940677667038,16.504826658670517],[102.85885873212614,16.505240017043974],[102.85658307868428,16.504150209767236],[102.85506115202264,16.504057166869213],[102.8548222293527,16.503806695954406],[102.85330926397117,16.503540564610315]]},"properties":{"id":"roads-000644","label":"ถนนเต่านอ-วัดป่าเทพนิมิตร","sourceRecord":644,"sourceFolder":"ถนนขึ้นทะเบียนทางหลวง","sourceFile":"ถนนเฉพาะขึ้นทะเบียน.shp","datasetId":"roads","geometryDisplayRepair":false,"villageIds":["v07"],"villageId":"v07","electionIds":["e03"],"electionId":"e03","insideMunicipality":true,"roadName":"ถนนเต่านอ-วัดป่าเทพนิมิตร","surface":"ลุกรัง","lengthSource":null}},{"type":"Feature","id":"roads-000645","geometry":{"type":"MultiLineString","coordinates":[[[102.85957854540806,16.50226295244897],[102.85978195320867,16.502490705017077],[102.8599271619491,16.502651381916298],[102.85995061393669,16.502677188849574],[102.86002544734198,16.502826781613926],[102.86012699406479,16.503136277756298],[102.86021302756974,16.50351437451641],[102.86033484441245,16.50399100579429]],[[102.85994379608807,16.507059719224795],[102.86023631141884,16.50655132277522],[102.86033044031835,16.506328504827366],[102.8603577959205,16.505618241057615],[102.86026014430168,16.504643412478263],[102.86025526680719,16.504593835580692],[102.86028632627837,16.50419357248043],[102.86033486163373,16.50399103555243]]]},"properties":{"id":"roads-000645","label":"ถนนทานตะวัน","sourceRecord":645,"sourceFolder":"ถนนขึ้นทะเบียนทางหลวง","sourceFile":"ถนนเฉพาะขึ้นทะเบียน.shp","datasetId":"roads","geometryDisplayRepair":false,"villageIds":["v07"],"villageId":"v07","electionIds":["e03"],"electionId":"e03","insideMunicipality":true,"roadName":"ถนนทานตะวัน","surface":null,"lengthSource":null}},{"type":"Feature","id":"roads-000646","geometry":{"type":"LineString","coordinates":[[102.86017779227015,16.50958759686609],[102.85985328431157,16.510036439179704]]},"properties":{"id":"roads-000646","label":"ถนนวิไลเนตร2","sourceRecord":646,"sourceFolder":"ถนนขึ้นทะเบียนทางหลวง","sourceFile":"ถนนเฉพาะขึ้นทะเบียน.shp","datasetId":"roads","geometryDisplayRepair":false,"villageIds":["v07"],"villageId":"v07","electionIds":["e03"],"electionId":"e03","insideMunicipality":true,"roadName":"ถนนวิไลเนตร2","surface":null,"lengthSource":null}},{"type":"Feature","id":"roads-000647","geometry":{"type":"LineString","coordinates":[[102.86017778006514,16.50958749435508],[102.86017781929846,16.5095875856692],[102.86041411069961,16.509447950948264],[102.86047681120984,16.509410916566676],[102.8609915028274,16.508773444261756],[102.8611082969924,16.508650664686783],[102.86146850219511,16.50827220918523],[102.86176719157821,16.508013213457996]]},"properties":{"id":"roads-000647","label":"ถนนวิไลเนตร1","sourceRecord":647,"sourceFolder":"ถนนขึ้นทะเบียนทางหลวง","sourceFile":"ถนนเฉพาะขึ้นทะเบียน.shp","datasetId":"roads","geometryDisplayRepair":false,"villageIds":["v07"],"villageId":"v07","electionIds":["e03"],"electionId":"e03","insideMunicipality":true,"roadName":"ถนนวิไลเนตร1","surface":null,"lengthSource":null}},{"type":"Feature","id":"roads-000648","geometry":{"type":"LineString","coordinates":[[102.86226030049427,16.502920847455577],[102.86280610672878,16.50294569934843],[102.86292274151663,16.50291153680436],[102.86336683174565,16.502885210540747]]},"properties":{"id":"roads-000648","label":"ซอยสุภาพ","sourceRecord":648,"sourceFolder":"ถนนขึ้นทะเบียนทางหลวง","sourceFile":"ถนนเฉพาะขึ้นทะเบียน.shp","datasetId":"roads","geometryDisplayRepair":false,"villageIds":["v07"],"villageId":"v07","electionIds":["e03"],"electionId":"e03","insideMunicipality":true,"roadName":"ซอยสุภาพ","surface":null,"lengthSource":null}},{"type":"Feature","id":"roads-000649","geometry":{"type":"LineString","coordinates":[[102.86317337602304,16.506224580744306],[102.86303967887598,16.506602926283403],[102.86298411657971,16.506880483257916],[102.86336757635725,16.506958610811846]]},"properties":{"id":"roads-000649","label":"ซอยสองพี่น้อง2","sourceRecord":649,"sourceFolder":"ถนนขึ้นทะเบียนทางหลวง","sourceFile":"ถนนเฉพาะขึ้นทะเบียน.shp","datasetId":"roads","geometryDisplayRepair":false,"villageIds":["v07"],"villageId":"v07","electionIds":["e03"],"electionId":"e03","insideMunicipality":true,"roadName":"ซอยสองพี่น้อง2","surface":null,"lengthSource":null}},{"type":"Feature","id":"roads-000650","geometry":{"type":"LineString","coordinates":[[102.86266430755252,16.506038380230958],[102.86319080651883,16.506231290678265],[102.8634264492718,16.506274541817472],[102.86366221725983,16.506134368758428],[102.86378685228358,16.50606029063157],[102.8639918146827,16.50588701627982]]},"properties":{"id":"roads-000650","label":"ซอยสองพี่น้อง1","sourceRecord":650,"sourceFolder":"ถนนขึ้นทะเบียนทางหลวง","sourceFile":"ถนนเฉพาะขึ้นทะเบียน.shp","datasetId":"roads","geometryDisplayRepair":false,"villageIds":["v07"],"villageId":"v07","electionIds":["e03"],"electionId":"e03","insideMunicipality":true,"roadName":"ซอยสองพี่น้อง1","surface":null,"lengthSource":null}},{"type":"Feature","id":"roads-000651","geometry":{"type":"LineString","coordinates":[[102.88687522425161,16.516002661777478],[102.88690414052067,16.513747175741383]]},"properties":{"id":"roads-000651","label":"ซอย38","sourceRecord":651,"sourceFolder":"ถนนขึ้นทะเบียนทางหลวง","sourceFile":"ถนนเฉพาะขึ้นทะเบียน.shp","datasetId":"roads","geometryDisplayRepair":false,"villageIds":["v04"],"villageId":"v04","electionIds":["e03"],"electionId":"e03","insideMunicipality":true,"roadName":"ซอย38","surface":null,"lengthSource":null}},{"type":"Feature","id":"roads-000652","geometry":{"type":"LineString","coordinates":[[102.90032531374774,16.522732542110635],[102.9014264430182,16.52230282836719],[102.9016813777218,16.522525831029892],[102.9015788527179,16.522950241483315],[102.9031293936536,16.525071121320018],[102.90363713488311,16.525955354471396],[102.9038969070141,16.526356720096913],[102.90442558895765,16.527618273061798],[102.9045004574924,16.528024297932166],[102.90454516911083,16.528736462013633]]},"properties":{"id":"roads-000652","label":"ซอยห้วยซัน15","sourceRecord":652,"sourceFolder":"ถนนขึ้นทะเบียนทางหลวง","sourceFile":"ถนนเฉพาะขึ้นทะเบียน.shp","datasetId":"roads","geometryDisplayRepair":false,"villageIds":["v04"],"villageId":"v04","electionIds":["e03"],"electionId":"e03","insideMunicipality":true,"roadName":"ซอยห้วยซัน15","surface":null,"lengthSource":null}},{"type":"Feature","id":"roads-000653","geometry":{"type":"LineString","coordinates":[[102.90032530727156,16.5227325247399],[102.90032531374774,16.522732542110635],[102.90059851308206,16.52346446886327],[102.90083650830344,16.524037011904703],[102.9008779621273,16.52420593983602],[102.9009325483039,16.524802223017485],[102.9008750762641,16.524958262216238],[102.90070611631118,16.52516305379326],[102.90057673333746,16.525469458908955],[102.90040431221693,16.525893731323265],[102.90005984502348,16.52639654785739],[102.8999788441733,16.5265644519672],[102.89995988047305,16.526852537921926],[102.90003744418355,16.527254871685297],[102.89991974146578,16.527346243407436],[102.89974314402124,16.527334906268198],[102.89968894514577,16.52748817218367],[102.89961758502986,16.52790831075039],[102.89965637082909,16.52817524452974],[102.89989224658297,16.529027878387787],[102.90004300804755,16.529614339172536]]},"properties":{"id":"roads-000653","label":"ซอยห้วยซัน14[ห้วยซัน-โคกท่า]","sourceRecord":653,"sourceFolder":"ถนนขึ้นทะเบียนทางหลวง","sourceFile":"ถนนเฉพาะขึ้นทะเบียน.shp","datasetId":"roads","geometryDisplayRepair":false,"villageIds":["v04"],"villageId":"v04","electionIds":["e03"],"electionId":"e03","insideMunicipality":true,"roadName":"ซอยห้วยซัน14[ห้วยซัน-โคกท่า]","surface":null,"lengthSource":null}},{"type":"Feature","id":"roads-000654","geometry":{"type":"LineString","coordinates":[[102.86464707149875,16.507427965171267],[102.86366221725983,16.506134368758428]]},"properties":{"id":"roads-000654","label":"ซอยตาออน","sourceRecord":654,"sourceFolder":"ถนนขึ้นทะเบียนทางหลวง","sourceFile":"ถนนเฉพาะขึ้นทะเบียน.shp","datasetId":"roads","geometryDisplayRepair":false,"villageIds":["v07"],"villageId":"v07","electionIds":["e03"],"electionId":"e03","insideMunicipality":true,"roadName":"ซอยตาออน","surface":null,"lengthSource":null}},{"type":"Feature","id":"roads-000655","geometry":{"type":"LineString","coordinates":[[102.86325627706728,16.503741312660463],[102.86391749168735,16.503844745520944]]},"properties":{"id":"roads-000655","label":"ซอยเต่านอ3","sourceRecord":655,"sourceFolder":"ถนนขึ้นทะเบียนทางหลวง","sourceFile":"ถนนเฉพาะขึ้นทะเบียน.shp","datasetId":"roads","geometryDisplayRepair":false,"villageIds":["v07"],"villageId":"v07","electionIds":["e03"],"electionId":"e03","insideMunicipality":true,"roadName":"ซอยเต่านอ3","surface":null,"lengthSource":null}},{"type":"Feature","id":"roads-000656","geometry":{"type":"LineString","coordinates":[[102.86273225573473,16.509689142043058],[102.86234157320196,16.509034978900598],[102.86225090558877,16.508626509431277]]},"properties":{"id":"roads-000656","label":"ถนนทางเลี่ยง-วัดบ้านเต่านอ","sourceRecord":656,"sourceFolder":"ถนนขึ้นทะเบียนทางหลวง","sourceFile":"ถนนเฉพาะขึ้นทะเบียน.shp","datasetId":"roads","geometryDisplayRepair":false,"villageIds":["v07"],"villageId":"v07","electionIds":["e03"],"electionId":"e03","insideMunicipality":true,"roadName":"ถนนทางเลี่ยง-วัดบ้านเต่านอ","surface":null,"lengthSource":null}},{"type":"Feature","id":"roads-000657","geometry":{"type":"LineString","coordinates":[[102.89973564496118,16.502194373604627],[102.89946390391202,16.50288255507323],[102.89939934443541,16.503798502523846],[102.89919553007545,16.50429383312767],[102.8988914707883,16.504655898438024],[102.8983739382536,16.50515656310278],[102.89803191027515,16.505379934817118]]},"properties":{"id":"roads-000657","label":"ถนนวัดป่าธรรมจักร","sourceRecord":657,"sourceFolder":"ถนนขึ้นทะเบียนทางหลวง","sourceFile":"ถนนเฉพาะขึ้นทะเบียน.shp","datasetId":"roads","geometryDisplayRepair":false,"villageIds":["v05"],"villageId":"v05","electionIds":["e03"],"electionId":"e03","insideMunicipality":true,"roadName":"ถนนวัดป่าธรรมจักร","surface":null,"lengthSource":null}},{"type":"Feature","id":"roads-000658","geometry":{"type":"LineString","coordinates":[[102.85952483412038,16.508069686528223],[102.85881729788167,16.50793498453885],[102.85817137256655,16.508018143982806]]},"properties":{"id":"roads-000658","label":"ถนนริมคลองชลประทานซอย1","sourceRecord":658,"sourceFolder":"ถนนขึ้นทะเบียนทางหลวง","sourceFile":"ถนนเฉพาะขึ้นทะเบียน.shp","datasetId":"roads","geometryDisplayRepair":false,"villageIds":["v07"],"villageId":"v07","electionIds":["e03"],"electionId":"e03","insideMunicipality":true,"roadName":"ถนนริมคลองชลประทานซอย1","surface":null,"lengthSource":null}},{"type":"Feature","id":"roads-000659","geometry":{"type":"MultiLineString","coordinates":[[[102.84094989601272,16.496048717246005],[102.84094992008187,16.496048716366893],[102.8410702562255,16.496044292049373],[102.84192594359135,16.49597126913758],[102.84280076352387,16.495938593914996]],[[102.84100645145115,16.495848098606373],[102.84100646842002,16.49584808747698],[102.84102210895557,16.495837835836944],[102.84107142209388,16.495805513390085],[102.84140392795157,16.495672071126187],[102.84189745683854,16.495553918208266],[102.84275150171077,16.495418148259816],[102.84331222810312,16.49537664239944],[102.8442309141079,16.49552176769721],[102.84417169890598,16.496079775683498],[102.84416915442092,16.49610451464118],[102.84407051433722,16.496873647098177],[102.84352147118837,16.496811206448704],[102.84286337249978,16.496736267363815],[102.84285427346701,16.496414977173416],[102.84280080070283,16.495938592526333]]]},"properties":{"id":"roads-000659","label":"ถนนไผ่ทอง","sourceRecord":659,"sourceFolder":"ถนนขึ้นทะเบียนทางหลวง","sourceFile":"ถนนเฉพาะขึ้นทะเบียน.shp","datasetId":"roads","geometryDisplayRepair":false,"villageIds":["v17"],"villageId":"v17","electionIds":["e02"],"electionId":"e02","insideMunicipality":true,"roadName":"ถนนไผ่ทอง","surface":null,"lengthSource":null}},{"type":"Feature","id":"roads-000660","geometry":{"type":"LineString","coordinates":[[102.89749406513552,16.499547823568985],[102.89752698645465,16.499229247224367],[102.89761805310685,16.49894848233776]]},"properties":{"id":"roads-000660","label":"ซอยรุ่งอรุณ","sourceRecord":660,"sourceFolder":"ถนนขึ้นทะเบียนทางหลวง","sourceFile":"ถนนเฉพาะขึ้นทะเบียน.shp","datasetId":"roads","geometryDisplayRepair":false,"villageIds":["v05"],"villageId":"v05","electionIds":["e03"],"electionId":"e03","insideMunicipality":true,"roadName":"ซอยรุ่งอรุณ","surface":null,"lengthSource":null}},{"type":"Feature","id":"roads-000661","geometry":{"type":"LineString","coordinates":[[102.90262447972886,16.498981698138763],[102.90260990563341,16.49944464164499],[102.90285742291422,16.499427816476423]]},"properties":{"id":"roads-000661","label":"ซอยท่าแก11","sourceRecord":661,"sourceFolder":"ถนนขึ้นทะเบียนทางหลวง","sourceFile":"ถนนเฉพาะขึ้นทะเบียน.shp","datasetId":"roads","geometryDisplayRepair":false,"villageIds":["v06"],"villageId":"v06","electionIds":["e03"],"electionId":"e03","insideMunicipality":true,"roadName":"ซอยท่าแก11","surface":null,"lengthSource":null}},{"type":"Feature","id":"roads-000662","geometry":{"type":"LineString","coordinates":[[102.90224441079681,16.49903537086013],[102.902290683797,16.499304825460804]]},"properties":{"id":"roads-000662","label":"ซอยท่าแก9","sourceRecord":662,"sourceFolder":"ถนนขึ้นทะเบียนทางหลวง","sourceFile":"ถนนเฉพาะขึ้นทะเบียน.shp","datasetId":"roads","geometryDisplayRepair":false,"villageIds":["v06"],"villageId":"v06","electionIds":["e03"],"electionId":"e03","insideMunicipality":true,"roadName":"ซอยท่าแก9","surface":null,"lengthSource":null}},{"type":"Feature","id":"roads-000663","geometry":{"type":"LineString","coordinates":[[102.90330363128017,16.499134175424395],[102.90338438399674,16.4996916809144]]},"properties":{"id":"roads-000663","label":"ซอยท่าแก15","sourceRecord":663,"sourceFolder":"ถนนขึ้นทะเบียนทางหลวง","sourceFile":"ถนนเฉพาะขึ้นทะเบียน.shp","datasetId":"roads","geometryDisplayRepair":false,"villageIds":["v06"],"villageId":"v06","electionIds":["e03"],"electionId":"e03","insideMunicipality":true,"roadName":"ซอยท่าแก15","surface":null,"lengthSource":null}},{"type":"Feature","id":"roads-000664","geometry":{"type":"LineString","coordinates":[[102.89876317306644,16.499441554429612],[102.89880396492927,16.49967038355696]]},"properties":{"id":"roads-000664","label":"ซอยคุ้มน้อย","sourceRecord":664,"sourceFolder":"ถนนขึ้นทะเบียนทางหลวง","sourceFile":"ถนนเฉพาะขึ้นทะเบียน.shp","datasetId":"roads","geometryDisplayRepair":false,"villageIds":["v05"],"villageId":"v05","electionIds":["e03"],"electionId":"e03","insideMunicipality":true,"roadName":"ซอยคุ้มน้อย","surface":null,"lengthSource":null}},{"type":"Feature","id":"roads-000665","geometry":{"type":"MultiLineString","coordinates":[[[102.90695539164949,16.50151482845481],[102.90695539527145,16.501514845148204]],[[102.90695539164949,16.50151482845481],[102.90652286766668,16.501439055595927],[102.90605849000913,16.501271205683445],[102.90594940199837,16.50113091379258],[102.90589855599907,16.50066925873369],[102.90591481136654,16.50021610757755],[102.9059099168906,16.499498084159235],[102.90591094881374,16.499288448940934],[102.90642715285942,16.499080212290195],[102.90695539164949,16.50151482845481],[102.90695542252611,16.50151483386401],[102.90735455279945,16.501522268612618],[102.9079063290459,16.501514984088608],[102.90852521292982,16.501560046146604],[102.91147070582615,16.501583920153795]]]},"properties":{"id":"roads-000665","label":"ถนนรอบหนองแสง","sourceRecord":665,"sourceFolder":"ถนนขึ้นทะเบียนทางหลวง","sourceFile":"ถนนเฉพาะขึ้นทะเบียน.shp","datasetId":"roads","geometryDisplayRepair":false,"villageIds":["v06"],"villageId":"v06","electionIds":["e03"],"electionId":"e03","insideMunicipality":true,"roadName":"ถนนรอบหนองแสง","surface":null,"lengthSource":null}},{"type":"Feature","id":"roads-000666","geometry":{"type":"LineString","coordinates":[[102.90198551372472,16.499095932906265],[102.90202591970983,16.49933724948526]]},"properties":{"id":"roads-000666","label":"ซอยท่าแก7","sourceRecord":666,"sourceFolder":"ถนนขึ้นทะเบียนทางหลวง","sourceFile":"ถนนเฉพาะขึ้นทะเบียน.shp","datasetId":"roads","geometryDisplayRepair":false,"villageIds":["v06"],"villageId":"v06","electionIds":["e03"],"electionId":"e03","insideMunicipality":true,"roadName":"ซอยท่าแก7","surface":null,"lengthSource":null}},{"type":"Feature","id":"roads-000667","geometry":{"type":"LineString","coordinates":[[102.8577851852348,16.511392649963174],[102.86076864491532,16.506592711325034],[102.86161213625182,16.50507485816931],[102.86191965659023,16.504341620499194],[102.86213139370392,16.503606251827865],[102.86224259282776,16.502991417239787],[102.86227622298273,16.502194907099735],[102.86227444759986,16.501613028277873],[102.86222549073415,16.50129741765614],[102.86206473123299,16.500750861922647],[102.86179853469166,16.500176088164537]]},"properties":{"id":"roads-000667","label":"ถนนเลียบคลองชลประทานบ้านเต่านอ-บ้านศิลา","sourceRecord":667,"sourceFolder":"ถนนขึ้นทะเบียนทางหลวง","sourceFile":"ถนนเฉพาะขึ้นทะเบียน.shp","datasetId":"roads","geometryDisplayRepair":false,"villageIds":["v01","v07"],"villageId":null,"electionIds":["e03"],"electionId":"e03","insideMunicipality":true,"roadName":"ถนนเลียบคลองชลประทานบ้านเต่านอ-บ้านศิลา","surface":null,"lengthSource":null}},{"type":"Feature","id":"roads-000668","geometry":{"type":"LineString","coordinates":[[102.905256960879,16.498536068460936],[102.90529302818243,16.498327226140926],[102.90573812277984,16.49825367437026],[102.90563221129794,16.497824779859847],[102.90567749301049,16.497560029466143],[102.90534407828555,16.497062039046337],[102.90509996732057,16.496697378818716],[102.90462953285261,16.49603756291286],[102.90434479033667,16.49566749013807],[102.90405578009941,16.495375306555054],[102.90379993060505,16.495191957671477],[102.90347269484703,16.49490261427225],[102.90326201017939,16.494584373160222],[102.90311682370067,16.49429836439609],[102.90295077298444,16.493882370647654],[102.90281732862516,16.493393127105183],[102.90273843007085,16.493017874784634],[102.90277581299577,16.49261037247865],[102.90285464331814,16.49232795276801],[102.90296261279668,16.492060231062315],[102.9030113615718,16.49198938450386],[102.9014350099079,16.490659404977936]]},"properties":{"id":"roads-000668","label":"ถนนปากคำโซ่","sourceRecord":668,"sourceFolder":"ถนนขึ้นทะเบียนทางหลวง","sourceFile":"ถนนเฉพาะขึ้นทะเบียน.shp","datasetId":"roads","geometryDisplayRepair":false,"villageIds":["v06"],"villageId":"v06","electionIds":["e03"],"electionId":"e03","insideMunicipality":true,"roadName":"ถนนปากคำโซ่","surface":null,"lengthSource":null}},{"type":"Feature","id":"roads-000669","geometry":{"type":"LineString","coordinates":[[102.80258249546868,16.483192581695167],[102.80268487887662,16.48225983978835],[102.80268714025192,16.48188135368733],[102.802659004736,16.48168682268191],[102.80243093924523,16.480836268933192]]},"properties":{"id":"roads-000669","label":"ซอยเกษมพัฒนา1","sourceRecord":669,"sourceFolder":"ถนนขึ้นทะเบียนทางหลวง","sourceFile":"ถนนเฉพาะขึ้นทะเบียน.shp","datasetId":"roads","geometryDisplayRepair":false,"villageIds":["v19"],"villageId":"v19","electionIds":["e01"],"electionId":"e01","insideMunicipality":true,"roadName":"ซอยเกษมพัฒนา1","surface":null,"lengthSource":null}},{"type":"Feature","id":"roads-000670","geometry":{"type":"LineString","coordinates":[[102.89307224566886,16.511469054009602],[102.88699884809301,16.510680420335305]]},"properties":{"id":"roads-000670","label":"ซอยห้วยซัน19","sourceRecord":670,"sourceFolder":"ถนนขึ้นทะเบียนทางหลวง","sourceFile":"ถนนเฉพาะขึ้นทะเบียน.shp","datasetId":"roads","geometryDisplayRepair":false,"villageIds":["v04"],"villageId":"v04","electionIds":["e03"],"electionId":"e03","insideMunicipality":true,"roadName":"ซอยห้วยซัน19","surface":null,"lengthSource":null}},{"type":"Feature","id":"roads-000671","geometry":{"type":"MultiLineString","coordinates":[[[102.83595860264612,16.494076600614992],[102.83621558884363,16.495102072315536]],[[102.8362155619032,16.49510208349122],[102.83570812089583,16.49534413350365],[102.83560295615065,16.495469815606445],[102.83573845402285,16.495873579156875],[102.83589709022412,16.496095377695855],[102.83605175644587,16.49638548994879],[102.83620508612215,16.496795193071115],[102.83621285907934,16.49681570072258],[102.8363741023585,16.49757474319526]],[[102.83735594566224,16.50168580912875],[102.83721059672094,16.501506059361237],[102.83713338362767,16.501326285672263],[102.83699809588755,16.500812092879244],[102.83698809311593,16.50077383093458],[102.83690270858781,16.500373288302786],[102.83688769365835,16.500302366882742],[102.83685170568543,16.50006637535981],[102.83676300891426,16.499725851979466],[102.83663029369909,16.498824443232074],[102.83660969990021,16.49869159722385],[102.83656246553832,16.4983850639434],[102.83637407542105,16.497574754368095]]]},"properties":{"id":"roads-000671","label":"ซอยเจริญบุญ","sourceRecord":671,"sourceFolder":"ถนนขึ้นทะเบียนทางหลวง","sourceFile":"ถนนเฉพาะขึ้นทะเบียน.shp","datasetId":"roads","geometryDisplayRepair":false,"villageIds":["v02"],"villageId":"v02","electionIds":["e01"],"electionId":"e01","insideMunicipality":true,"roadName":"ซอยเจริญบุญ","surface":null,"lengthSource":null}},{"type":"Feature","id":"roads-000672","geometry":{"type":"LineString","coordinates":[[102.87088420505165,16.4612515814329],[102.87113998349601,16.46149750331938],[102.87133780654226,16.461566427424177],[102.8716275251998,16.46159066225953],[102.87175365724553,16.461585860845354],[102.87196540212744,16.461512518349974],[102.87213323532238,16.461513463043346],[102.87233310740233,16.461611301580767],[102.8727516868215,16.461380594989173],[102.87289755782905,16.461299955099484],[102.87311870324712,16.461253536277354],[102.87323226175418,16.461245564740402]]},"properties":{"id":"roads-000672","label":"ซอยไผ่ทอง","sourceRecord":672,"sourceFolder":"ถนนขึ้นทะเบียนทางหลวง","sourceFile":"ถนนเฉพาะขึ้นทะเบียน.shp","datasetId":"roads","geometryDisplayRepair":false,"villageIds":["v16"],"villageId":"v16","electionIds":["e03"],"electionId":"e03","insideMunicipality":true,"roadName":"ซอยไผ่ทอง","surface":null,"lengthSource":null}},{"type":"Feature","id":"roads-000673","geometry":{"type":"LineString","coordinates":[[102.8516292767656,16.484589201727196],[102.85188051264265,16.484425807160605],[102.85078569000498,16.481944441893454]]},"properties":{"id":"roads-000673","label":"ซอยสุขสมทรัพย์","sourceRecord":673,"sourceFolder":"ถนนขึ้นทะเบียนทางหลวง","sourceFile":"ถนนเฉพาะขึ้นทะเบียน.shp","datasetId":"roads","geometryDisplayRepair":false,"villageIds":["v26"],"villageId":"v26","electionIds":["e02"],"electionId":"e02","insideMunicipality":true,"roadName":"ซอยสุขสมทรัพย์","surface":null,"lengthSource":null}},{"type":"Feature","id":"roads-000674","geometry":{"type":"LineString","coordinates":[[102.86943248347306,16.476290332724698],[102.8702916544329,16.476221299996027],[102.87331621988295,16.475738369011815],[102.87460892656937,16.475520591664317],[102.87495081042167,16.475386498205914],[102.87510369952737,16.475248512775067]]},"properties":{"id":"roads-000674","label":"ถนนเลียบคลอง3L","sourceRecord":674,"sourceFolder":"ถนนขึ้นทะเบียนทางหลวง","sourceFile":"ถนนเฉพาะขึ้นทะเบียน.shp","datasetId":"roads","geometryDisplayRepair":false,"villageIds":["v08"],"villageId":"v08","electionIds":["e03"],"electionId":"e03","insideMunicipality":true,"roadName":"ถนนเลียบคลอง3L","surface":null,"lengthSource":null}},{"type":"Feature","id":"roads-000675","geometry":{"type":"LineString","coordinates":[[102.88727990267454,16.477097149430502],[102.89465340883993,16.47486289567432],[102.89536955347953,16.474646249345955],[102.8957820621278,16.474512190596784],[102.89613925783802,16.474330182156635],[102.89649273113965,16.474057908057766],[102.89681380396557,16.473734023208394],[102.89711779981143,16.47331064917029],[102.89798825337881,16.47159285976727]]},"properties":{"id":"roads-000675","label":"ถนนเลียบคลองดงพอง-หนองหิน","sourceRecord":675,"sourceFolder":"ถนนขึ้นทะเบียนทางหลวง","sourceFile":"ถนนเฉพาะขึ้นทะเบียน.shp","datasetId":"roads","geometryDisplayRepair":false,"villageIds":["v10","v08"],"villageId":null,"electionIds":["e03"],"electionId":"e03","insideMunicipality":true,"roadName":"ถนนเลียบคลองดงพอง-หนองหิน","surface":null,"lengthSource":null}},{"type":"Feature","id":"roads-000676","geometry":{"type":"LineString","coordinates":[[102.8723146019323,16.480824294215783],[102.87245466030582,16.48026672080659],[102.87252529214722,16.479872142403217],[102.87257455383599,16.479387280222177],[102.8726804564281,16.47863216153927],[102.87285149645706,16.478085265493153],[102.8729167905606,16.477762520352307],[102.87290976200815,16.477652911150898],[102.87290973487391,16.477652922409053],[102.87282595539669,16.4774902581244],[102.87266945395024,16.477452783132765],[102.87245375247704,16.477430439091325],[102.872319609362,16.477454697027053],[102.87201021527214,16.477555204483185],[102.87161720358425,16.47773436537369],[102.87097914847583,16.478080416484946],[102.87073795840446,16.478218299409715],[102.87033183989261,16.4785784230872]]},"properties":{"id":"roads-000676","label":"ถนนกลางบ้านหนองหิน","sourceRecord":676,"sourceFolder":"ถนนขึ้นทะเบียนทางหลวง","sourceFile":"ถนนเฉพาะขึ้นทะเบียน.shp","datasetId":"roads","geometryDisplayRepair":false,"villageIds":["v08","v22"],"villageId":null,"electionIds":["e03"],"electionId":"e03","insideMunicipality":true,"roadName":"ถนนกลางบ้านหนองหิน","surface":null,"lengthSource":null}},{"type":"Feature","id":"roads-000677","geometry":{"type":"LineString","coordinates":[[102.87264499085492,16.483720234298445],[102.87374506430636,16.489342322269977],[102.874775634408,16.494866704983004]]},"properties":{"id":"roads-000677","label":"ถนนบ้านหนองหิน-บ้านศิลาทางเลี่ยงเมือง","sourceRecord":677,"sourceFolder":"ถนนขึ้นทะเบียนทางหลวง","sourceFile":"ถนนเฉพาะขึ้นทะเบียน.shp","datasetId":"roads","geometryDisplayRepair":false,"villageIds":["v22","v18"],"villageId":null,"electionIds":["e03"],"electionId":"e03","insideMunicipality":true,"roadName":"ถนนบ้านหนองหิน-บ้านศิลาทางเลี่ยงเมือง","surface":null,"lengthSource":null}},{"type":"Feature","id":"roads-000678","geometry":{"type":"LineString","coordinates":[[102.86822144756589,16.496119458823717],[102.87490661329781,16.494930329621543],[102.87669623511576,16.494615537679728],[102.8774165462077,16.494560158488536]]},"properties":{"id":"roads-000678","label":"ถนนบ้านศิลา-ทางเลี่ยงเมือง(230)","sourceRecord":678,"sourceFolder":"ถนนขึ้นทะเบียนทางหลวง","sourceFile":"ถนนเฉพาะขึ้นทะเบียน.shp","datasetId":"roads","geometryDisplayRepair":false,"villageIds":["v18","v01"],"villageId":null,"electionIds":["e03"],"electionId":"e03","insideMunicipality":true,"roadName":"ถนนบ้านศิลา-ทางเลี่ยงเมือง(230)","surface":null,"lengthSource":null}},{"type":"Feature","id":"roads-000679","geometry":{"type":"LineString","coordinates":[[102.8646481368024,16.49629734386847],[102.8648473208999,16.496566510933555],[102.86518406456267,16.496762616482577],[102.86559095724054,16.496973078364967],[102.86583293273587,16.49699408067971],[102.86601766072336,16.49699014928781],[102.86618097889867,16.496930011139636],[102.86643037919849,16.496736885309666],[102.86666315023588,16.496481110957163],[102.86682234993415,16.496276828591014],[102.86695378926368,16.496133761707316],[102.86699352314281,16.49603940325369],[102.86700094706393,16.495825275675955],[102.866982179852,16.495561383185628]]},"properties":{"id":"roads-000679","label":"ซอยสว่างสายชล","sourceRecord":679,"sourceFolder":"ถนนขึ้นทะเบียนทางหลวง","sourceFile":"ถนนเฉพาะขึ้นทะเบียน.shp","datasetId":"roads","geometryDisplayRepair":false,"villageIds":["v18"],"villageId":"v18","electionIds":["e03"],"electionId":"e03","insideMunicipality":true,"roadName":"ซอยสว่างสายชล","surface":null,"lengthSource":null}},{"type":"Feature","id":"roads-000680","geometry":{"type":"LineString","coordinates":[[102.86397099138155,16.49771789471197],[102.86401236164158,16.497461440532838],[102.86401703105803,16.49716257700505],[102.86398120884292,16.4967991954072],[102.86390670549522,16.496450505031948]]},"properties":{"id":"roads-000680","label":"ถนนพานเมือง","sourceRecord":680,"sourceFolder":"ถนนขึ้นทะเบียนทางหลวง","sourceFile":"ถนนเฉพาะขึ้นทะเบียน.shp","datasetId":"roads","geometryDisplayRepair":false,"villageIds":["v18"],"villageId":"v18","electionIds":["e03"],"electionId":"e03","insideMunicipality":true,"roadName":"ถนนพานเมือง","surface":null,"lengthSource":null}},{"type":"Feature","id":"roads-000681","geometry":{"type":"LineString","coordinates":[[102.86440185468071,16.488151172744832],[102.87319749629455,16.4865880541327]]},"properties":{"id":"roads-000681","label":"ซอยทุ่งนาไผ่ล้อม (ซอย3)","sourceRecord":681,"sourceFolder":"ถนนขึ้นทะเบียนทางหลวง","sourceFile":"ถนนเฉพาะขึ้นทะเบียน.shp","datasetId":"roads","geometryDisplayRepair":false,"villageIds":["v22","v18"],"villageId":null,"electionIds":["e03"],"electionId":"e03","insideMunicipality":true,"roadName":"ซอยทุ่งนาไผ่ล้อม (ซอย3)","surface":null,"lengthSource":null}},{"type":"Feature","id":"roads-000682","geometry":{"type":"LineString","coordinates":[[102.89662367114249,16.46349948380246],[102.9013045404969,16.463478264052682],[102.901347890495,16.46585642276226]]},"properties":{"id":"roads-000682","label":"ซอยหนองแก","sourceRecord":682,"sourceFolder":"ถนนขึ้นทะเบียนทางหลวง","sourceFile":"ถนนเฉพาะขึ้นทะเบียน.shp","datasetId":"roads","geometryDisplayRepair":false,"villageIds":["v10"],"villageId":"v10","electionIds":["e03"],"electionId":"e03","insideMunicipality":true,"roadName":"ซอยหนองแก","surface":null,"lengthSource":null}},{"type":"Feature","id":"roads-000683","geometry":{"type":"LineString","coordinates":[[102.89511788133198,16.467576843837374],[102.89498259151644,16.461987878896192]]},"properties":{"id":"roads-000683","label":"วังบัวทอง ซอย1","sourceRecord":683,"sourceFolder":"ถนนขึ้นทะเบียนทางหลวง","sourceFile":"ถนนเฉพาะขึ้นทะเบียน.shp","datasetId":"roads","geometryDisplayRepair":false,"villageIds":["v10"],"villageId":"v10","electionIds":["e03"],"electionId":"e03","insideMunicipality":true,"roadName":"วังบัวทอง ซอย1","surface":null,"lengthSource":null}},{"type":"Feature","id":"roads-000684","geometry":{"type":"LineString","coordinates":[[102.90598696024281,16.471511305930335],[102.90592180978373,16.471748872174945],[102.90596314572073,16.47240100669975],[102.90596252105979,16.473014417803324],[102.90586644882798,16.47362036999717],[102.90567865423614,16.47430912834445],[102.90548530394015,16.474828410023402],[102.90603318049389,16.474865772221076],[102.90623166781994,16.474924906965445],[102.90709477247047,16.474741515708377],[102.90696178131984,16.47410403116288],[102.9069201659167,16.47372452379964],[102.90693779975973,16.473278757550577],[102.90717345001646,16.472457412834085],[102.9072424640885,16.47217379774018]]},"properties":{"id":"roads-000684","label":"ซอยหนูนาพาเพลิน","sourceRecord":684,"sourceFolder":"ถนนขึ้นทะเบียนทางหลวง","sourceFile":"ถนนเฉพาะขึ้นทะเบียน.shp","datasetId":"roads","geometryDisplayRepair":false,"villageIds":["v10"],"villageId":"v10","electionIds":["e03"],"electionId":"e03","insideMunicipality":true,"roadName":"ซอยหนูนาพาเพลิน","surface":null,"lengthSource":null}},{"type":"Feature","id":"roads-000685","geometry":{"type":"LineString","coordinates":[[102.90146473113667,16.471155137327802],[102.90140218238363,16.470722189682977],[102.90142025296608,16.469867485476566],[102.90149285640823,16.469810451498635],[102.90208260538692,16.469954703142],[102.90331938785135,16.47023404632165],[102.90356369454484,16.47028585864074],[102.90367052619563,16.470359643978323],[102.90374657424356,16.470665501266883],[102.90379970986547,16.470975020761173],[102.90388939253272,16.471017474336943],[102.90439916311287,16.470970067612047],[102.90460151123455,16.470983155200585],[102.90551373297923,16.471291649960296],[102.90612050192672,16.471603536266844],[102.90642005687175,16.471771448725402],[102.90662789238327,16.47202216771443],[102.90737797368617,16.4722089247994],[102.90821970776025,16.472381028629172],[102.90907113871191,16.47240392976231],[102.90942052403595,16.472382150500184],[102.90986359442887,16.472220459534633],[102.91028171765959,16.472187690151873],[102.91052406370888,16.472296597551352]]},"properties":{"id":"roads-000685","label":"ถนนศิลา-โคกท่า","sourceRecord":685,"sourceFolder":"ถนนขึ้นทะเบียนทางหลวง","sourceFile":"ถนนเฉพาะขึ้นทะเบียน.shp","datasetId":"roads","geometryDisplayRepair":false,"villageIds":["v10"],"villageId":"v10","electionIds":["e03"],"electionId":"e03","insideMunicipality":true,"roadName":"ถนนศิลา-โคกท่า","surface":null,"lengthSource":null}},{"type":"Feature","id":"roads-000686","geometry":{"type":"LineString","coordinates":[[102.89978496189023,16.46349298829697],[102.89981331789778,16.467412483939967],[102.90010948627642,16.467612176577166]]},"properties":{"id":"roads-000686","label":"ซอยหนองแก (ซอย1)","sourceRecord":686,"sourceFolder":"ถนนขึ้นทะเบียนทางหลวง","sourceFile":"ถนนเฉพาะขึ้นทะเบียน.shp","datasetId":"roads","geometryDisplayRepair":false,"villageIds":["v10"],"villageId":"v10","electionIds":["e03"],"electionId":"e03","insideMunicipality":true,"roadName":"ซอยหนองแก (ซอย1)","surface":null,"lengthSource":null}},{"type":"Feature","id":"roads-000687","geometry":{"type":"LineString","coordinates":[[102.89194993616532,16.467509998554164],[102.89193072466483,16.464105846487158]]},"properties":{"id":"roads-000687","label":"ซอยปิยะ","sourceRecord":687,"sourceFolder":"ถนนขึ้นทะเบียนทางหลวง","sourceFile":"ถนนเฉพาะขึ้นทะเบียน.shp","datasetId":"roads","geometryDisplayRepair":false,"villageIds":["v10"],"villageId":"v10","electionIds":["e03"],"electionId":"e03","insideMunicipality":true,"roadName":"ซอยปิยะ","surface":null,"lengthSource":null}},{"type":"Feature","id":"roads-000688","geometry":{"type":"LineString","coordinates":[[102.82154228581199,16.490692576651238],[102.81980170405866,16.491594609517023],[102.8195562165509,16.491054572783316],[102.81937140230647,16.49080012596137],[102.81840097983093,16.491181922623756],[102.81816614681613,16.49118528285112],[102.81806123545134,16.491122510904844],[102.817878417113,16.490810964442],[102.81772818071552,16.49041473191718],[102.81766193399531,16.4900278252201]]},"properties":{"id":"roads-000688","label":"ซอยหลังวัดม่วงศรี","sourceRecord":688,"sourceFolder":"ถนนขึ้นทะเบียนทางหลวง","sourceFile":"ถนนเฉพาะขึ้นทะเบียน.shp","datasetId":"roads","geometryDisplayRepair":false,"villageIds":["v03"],"villageId":"v03","electionIds":["e01"],"electionId":"e01","insideMunicipality":true,"roadName":"ซอยหลังวัดม่วงศรี","surface":null,"lengthSource":null}},{"type":"Feature","id":"roads-000689","geometry":{"type":"LineString","coordinates":[[102.81796376052102,16.495816104817536],[102.82092002275871,16.495276787994097]]},"properties":{"id":"roads-000689","label":"ซอยหนูแอมอุทิศ","sourceRecord":689,"sourceFolder":"ถนนขึ้นทะเบียนทางหลวง","sourceFile":"ถนนเฉพาะขึ้นทะเบียน.shp","datasetId":"roads","geometryDisplayRepair":false,"villageIds":["v03"],"villageId":"v03","electionIds":["e01"],"electionId":"e01","insideMunicipality":true,"roadName":"ซอยหนูแอมอุทิศ","surface":null,"lengthSource":null}},{"type":"Feature","id":"roads-000690","geometry":{"type":"LineString","coordinates":[[102.81054377858479,16.495239590340482],[102.81036045068463,16.495268801780906],[102.80944570295765,16.495425910965853],[102.80889382622692,16.49550248727135],[102.80816608514907,16.49572064207327],[102.80788909546752,16.49582155396101],[102.80743645055165,16.495927739638226],[102.80684241920716,16.496101873926523],[102.80629211640226,16.496393954990143],[102.80574349299876,16.496833393843804],[102.8055924343341,16.49698237492947]]},"properties":{"id":"roads-000690","label":"ซอยเทวา-สินสุขแลนด์","sourceRecord":690,"sourceFolder":"ถนนขึ้นทะเบียนทางหลวง","sourceFile":"ถนนเฉพาะขึ้นทะเบียน.shp","datasetId":"roads","geometryDisplayRepair":false,"villageIds":["v03"],"villageId":"v03","electionIds":["e01"],"electionId":"e01","insideMunicipality":true,"roadName":"ซอยเทวา-สินสุขแลนด์","surface":null,"lengthSource":null}},{"type":"Feature","id":"roads-000691","geometry":{"type":"LineString","coordinates":[[102.82687418845192,16.488667492088528],[102.82692674581169,16.490623753206915],[102.82663214277741,16.491034122298075],[102.82622524704576,16.49120119805829],[102.8255874013448,16.49132559706521],[102.8253163008668,16.49132339063275],[102.82536889422492,16.490599560972864],[102.82537764789969,16.489825938680518],[102.82538499959603,16.488700495102158]]},"properties":{"id":"roads-000691","label":"ซอยเรียบหนองกินหมู","sourceRecord":691,"sourceFolder":"ถนนขึ้นทะเบียนทางหลวง","sourceFile":"ถนนเฉพาะขึ้นทะเบียน.shp","datasetId":"roads","geometryDisplayRepair":false,"villageIds":["v27","v03"],"villageId":null,"electionIds":["e01"],"electionId":"e01","insideMunicipality":true,"roadName":"ซอยเรียบหนองกินหมู","surface":null,"lengthSource":null}},{"type":"Feature","id":"roads-000692","geometry":{"type":"LineString","coordinates":[[102.83135350599078,16.488599641980922],[102.83134137469462,16.489078544144583],[102.8312566141624,16.489614452519085],[102.83110689422942,16.490183431127445],[102.83093814141473,16.490710018602396],[102.8308518710746,16.490962257791555]]},"properties":{"id":"roads-000692","label":"ซอยโนนม่วง1","sourceRecord":692,"sourceFolder":"ถนนขึ้นทะเบียนทางหลวง","sourceFile":"ถนนเฉพาะขึ้นทะเบียน.shp","datasetId":"roads","geometryDisplayRepair":false,"villageIds":["v27","v03"],"villageId":null,"electionIds":["e01"],"electionId":"e01","insideMunicipality":true,"roadName":"ซอยโนนม่วง1","surface":null,"lengthSource":null}},{"type":"Feature","id":"roads-000693","geometry":{"type":"LineString","coordinates":[[102.8102749494234,16.49221688175296],[102.8103403389375,16.492530109105296],[102.81037519163195,16.492836846282415],[102.81036799759667,16.49317299535319],[102.81038062119501,16.49365929294263],[102.81039629087955,16.4940258668886],[102.81044733244761,16.494358414572766],[102.81050315691989,16.494684522147644],[102.81070409860533,16.49499886262847],[102.81102693124149,16.49550954528475],[102.81116022801491,16.495738138142126],[102.81123439430993,16.495930728876655],[102.8113113475409,16.496173977693715],[102.81146740580755,16.496501147999602],[102.81168564129617,16.496744596532217],[102.8117866129182,16.49688749187407],[102.81184459095192,16.49705427204523],[102.81210382542949,16.49733093364699],[102.81235927569196,16.49758548602784],[102.81252011948348,16.497906215706273],[102.81264096339561,16.49816518291975],[102.81266252057598,16.49842861506438],[102.81270221130909,16.49869483572913],[102.81279162315927,16.498907709344092],[102.81290405479817,16.499048778531424],[102.81312124535663,16.499354851591008],[102.81335273361954,16.49967568038612]]},"properties":{"id":"roads-000693","label":"ซอยเทวา","sourceRecord":693,"sourceFolder":"ถนนขึ้นทะเบียนทางหลวง","sourceFile":"ถนนเฉพาะขึ้นทะเบียน.shp","datasetId":"roads","geometryDisplayRepair":false,"villageIds":["v03"],"villageId":"v03","electionIds":["e01"],"electionId":"e01","insideMunicipality":true,"roadName":"ซอยเทวา","surface":null,"lengthSource":null}},{"type":"Feature","id":"roads-000694","geometry":{"type":"LineString","coordinates":[[102.81695543248289,16.49184394213227],[102.81715100894249,16.491920654993596],[102.81739375236435,16.492375959133458],[102.81745388051714,16.4923834102205],[102.81772702561214,16.492294451986727],[102.8186333537032,16.49394427263226]]},"properties":{"id":"roads-000694","label":"ซอยชมพัฒนา","sourceRecord":694,"sourceFolder":"ถนนขึ้นทะเบียนทางหลวง","sourceFile":"ถนนเฉพาะขึ้นทะเบียน.shp","datasetId":"roads","geometryDisplayRepair":false,"villageIds":["v03"],"villageId":"v03","electionIds":["e01"],"electionId":"e01","insideMunicipality":true,"roadName":"ซอยชมพัฒนา","surface":null,"lengthSource":null}},{"type":"Feature","id":"roads-000695","geometry":{"type":"LineString","coordinates":[[102.81582338126235,16.490312902829352],[102.81608578951915,16.491020585905755],[102.816316023704,16.4915403426701],[102.81669470252676,16.49237712504171],[102.81685230558664,16.492953882021776],[102.81682719260581,16.493150938615702],[102.81686474243864,16.49357648709816],[102.81711549663927,16.494422301675854],[102.81724092512616,16.49481113244005],[102.81747336271044,16.495137484204413],[102.81771384534032,16.49551081732544],[102.81811742841602,16.495977395596295],[102.81842429542888,16.496325953214726],[102.81865688822381,16.496550074541258],[102.81875592197123,16.49671598915338],[102.81880812666013,16.496917757700523],[102.81893569195773,16.497800240860155],[102.81853813963114,16.49809072443866],[102.81853036598534,16.498182812544723],[102.81859806733091,16.498234481426607],[102.81868091143262,16.49837458610113],[102.81870267910665,16.498501712578488],[102.81836026990135,16.4989423928375],[102.81813379313323,16.49909772652072],[102.81799609184573,16.499255945835216],[102.81777514057838,16.499546671924946],[102.81766997137942,16.499654281706423],[102.81738141925247,16.49982518510032],[102.81719320273535,16.499928995343733],[102.81712719057063,16.50002468633923],[102.8170974967797,16.500091877166255],[102.8170369591879,16.500357037417995],[102.8169832496337,16.500524582457377],[102.81636643268337,16.501458211044085],[102.81567898169378,16.502805575916273],[102.81557314370421,16.503356177786777],[102.81530836828051,16.504216008324274]]},"properties":{"id":"roads-000695","label":"ซอยศาลเจ้า","sourceRecord":695,"sourceFolder":"ถนนขึ้นทะเบียนทางหลวง","sourceFile":"ถนนเฉพาะขึ้นทะเบียน.shp","datasetId":"roads","geometryDisplayRepair":false,"villageIds":["v03"],"villageId":"v03","electionIds":["e01"],"electionId":"e01","insideMunicipality":true,"roadName":"ซอยศาลเจ้า","surface":null,"lengthSource":null}},{"type":"Feature","id":"roads-000696","geometry":{"type":"LineString","coordinates":[[102.81349408233984,16.491655141509135],[102.81348116509346,16.49199220432874],[102.81353057603229,16.492143315326288],[102.81371522913642,16.492499995777013],[102.81395259446052,16.492717681017673],[102.81457679041347,16.492788549077744],[102.81489182975365,16.49277241127018],[102.81512392744925,16.492684320340114],[102.815159400383,16.4925821402484],[102.8151234405883,16.492372105067137],[102.81505221219737,16.49212794418335],[102.81500085636183,16.491999855367798],[102.81481967979579,16.491869743442223],[102.81455351647459,16.491758853421523],[102.81398582006001,16.49157109947474],[102.81384170297933,16.49155432000003],[102.81354201116822,16.491522586676528]]},"properties":{"id":"roads-000696","label":"ซอยรอบหนองทุ่ง","sourceRecord":696,"sourceFolder":"ถนนขึ้นทะเบียนทางหลวง","sourceFile":"ถนนเฉพาะขึ้นทะเบียน.shp","datasetId":"roads","geometryDisplayRepair":false,"villageIds":["v03"],"villageId":"v03","electionIds":["e01"],"electionId":"e01","insideMunicipality":true,"roadName":"ซอยรอบหนองทุ่ง","surface":null,"lengthSource":null}},{"type":"Feature","id":"roads-000697","geometry":{"type":"LineString","coordinates":[[102.8126833119591,16.49841084037799],[102.81347108713952,16.49826827570685],[102.81428456540014,16.498172714250167],[102.81461969089999,16.49813634435713],[102.81468255699556,16.498228531009737],[102.8147091560324,16.498315140961232],[102.8159431071705,16.49792544536365]]},"properties":{"id":"roads-000697","label":"ซอยสนน้อย","sourceRecord":697,"sourceFolder":"ถนนขึ้นทะเบียนทางหลวง","sourceFile":"ถนนเฉพาะขึ้นทะเบียน.shp","datasetId":"roads","geometryDisplayRepair":false,"villageIds":["v03"],"villageId":"v03","electionIds":["e01"],"electionId":"e01","insideMunicipality":true,"roadName":"ซอยสนน้อย","surface":null,"lengthSource":null}},{"type":"Feature","id":"roads-000698","geometry":{"type":"LineString","coordinates":[[102.87072579267576,16.460001625268326],[102.87077609122922,16.46024344892091]]},"properties":{"id":"roads-000698","label":"ซอยสมหวัง(ดอนยาง)","sourceRecord":698,"sourceFolder":"ถนนขึ้นทะเบียนทางหลวง","sourceFile":"ถนนเฉพาะขึ้นทะเบียน.shp","datasetId":"roads","geometryDisplayRepair":false,"villageIds":["v16"],"villageId":"v16","electionIds":["e03"],"electionId":"e03","insideMunicipality":true,"roadName":"ซอยสมหวัง(ดอนยาง)","surface":null,"lengthSource":null}},{"type":"Feature","id":"roads-000699","geometry":{"type":"LineString","coordinates":[[102.8727640473424,16.45867511402024],[102.87270504559551,16.458931553727304],[102.87271636049981,16.45904899641995],[102.87281327132774,16.45942534024908]]},"properties":{"id":"roads-000699","label":"ซอยศรีพันธ์","sourceRecord":699,"sourceFolder":"ถนนขึ้นทะเบียนทางหลวง","sourceFile":"ถนนเฉพาะขึ้นทะเบียน.shp","datasetId":"roads","geometryDisplayRepair":false,"villageIds":["v11","v16"],"villageId":null,"electionIds":["e03"],"electionId":"e03","insideMunicipality":true,"roadName":"ซอยศรีพันธ์","surface":null,"lengthSource":null}},{"type":"Feature","id":"roads-000700","geometry":{"type":"LineString","coordinates":[[102.8492587624644,16.4825638938912],[102.84924834230729,16.48250309467533],[102.84923129115009,16.482403605049182],[102.84930742701933,16.48185201519415],[102.84935550846153,16.481583140036868]]},"properties":{"id":"roads-000700","label":"ซอยหลังวัด 2","sourceRecord":700,"sourceFolder":"ถนนขึ้นทะเบียนทางหลวง","sourceFile":"ถนนเฉพาะขึ้นทะเบียน.shp","datasetId":"roads","geometryDisplayRepair":false,"villageIds":["v26"],"villageId":"v26","electionIds":["e02"],"electionId":"e02","insideMunicipality":true,"roadName":"ซอยหลังวัด 2","surface":null,"lengthSource":null}},{"type":"Feature","id":"roads-000701","geometry":{"type":"LineString","coordinates":[[102.8498992229639,16.48224943938635],[102.84984901582823,16.481956497750538],[102.84983236690805,16.48155031323138]]},"properties":{"id":"roads-000701","label":"ซอยหลังวัด 1","sourceRecord":701,"sourceFolder":"ถนนขึ้นทะเบียนทางหลวง","sourceFile":"ถนนเฉพาะขึ้นทะเบียน.shp","datasetId":"roads","geometryDisplayRepair":false,"villageIds":["v26"],"villageId":"v26","electionIds":["e02"],"electionId":"e02","insideMunicipality":true,"roadName":"ซอยหลังวัด 1","surface":null,"lengthSource":null}},{"type":"Feature","id":"roads-000702","geometry":{"type":"LineString","coordinates":[[102.82393368222075,16.500141286923988],[102.8240404466847,16.500902170619966],[102.82457325756283,16.500817240683837]]},"properties":{"id":"roads-000702","label":"ซอยโรงสี","sourceRecord":702,"sourceFolder":"ถนนขึ้นทะเบียนทางหลวง","sourceFile":"ถนนเฉพาะขึ้นทะเบียน.shp","datasetId":"roads","geometryDisplayRepair":false,"villageIds":["v03","v02"],"villageId":null,"electionIds":["e01"],"electionId":"e01","insideMunicipality":true,"roadName":"ซอยโรงสี","surface":null,"lengthSource":null}},{"type":"Feature","id":"roads-000703","geometry":{"type":"LineString","coordinates":[[102.86591815033064,16.48122953123142],[102.86549563235022,16.48171718557361]]},"properties":{"id":"roads-000703","label":"ซอยหลังประปา","sourceRecord":703,"sourceFolder":"ถนนขึ้นทะเบียนทางหลวง","sourceFile":"ถนนเฉพาะขึ้นทะเบียน.shp","datasetId":"roads","geometryDisplayRepair":false,"villageIds":["v25"],"villageId":"v25","electionIds":["e03"],"electionId":"e03","insideMunicipality":true,"roadName":"ซอยหลังประปา","surface":null,"lengthSource":null}},{"type":"Feature","id":"roads-000704","geometry":{"type":"LineString","coordinates":[[102.80701695790013,16.491451769344224],[102.80624286143106,16.491786175413424],[102.8059959979044,16.491941596128374],[102.80475562387963,16.49204422986589],[102.80438820987114,16.49213442535723],[102.80392310439342,16.492292951389086],[102.80373661177883,16.492417643851073],[102.80279476055671,16.493369758053067],[102.80264900236888,16.493540727551228],[102.80251760678563,16.49360387349647],[102.8023063980542,16.493648073154155],[102.80201020084392,16.493579168960093],[102.80153493892851,16.493422700492037],[102.80127420377008,16.493369253419885],[102.8010718853788,16.493401482125936],[102.80081426835491,16.49362192912315],[102.80055830918201,16.493915986098603],[102.80048512984432,16.494191480683142],[102.80041566597781,16.49436084829202],[102.80015101453147,16.494540200409705],[102.80002674985764,16.49458110151439],[102.79947850691612,16.494573448724744],[102.79860036423342,16.494491700368144]]},"properties":{"id":"roads-000704","label":"ถนนสมจิตรพัฒนา","sourceRecord":704,"sourceFolder":"ถนนขึ้นทะเบียนทางหลวง","sourceFile":"ถนนเฉพาะขึ้นทะเบียน.shp","datasetId":"roads","geometryDisplayRepair":false,"villageIds":["v12"],"villageId":"v12","electionIds":["e01"],"electionId":"e01","insideMunicipality":true,"roadName":"ถนนสมจิตรพัฒนา","surface":null,"lengthSource":null}},{"type":"Feature","id":"roads-000705","geometry":{"type":"LineString","coordinates":[[102.89670446612395,16.516281094674486],[102.89696357837627,16.516260815385902]]},"properties":{"id":"roads-000705","label":"ซอยห้วยซัน9","sourceRecord":705,"sourceFolder":"ถนนขึ้นทะเบียนทางหลวง","sourceFile":"ถนนเฉพาะขึ้นทะเบียน.shp","datasetId":"roads","geometryDisplayRepair":false,"villageIds":["v04"],"villageId":"v04","electionIds":["e03"],"electionId":"e03","insideMunicipality":true,"roadName":"ซอยห้วยซัน9","surface":null,"lengthSource":null}},{"type":"Feature","id":"roads-000706","geometry":{"type":"LineString","coordinates":[[102.88678670853466,16.515959295731395],[102.89022567464444,16.516106730709556],[102.89315544818373,16.51617340815323],[102.89297391118389,16.513458139778518]]},"properties":{"id":"roads-000706","label":"ซอยสวาท","sourceRecord":706,"sourceFolder":"ถนนขึ้นทะเบียนทางหลวง","sourceFile":"ถนนเฉพาะขึ้นทะเบียน.shp","datasetId":"roads","geometryDisplayRepair":false,"villageIds":["v04"],"villageId":"v04","electionIds":["e03"],"electionId":"e03","insideMunicipality":true,"roadName":"ซอยสวาท","surface":null,"lengthSource":null}},{"type":"Feature","id":"roads-000707","geometry":{"type":"LineString","coordinates":[[102.89380235241482,16.507002272523707],[102.88759082709942,16.506126159124257]]},"properties":{"id":"roads-000707","label":"ซอยห้วยซัน16","sourceRecord":707,"sourceFolder":"ถนนขึ้นทะเบียนทางหลวง","sourceFile":"ถนนเฉพาะขึ้นทะเบียน.shp","datasetId":"roads","geometryDisplayRepair":false,"villageIds":["v04"],"villageId":"v04","electionIds":["e03"],"electionId":"e03","insideMunicipality":true,"roadName":"ซอยห้วยซัน16","surface":null,"lengthSource":null}},{"type":"Feature","id":"roads-000708","geometry":{"type":"LineString","coordinates":[[102.84067141733937,16.49979158393038],[102.84078107664219,16.500048501913877],[102.84091555407893,16.500322570066],[102.84105900697287,16.50052132805314],[102.84116277882816,16.501190795166377],[102.8412300180814,16.501327829190235],[102.8416552727126,16.501766605545406],[102.84176686772805,16.501907119628097],[102.84192097126495,16.50210417893466],[102.84201822410226,16.502352521506705]]},"properties":{"id":"roads-000708","label":"ซอยตาเวิ้น","sourceRecord":708,"sourceFolder":"ถนนขึ้นทะเบียนทางหลวง","sourceFile":"ถนนเฉพาะขึ้นทะเบียน.shp","datasetId":"roads","geometryDisplayRepair":false,"villageIds":["v17"],"villageId":"v17","electionIds":["e02"],"electionId":"e02","insideMunicipality":true,"roadName":"ซอยตาเวิ้น","surface":null,"lengthSource":null}},{"type":"Feature","id":"roads-000709","geometry":{"type":"LineString","coordinates":[[102.8914501863444,16.475900074783173],[102.88960414484197,16.47024204288851],[102.892440414975,16.469176698150896]]},"properties":{"id":"roads-000709","label":"ถนนไร่ธเนศวร","sourceRecord":709,"sourceFolder":"ถนนขึ้นทะเบียนทางหลวง","sourceFile":"ถนนเฉพาะขึ้นทะเบียน.shp","datasetId":"roads","geometryDisplayRepair":false,"villageIds":["v10"],"villageId":"v10","electionIds":["e03"],"electionId":"e03","insideMunicipality":true,"roadName":"ถนนไร่ธเนศวร","surface":null,"lengthSource":null}},{"type":"Feature","id":"roads-000710","geometry":{"type":"LineString","coordinates":[[102.82162539447381,16.496699925858064],[102.82154594562334,16.497034480878952],[102.82142575465127,16.497322760612494],[102.82124625640392,16.497520231905458],[102.82115106645124,16.49769898824642],[102.82111722188534,16.497788813174857],[102.82112148022458,16.497909503262854],[102.82117078531661,16.49816548986261],[102.82123592363877,16.498513937141407],[102.82126740365408,16.498825533924425],[102.82124887958662,16.499356176919253],[102.8212481340605,16.49986287856078],[102.8211510838954,16.50070154384284],[102.82109857330632,16.501417018036108],[102.82096828220261,16.501933812809447],[102.82086428519978,16.502668046224887],[102.8208462256593,16.50288200047828]]},"properties":{"id":"roads-000710","label":"ซอยวัดร้าง 1(ซอยสนิท)","sourceRecord":710,"sourceFolder":"ถนนขึ้นทะเบียนทางหลวง","sourceFile":"ถนนเฉพาะขึ้นทะเบียน.shp","datasetId":"roads","geometryDisplayRepair":false,"villageIds":["v03"],"villageId":"v03","electionIds":["e01"],"electionId":"e01","insideMunicipality":true,"roadName":"ซอยวัดร้าง 1(ซอยสนิท)","surface":null,"lengthSource":null}},{"type":"Feature","id":"roads-000711","geometry":{"type":"LineString","coordinates":[[102.80631955582642,16.497368888228483],[102.80607023268384,16.499107735939774]]},"properties":{"id":"roads-000711","label":"ซอยสินสุข 2","sourceRecord":711,"sourceFolder":"ถนนขึ้นทะเบียนทางหลวง","sourceFile":"ถนนเฉพาะขึ้นทะเบียน.shp","datasetId":"roads","geometryDisplayRepair":false,"villageIds":["v03"],"villageId":"v03","electionIds":["e01"],"electionId":"e01","insideMunicipality":true,"roadName":"ซอยสินสุข 2","surface":null,"lengthSource":null}},{"type":"Feature","id":"roads-000712","geometry":{"type":"LineString","coordinates":[[102.81081714854555,16.491739609663338],[102.81005917272037,16.491976479413662],[102.8093351889698,16.492028517749546],[102.80824955307699,16.491884890137857],[102.80713588152932,16.491513544885972],[102.80626516965607,16.491219575085147],[102.8056001952512,16.490977252686122],[102.80516576986159,16.490803733438472],[102.80464459804452,16.490506837327626],[102.8037084453939,16.49008608895442],[102.80312329058543,16.48986270498369],[102.80219749623976,16.489630265241047],[102.8016371575667,16.489424031704747],[102.80136246163448,16.489225060816494],[102.80114628115017,16.48904842860827],[102.80064817538644,16.48875840467956],[102.80011275318122,16.488505984994852],[102.79994092500672,16.48833284030093],[102.7997749694543,16.487810494324613],[102.79954376750796,16.487034704413194],[102.79939891012681,16.486635639750922],[102.79926911515794,16.485685393535512],[102.79918502933651,16.485002257075628]]},"properties":{"id":"roads-000712","label":"ถนนสมจิตรใจพัฒนา","sourceRecord":712,"sourceFolder":"ถนนขึ้นทะเบียนทางหลวง","sourceFile":"ถนนเฉพาะขึ้นทะเบียน.shp","datasetId":"roads","geometryDisplayRepair":false,"villageIds":["v23","v12","v03"],"villageId":null,"electionIds":["e01"],"electionId":"e01","insideMunicipality":true,"roadName":"ถนนสมจิตรใจพัฒนา","surface":null,"lengthSource":null}},{"type":"Feature","id":"roads-000713","geometry":{"type":"LineString","coordinates":[[102.86157661243679,16.498579141716725],[102.86202100719375,16.498650706577504],[102.86223742017758,16.49870060485873],[102.86242100706893,16.49875046446474],[102.86259390572647,16.498833692986885],[102.862894507044,16.498959867697057],[102.86308610068166,16.49899261736543],[102.86319614854902,16.498964499993644],[102.86336836564786,16.49888424290249],[102.86359918904829,16.498762968958076],[102.86367817201598,16.498745086341774]]},"properties":{"id":"roads-000713","label":"ซอยปู่ตา","sourceRecord":713,"sourceFolder":"ถนนขึ้นทะเบียนทางหลวง","sourceFile":"ถนนเฉพาะขึ้นทะเบียน.shp","datasetId":"roads","geometryDisplayRepair":false,"villageIds":["v01"],"villageId":"v01","electionIds":["e03"],"electionId":"e03","insideMunicipality":true,"roadName":"ซอยปู่ตา","surface":null,"lengthSource":null}}]}