{"type":"FeatureCollection","features":[{"type":"Feature","id":"v01","geometry":{"type":"Polygon","coordinates":[[[102.85561142027812,16.50100954980886],[102.85637311919741,16.501170675612208],[102.85718312233091,16.501180647958957],[102.85743047035719,16.501306500261254],[102.8577253870055,16.50134785140969],[102.85813287903603,16.501362026339162],[102.85854985356497,16.501456286815788],[102.85931134499151,16.501950688589172],[102.85966714229365,16.502267623660448],[102.85974201420827,16.502213397810834],[102.86012639188357,16.50213067867764],[102.86054259081644,16.501981626824197],[102.8609053994505,16.501860707166372],[102.86098949080463,16.501864903630917],[102.86130979206877,16.501770330580552],[102.86141325922632,16.501741922850073],[102.86159013229981,16.50169369519557],[102.86181725245662,16.50163541797855],[102.86181108328,16.501567526389],[102.86247913077678,16.50129303813836],[102.86262061576204,16.50126613050674],[102.86279943886653,16.501250168031536],[102.86279943886653,16.501250168031536],[102.86281672541493,16.501250344792197],[102.86301006607653,16.50127678441312],[102.86313259909852,16.50129638426195],[102.86334401253636,16.501356366650896],[102.86342386883443,16.50137886588581],[102.86354489922809,16.501377879191473],[102.86354665533194,16.501280289366484],[102.86400357116645,16.50132665725937],[102.86427177778263,16.501338085124974],[102.86470816738922,16.50136773634158],[102.8651517790525,16.501395723013843],[102.86568728318144,16.50141943490841],[102.86620400803349,16.50149929751411],[102.86643486279188,16.501617029390296],[102.86662044370584,16.501693578270636],[102.8666696813436,16.501694080848946],[102.86668674528383,16.501741762446198],[102.86733531655437,16.505145163029166],[102.86805000295298,16.50540695991922],[102.87112549162343,16.506578495543515],[102.87523444944799,16.508298356083166],[102.87629550291062,16.50873331938054],[102.87647098854247,16.50876903712402],[102.87654851350136,16.508756251458003],[102.87842340111827,16.508429171146055],[102.87849748281661,16.508409562947403],[102.8799996192828,16.507427147709308],[102.8800340875523,16.507491972236693],[102.8805337097007,16.50812482204848],[102.88089453123173,16.50826082504757],[102.88089378518914,16.507845124500275],[102.88115952854237,16.50766796871147],[102.88138839982959,16.50764653566422],[102.88176683797394,16.50745694803156],[102.88181787694514,16.50734613615999],[102.8818352893028,16.50730833175742],[102.8819699711162,16.507053494270515],[102.88178434063659,16.50698035080886],[102.88210161251307,16.506593324246875],[102.88189450071408,16.506070335778166],[102.88243497977685,16.505858635078525],[102.8828286717893,16.505882984819294],[102.88273877503082,16.505578363222952],[102.88302749119464,16.504905998416792],[102.88355508396076,16.504746761754838],[102.88329444264768,16.504455681362426],[102.88323620353172,16.50431256791945],[102.88336905316041,16.50357923857569],[102.88347644752278,16.503407261926995],[102.88370938458499,16.50333496566347],[102.88381392080811,16.50294069091165],[102.88428465012507,16.502996358120516],[102.88447709928823,16.502280597898263],[102.88419257825464,16.501921408663677],[102.88428882371436,16.50164242580147],[102.88526480271682,16.501754522636457],[102.88545517705045,16.50162711627974],[102.88543744550125,16.50144962077618],[102.8851254361632,16.501283374862176],[102.88495057791069,16.50073551665447],[102.88477263957286,16.500564139677945],[102.88529446746156,16.500705186380998],[102.88591323390015,16.500717698106712],[102.88594791190825,16.500184526051143],[102.8861187178683,16.499915107724554],[102.88720154592993,16.500468522010305],[102.88722517603568,16.500190393891245],[102.8875214121083,16.500113854548584],[102.8875098325822,16.499914903933323],[102.88771849639737,16.499678412313642],[102.88769722454302,16.49942302754945],[102.88761573066103,16.49933604279494],[102.88766270111692,16.498806294462188],[102.8874536450585,16.498446281362128],[102.88730730785528,16.49863700826298],[102.8873651386775,16.498372481264198],[102.8874090872823,16.498121069510198],[102.88765087122334,16.49799758482623],[102.88767606528738,16.497258841018642],[102.88783412486414,16.49725381021557],[102.88802854354155,16.497063568496724],[102.88802563043086,16.49669901062598],[102.88792424963522,16.496545547281457],[102.88776952682457,16.49626853321865],[102.88772832747206,16.496013609869195],[102.88815263679697,16.496213018457528],[102.88842404790988,16.496321804531917],[102.88875665875469,16.496057931023564],[102.88874954406583,16.4954979432197],[102.88877262905609,16.49539637342465],[102.88889474211217,16.49528519908061],[102.88936972858359,16.494865815636143],[102.88980031929553,16.494891370814273],[102.89013045269063,16.495666708411164],[102.89025688346038,16.495765545438196],[102.89046607721912,16.49553011596121],[102.89030783370603,16.49512130729365],[102.89016335894385,16.49506470616417],[102.89013928116765,16.494852373642058],[102.89044917106995,16.494656136287794],[102.89098321163573,16.494848247478057],[102.89122966481004,16.494695992658226],[102.89119825550732,16.4944784960387],[102.89145619737742,16.494304638762905],[102.89151700852686,16.494209507471762],[102.89143784403105,16.4938726682066],[102.89115306895802,16.493404508858898],[102.89100696947742,16.493063469543895],[102.8908346919724,16.492665767658767],[102.89073354220477,16.492447378299527],[102.89036484872342,16.49140733734924],[102.89003604690292,16.49027296493013],[102.88986872187964,16.48986969105121],[102.88964640263144,16.489260049546544],[102.88938706994041,16.488705252436024],[102.88925036245344,16.488357505272884],[102.88912160018256,16.488025206920078],[102.88783875957643,16.488364729071183],[102.88758011392056,16.488437985890688],[102.88633785231414,16.488825952637036],[102.88532859605886,16.48914392746171],[102.88417802215872,16.48950810596635],[102.88359451503204,16.489689227286426],[102.88265685210142,16.489981446885338],[102.88203115185743,16.490174487062017],[102.88119992442743,16.4904324897604],[102.87946990403924,16.4909389774835],[102.87794471191047,16.491443999715102],[102.8765736283712,16.491844971818285],[102.87641876814267,16.492493679154013],[102.87641340544722,16.49290469331513],[102.87633471979606,16.493272584583824],[102.87628970872481,16.493613695753055],[102.8764850455031,16.49398776026975],[102.87662551519932,16.493995967327947],[102.87658810476411,16.494284606788383],[102.8767090467068,16.494633336298225],[102.87651676010819,16.494704274021267],[102.87623110406746,16.49471747638719],[102.8759164330594,16.49473292628833],[102.87573507548099,16.494768376601538],[102.8755766302886,16.49479727904723],[102.87490664041538,16.49493031838192],[102.87470764051083,16.49497236895147],[102.87427100936252,16.495054381603993],[102.87364776794814,16.49517009317922],[102.87296033785381,16.495291082738788],[102.87254928125519,16.49536402862846],[102.8721610999602,16.495433816238446],[102.8718732601876,16.49548597811303],[102.87172274761231,16.49551241556588],[102.871455157273,16.49556054515874],[102.87107575946061,16.495630420087746],[102.87056963043501,16.49572104015511],[102.87013392168278,16.495798815369437],[102.86962779205626,16.4958894330511],[102.86953971058556,16.495910572085165],[102.8695308523372,16.495917262303923],[102.86916210574574,16.495977071414515],[102.86873000263749,16.49604640471928],[102.86832341942664,16.49611175950006],[102.86822143187364,16.496119195200823],[102.86824851956625,16.496212703016255],[102.86831125977494,16.49633962920187],[102.86848564914393,16.496699925226633],[102.86854550378239,16.49684970607561],[102.8686067068828,16.49703679331394],[102.86860315612415,16.497040147354003],[102.8685203445022,16.49706133961574],[102.86830382929939,16.497098119748298],[102.86808663061703,16.497117093917446],[102.8678157283684,16.497146538413293],[102.86766540002898,16.497156023422708],[102.86752590587709,16.497219015099475],[102.86743939472811,16.49725712036765],[102.86725932650066,16.497334954022815],[102.86715339739685,16.49738133665565],[102.86709329409256,16.4974146258295],[102.8669979058109,16.497461115919137],[102.8669369333411,16.497493548614536],[102.86682233149374,16.497529671855983],[102.86665842724562,16.49757546262255],[102.86648394486438,16.497624535531394],[102.86646802200438,16.497634543736698],[102.86639308779453,16.497658358174025],[102.86624321932877,16.49770598696147],[102.86607557815596,16.497772080512643],[102.86594607096715,16.497805508409233],[102.86577883862864,16.49783431328479],[102.86561674656657,16.497875036326406],[102.8653834940068,16.497915880173725],[102.86533245330027,16.497923834568823],[102.86525509750535,16.49792812999396],[102.86518125534727,16.49793246127186],[102.86501781545924,16.497935877487127],[102.86488696040885,16.497931998357377],[102.86485012302808,16.49792653676295],[102.8648115102332,16.49792275214516],[102.86470795098593,16.497913218790963],[102.8646622923291,16.497911057293454],[102.86462732338569,16.497895444046193],[102.86454138814955,16.497881005286576],[102.86439416897046,16.497847294151686],[102.86418897492172,16.49781299060687],[102.863992472017,16.49778725125242],[102.86392850172415,16.49772946830919],[102.86352402182438,16.49759675988892],[102.86325209951673,16.497528954246345],[102.86322475674702,16.497507984536508],[102.863030164376,16.49737298683405],[102.86295136184167,16.497295331861555],[102.86286053329638,16.49719686369598],[102.86283045189259,16.497146308476243],[102.86270912012789,16.497035705435973],[102.86262377951088,16.496856010260338],[102.86248937146901,16.49654132691589],[102.86181740245387,16.49663495079158],[102.86111470249355,16.496737125261316],[102.86111007990155,16.496878953695877],[102.86079548925406,16.496930416123817],[102.86048544472625,16.496986358199752],[102.86016050600458,16.497003722688007],[102.85986726076183,16.49706426937799],[102.85951680766206,16.49717299964001],[102.85924622804914,16.497261857018202],[102.85914820195269,16.497260853188944],[102.85897191499474,16.497272348652626],[102.85872352630463,16.49729345055164],[102.85847826596451,16.497308672715775],[102.85824509623237,16.49733879715405],[102.85799296096712,16.497421930303215],[102.85775629091606,16.49763084049812],[102.85719329923116,16.49812163439882],[102.85692324185142,16.498441041352493],[102.85674726477959,16.49856337811388],[102.85649092454778,16.498749916859417],[102.8560167786432,16.499101220462734],[102.85600069200358,16.499385432244544],[102.85576143293395,16.499466299999625],[102.85532653533562,16.500371713757026],[102.85558338102396,16.500732633322517],[102.85561142027812,16.50100954980886]]]},"properties":{"id":"v01","number":1,"label":"หมู่ 1 บ้านศิลา","name":"บ้านศิลา","populationReported":1172,"male":575,"female":597,"populationYearBE":2569,"populationDiscrepancy":0,"populationStatus":"source_reported_owner_reconciliation_pending","sourceRecordCount":2,"sourceFolder":"ขอบเขต28หมู่บ้าน","boundaryStatus":"source_supplied_owner_validation_pending"}},{"type":"Feature","id":"v02","geometry":{"type":"Polygon","coordinates":[[[102.83011276184583,16.494655019256903],[102.83010422345326,16.494735967308486],[102.83014784639872,16.495411971141284],[102.83016280329787,16.495645659297566],[102.83020375074672,16.496150721661827],[102.82972601045955,16.496332147092183],[102.82970698092235,16.4962582798757],[102.8290620568073,16.496504270752183],[102.82846596263256,16.496753713453554],[102.82799461846032,16.49692590184382],[102.82771946924565,16.496523984386226],[102.82699949498468,16.495785831714848],[102.82695865697296,16.495791027791288],[102.82691945062233,16.495650106746652],[102.82691995266893,16.495605147634578],[102.82638574473351,16.495447839797013],[102.82605190453069,16.49534600932726],[102.82575583315864,16.495253001944626],[102.82540765099849,16.49513134948807],[102.8251068230535,16.49494274266859],[102.82480743210506,16.494886232999153],[102.82478460681041,16.494926913023157],[102.82478156995197,16.49586573554125],[102.82475468220392,16.496770136968014],[102.82471124429534,16.49748731472689],[102.8250929071863,16.49753265297466],[102.82507141250653,16.49778782643547],[102.82502009323304,16.498042689574458],[102.82501588270918,16.498085811468535],[102.82502313780884,16.4981038726639],[102.82523727500464,16.49829315194957],[102.82553659551047,16.498533677175093],[102.82560658478263,16.49860994521475],[102.82577253450623,16.498940809962832],[102.82585502479441,16.499233036566206],[102.82592682268537,16.49963710228237],[102.82583291632382,16.499641613334752],[102.82582273183857,16.49984554107031],[102.8257724531801,16.499962020638755],[102.82541446021276,16.500310887479937],[102.82514614436187,16.500443326907266],[102.82484012678371,16.5005491182905],[102.82458946883065,16.50070977149085],[102.82442553880314,16.501371205836932],[102.82446280477978,16.501864245853476],[102.824346996378,16.50268148136273],[102.82417215434539,16.50349359702178],[102.82389215531934,16.504688816334482],[102.82365218630306,16.505466881929163],[102.82355854559678,16.50648248617461],[102.82335483505707,16.50734263056391],[102.82297499425016,16.510233789997372],[102.82284480623494,16.51077185921655],[102.82709397640406,16.511272167673617],[102.82982287352561,16.511318350867388],[102.82983367958495,16.511012042900436],[102.83047593605374,16.51104721833415],[102.83058767892557,16.51096286616513],[102.83058172417763,16.510834535334894],[102.83142547192978,16.5100237992158],[102.83125731808487,16.50941422885662],[102.83229883550467,16.509206240093597],[102.83290129916685,16.509497532915244],[102.83288001352703,16.511738459333802],[102.83287103627381,16.513206335211088],[102.8328660261333,16.51531203457857],[102.83267039416029,16.5186129331882],[102.83320942905493,16.51863277943395],[102.8332217412226,16.51819109140743],[102.83324453541668,16.518134319438513],[102.83542902913534,16.51865223684971],[102.83584146773497,16.518763402902046],[102.8358404360975,16.518856031135936],[102.83667889796911,16.519185392844374],[102.8366318832043,16.5194271922646],[102.83700366505373,16.519872860558888],[102.83782131029484,16.51941813404536],[102.83785602162953,16.519618023687784],[102.83803988580264,16.51969118831991],[102.83812280646255,16.51987376191198],[102.83878240550251,16.519681059981465],[102.83917364097317,16.51970648739697],[102.83945305229425,16.519823396130512],[102.83955344981257,16.52009522620849],[102.83973874121281,16.52004013467759],[102.83977145515831,16.51975542969441],[102.84026332728635,16.520031309333945],[102.84027348558827,16.519782001322966],[102.84056123443267,16.51981348182073],[102.8408470039474,16.520023093723342],[102.84100211643705,16.520024697670575],[102.84103404847833,16.520142608353353],[102.84137350232405,16.52017462242787],[102.84164386746939,16.520441082869244],[102.8421792441536,16.520125942249734],[102.8423521082405,16.51919421001249],[102.84261746073413,16.519246834479414],[102.84260596062987,16.519617272738287],[102.84279776717209,16.519640632739478],[102.84280148510902,16.51930574452562],[102.84344345992011,16.51936938468296],[102.84367847854998,16.519130413640998],[102.8436585134734,16.51913389111926],[102.84451757079171,16.513873054377314],[102.84404891414313,16.513813338874247],[102.84466423026939,16.509624227251262],[102.84401809417706,16.509539358295477],[102.84331425789948,16.50952797769945],[102.84251782569932,16.5095307300858],[102.84252462227428,16.50968720386956],[102.84232363255094,16.50998558762175],[102.84209034755675,16.51024659456713],[102.84182828712845,16.510537487039063],[102.8417140463777,16.51070780187064],[102.84124677159886,16.511292916553746],[102.83991049839538,16.511371024288152],[102.83965852914046,16.510881373175327],[102.83912756524566,16.51003075497239],[102.83866090215052,16.509315440247402],[102.8381957198429,16.508782236098106],[102.83956141728592,16.506822113588935],[102.839590709929,16.50674558673669],[102.83896332036429,16.506469098690978],[102.83792366493529,16.506006693537625],[102.83749627938073,16.505818428515752],[102.83667548515973,16.5054559674365],[102.83697538470716,16.504447939234833],[102.83719650568185,16.50451333796397],[102.83791030080691,16.504906244690297],[102.8384989940558,16.5051675191719],[102.8393632378497,16.505331488473463],[102.84036696708874,16.50574110490861],[102.84038012027172,16.50583727806127],[102.84101259474865,16.505742288820077],[102.8409916044064,16.50545533216763],[102.84144430268194,16.505413362346207],[102.84143075309859,16.505352856095044],[102.84140166269113,16.505154993206023],[102.84139682753167,16.50507811344221],[102.84138177393318,16.504896859084507],[102.84134162014244,16.50467075670817],[102.84132256734037,16.504305275268752],[102.84128566413919,16.503946469237654],[102.84123236452314,16.503623507808236],[102.84120109412935,16.503558016634518],[102.84115096887922,16.50326938701732],[102.84114832757648,16.50318704207023],[102.84106865249026,16.502838083897768],[102.84102590359274,16.50252552115563],[102.84099115470819,16.50245313423214],[102.84097551222699,16.50226089809723],[102.84099381922732,16.50221306857999],[102.84042346633102,16.501869330564585],[102.83987429863278,16.501699020135117],[102.83978558079441,16.501684383579335],[102.83963337159325,16.501624502013534],[102.83945837379444,16.501375740282285],[102.83939071211857,16.50122584019716],[102.83921047189624,16.50080895905146],[102.83908141479388,16.500425191025954],[102.83887963884652,16.499546765628647],[102.83889515312451,16.499430309452148],[102.83886346501404,16.499402542637004],[102.8388224078714,16.49925806237562],[102.83874727708694,16.498660483115007],[102.8387647781981,16.498525183036115],[102.83887859444634,16.49796042630231],[102.8390330510731,16.49765761940159],[102.83912516462672,16.497566393006217],[102.83947947858452,16.497274226179623],[102.83998270788688,16.496777803187037],[102.84015737109652,16.496455910708068],[102.84029117748521,16.496011405658194],[102.84076614160092,16.495058082182997],[102.8409634035236,16.493955559821003],[102.84099857815264,16.49147455474108],[102.84119266371701,16.490538660094042],[102.84112229903575,16.48949051861757],[102.84051449431571,16.486466201921],[102.83920768788226,16.48696965797803],[102.83800728286818,16.487205461480126],[102.8328460012078,16.487685234348803],[102.83228274126606,16.487618935499498],[102.83230983071408,16.494954068361025],[102.83168904719447,16.49497562848401],[102.8306326616542,16.494801123412465],[102.83047641572166,16.49477519116894],[102.83011276184583,16.494655019256903]]]},"properties":{"id":"v02","number":2,"label":"หมู่ 2 บ้านหนองกุง","name":"บ้านหนองกุง","populationReported":7064,"male":3170,"female":3894,"populationYearBE":2569,"populationDiscrepancy":0,"populationStatus":"source_reported_owner_reconciliation_pending","sourceRecordCount":1,"sourceFolder":"ขอบเขต28หมู่บ้าน","boundaryStatus":"source_supplied_owner_validation_pending"}},{"type":"Feature","id":"v03","geometry":{"type":"Polygon","coordinates":[[[102.83228150821009,16.488600210408382],[102.82570287475983,16.488727485236097],[102.82179623242375,16.488782910523906],[102.82105054236295,16.488937658866963],[102.82026630519933,16.48923456827311],[102.81877428126282,16.48978038772285],[102.81585215146205,16.490246694954884],[102.81585026031584,16.490288079806103],[102.81457105728353,16.490591162787446],[102.81418425099885,16.490656550560146],[102.81364365093478,16.490613861194852],[102.81238360555444,16.490590717042224],[102.8118549144788,16.490754621739615],[102.81065063255646,16.491743681847872],[102.80869789440005,16.493375224961333],[102.8066466583016,16.495035613045996],[102.8042461151214,16.497208088704628],[102.80097713605824,16.50011890221026],[102.801484924416,16.500611219154884],[102.8017879017633,16.500855411153733],[102.80265046100436,16.501567713415042],[102.80317874203129,16.502001321386473],[102.80353527363376,16.501465504102253],[102.80388720742418,16.501667042786515],[102.80372123116906,16.50233256029672],[102.80325318897307,16.502507495984045],[102.80442160149903,16.505357884916712],[102.80482308136779,16.505630086852822],[102.80510852575064,16.505776969368657],[102.80579278008632,16.506102499214464],[102.80611706750747,16.50627676665484],[102.80652842002945,16.506500508539027],[102.80735175530398,16.50705770844346],[102.80805591639307,16.507271930390754],[102.80901848019165,16.50755180938076],[102.81027180733349,16.507838328920474],[102.81441096480675,16.50880253101572],[102.8176817419233,16.509568736858945],[102.82277289661036,16.510769343270837],[102.82283434778893,16.510771189387853],[102.82284476485492,16.510771830515818],[102.8228448318491,16.510771753352838],[102.82297499425016,16.510233789997372],[102.82335483505707,16.50734263056391],[102.82355854559678,16.50648248617461],[102.82365218630306,16.505466881929163],[102.82389215531934,16.504688816334482],[102.82417215434539,16.50349359702178],[102.824346996378,16.50268148136273],[102.82446280477978,16.501864245853476],[102.82442553880314,16.501371205836932],[102.82458946883065,16.50070977149085],[102.82484012678371,16.5005491182905],[102.82514614436187,16.500443326907266],[102.82541446021276,16.500310887479937],[102.8257724531801,16.499962020638755],[102.82582273183857,16.49984554107031],[102.82583291632382,16.499641613334752],[102.82592682268537,16.49963710228237],[102.82585502479441,16.499233036566206],[102.82577253450623,16.498940809962832],[102.82560658478263,16.49860994521475],[102.82553659551047,16.498533677175093],[102.82523727500464,16.49829315194957],[102.82502313780884,16.4981038726639],[102.82501588270918,16.498085811468535],[102.82502009323304,16.498042689574458],[102.82507141250653,16.49778782643547],[102.8250929071863,16.49753265297466],[102.82471124429534,16.49748731472689],[102.82475468220392,16.496770136968014],[102.82478156995197,16.49586573554125],[102.82478460681041,16.494926913023157],[102.82480743210506,16.494886232999153],[102.8251068230535,16.49494274266859],[102.82540765099849,16.49513134948807],[102.82575583315864,16.495253001944626],[102.82605190453069,16.49534600932726],[102.82638574473351,16.495447839797013],[102.82691995266893,16.495605147634578],[102.82691945062233,16.495650106746652],[102.82695865697296,16.495791027791288],[102.82699949498468,16.495785831714848],[102.82771946924565,16.496523984386226],[102.82799461846032,16.49692590184382],[102.82846596263256,16.496753713453554],[102.8290620568073,16.496504270752183],[102.82970698092235,16.4962582798757],[102.82972601045955,16.496332147092183],[102.83020375074672,16.496150721661827],[102.83016280329787,16.495645659297566],[102.83014784639872,16.495411971141284],[102.83010422345326,16.494735967308486],[102.83011276184583,16.494655019256903],[102.83047641572166,16.49477519116894],[102.8306326616542,16.494801123412465],[102.83168904719447,16.49497562848401],[102.83230983071408,16.494954068361025],[102.8322864016387,16.48861007122244],[102.83228150821009,16.488600210408382]]]},"properties":{"id":"v03","number":3,"label":"หมู่ 3 บ้านโนนม่วง","name":"บ้านโนนม่วง","populationReported":3995,"male":1877,"female":2118,"populationYearBE":2569,"populationDiscrepancy":0,"populationStatus":"source_reported_owner_reconciliation_pending","sourceRecordCount":1,"sourceFolder":"ขอบเขต28หมู่บ้าน","boundaryStatus":"source_supplied_owner_validation_pending"}},{"type":"Feature","id":"v04","geometry":{"type":"Polygon","coordinates":[[[102.88446875581323,16.52177243287288],[102.8848720069806,16.521776518526508],[102.88616345293916,16.52179877340116],[102.88654391895614,16.521798954949414],[102.88665780728918,16.52182212890761],[102.88795076394987,16.521530586883653],[102.88807714223952,16.52145479130175],[102.8910999271439,16.520756811924887],[102.89148664840327,16.521582841573736],[102.89291056505343,16.520967777716468],[102.89319716592357,16.521554231594106],[102.89397495403693,16.523158616011205],[102.89538088924938,16.522447929053996],[102.89588518250159,16.523486174681416],[102.89615865934103,16.524055977495774],[102.89690456090369,16.52562149572641],[102.89797486601275,16.525162489923666],[102.89833992534325,16.52518084652439],[102.89863081969638,16.525196620804312],[102.89934262590357,16.525519423243527],[102.89966869027039,16.52562547023877],[102.90029599262863,16.525846488609577],[102.90038115665325,16.525711547399553],[102.90047214423946,16.525741824288097],[102.90076076098592,16.525792439816865],[102.90155625121795,16.525941741667033],[102.90154091658235,16.52560025752748],[102.90199680808162,16.52531122282585],[102.90236272110899,16.525074500970607],[102.90231766320898,16.525018994941746],[102.90277791135364,16.52467861898519],[102.90281635114064,16.524642302991587],[102.90287416927319,16.524573149705322],[102.9032198521586,16.524976675967874],[102.90354142383053,16.525675412258153],[102.90390283735826,16.52532670069136],[102.90432722130953,16.525136440022226],[102.90459518997557,16.524984980797655],[102.90489963617404,16.52480269040586],[102.90444498732035,16.524095279541232],[102.90415060220307,16.523697775517096],[102.90374228344028,16.52314500399174],[102.90299099470819,16.522241820063705],[102.90246593668472,16.521531780793044],[102.9019947920846,16.520917953371022],[102.90145934052566,16.52047214637808],[102.90103839665275,16.519816451957716],[102.90025058518727,16.51895887659513],[102.89983505393232,16.518683101972826],[102.89959243773745,16.518425581924678],[102.89920781846646,16.518106074626168],[102.89886447393636,16.517664029934206],[102.89852248013953,16.517097211226652],[102.89838989433109,16.516692153751332],[102.89830036258957,16.51635175821176],[102.89829145019993,16.516120445209985],[102.89837268718979,16.51599647552573],[102.89856456257208,16.515844257373704],[102.89914877915864,16.516000613665554],[102.89970856711638,16.51612919614149],[102.9000349338333,16.516205882336216],[102.90025783449649,16.516351261902763],[102.90051481466139,16.51651166472998],[102.90085376386025,16.516656375233286],[102.90132009486594,16.516807870697104],[102.90178969573084,16.516832775522538],[102.90198105471389,16.516728261693345],[102.90241207803062,16.516626154981445],[102.90262570726047,16.51657324725815],[102.90288906816821,16.516495147153368],[102.90320538906063,16.51626893446975],[102.90346327871572,16.51599258667302],[102.90362784424582,16.515550141748562],[102.90377740758728,16.51491118912313],[102.90377875323956,16.51478641506063],[102.90379777407203,16.51478660596075],[102.90383596920432,16.514419967018004],[102.90393906167223,16.513327275107255],[102.90388259318027,16.513271655097057],[102.90388773746062,16.512794577683323],[102.90403563493722,16.512309757102013],[102.90423459030562,16.51185297525356],[102.9041690272333,16.511758726752284],[102.90401602030482,16.51112958326935],[102.90384951058857,16.511047167634032],[102.9027597983961,16.511197720306647],[102.90232756008025,16.511413593709197],[102.90194380489099,16.511896044000114],[102.90169023851168,16.512124720931283],[102.90140903297726,16.512622880881867],[102.90043141258785,16.51331406818689],[102.89801554882798,16.513664132353497],[102.89646671987933,16.514226597902503],[102.8958154179585,16.514293441665],[102.89549157476885,16.514159886591464],[102.89509876641705,16.513895343767526],[102.8949532668518,16.513629622650182],[102.89496572346073,16.51318198311076],[102.89514716454046,16.51276357296316],[102.89533305936219,16.512460818942543],[102.89538691272084,16.5124063084419],[102.89560616967238,16.512184634779068],[102.89574242661536,16.51207406608244],[102.89609133957265,16.511824336184137],[102.89622804853168,16.51184773427612],[102.89647203440329,16.511450138528318],[102.89649664570008,16.511285226938632],[102.89658008867339,16.510781413340098],[102.89656051993973,16.510480259121742],[102.89655444407548,16.51016272481077],[102.89639123454778,16.509775709474848],[102.8961062009641,16.50922047278903],[102.89579513636386,16.508609920563057],[102.89568147659561,16.508390398422097],[102.89591788208685,16.507462381296897],[102.89617212298177,16.507050953616936],[102.89616734203778,16.506162999112515],[102.89633093872479,16.506140401451947],[102.89629958329972,16.505554171567503],[102.89621794578066,16.505163413675113],[102.89616843227023,16.505094221804747],[102.89580336405629,16.5045753457733],[102.89566682869419,16.504032505505286],[102.89568195401185,16.503602313992307],[102.89568505745387,16.50331544935474],[102.89568937658386,16.50330337048243],[102.89569287333627,16.50298014271034],[102.89566060130792,16.50247876013917],[102.89553910611947,16.502481577596345],[102.89512440853261,16.502485483063488],[102.89494887947384,16.502480116369792],[102.89436846619364,16.50244270096736],[102.89382541708439,16.502354361502455],[102.89292693937394,16.502226922991955],[102.89291901617813,16.502203166659047],[102.89121204160728,16.501949186248524],[102.88972178946389,16.501701326692707],[102.88821897322457,16.50148095240214],[102.8886267712619,16.498955643260672],[102.88767949543937,16.498804014850055],[102.88766173368244,16.49880462845408],[102.88766270111692,16.498806294462188],[102.88761573066103,16.49933604279494],[102.88769722454302,16.49942302754945],[102.88771849639737,16.499678412313642],[102.8875098325822,16.499914903933323],[102.8875214121083,16.500113854548584],[102.88722517603568,16.500190393891245],[102.88720154592993,16.500468522010305],[102.8861187178683,16.499915107724554],[102.88594791190825,16.500184526051143],[102.88591323390015,16.500717698106712],[102.88529446746156,16.500705186380998],[102.88477263957286,16.500564139677945],[102.88495057791069,16.50073551665447],[102.8851254361632,16.501283374862176],[102.88543744550125,16.50144962077618],[102.88545517705045,16.50162711627974],[102.88526480271682,16.501754522636457],[102.88428882371436,16.50164242580147],[102.88419257825464,16.501921408663677],[102.88447709928823,16.502280597898263],[102.88428465012507,16.502996358120516],[102.88381392080811,16.50294069091165],[102.88370938458499,16.50333496566347],[102.88347644752278,16.503407261926995],[102.88336905316041,16.50357923857569],[102.88323620353172,16.50431256791945],[102.88329444264768,16.504455681362426],[102.88355508396076,16.504746761754838],[102.88302749119464,16.504905998416792],[102.88273877503082,16.505578363222952],[102.8828286717893,16.505882984819294],[102.88243497977685,16.505858635078525],[102.88189450071408,16.506070335778166],[102.88210161251307,16.506593324246875],[102.88178434063659,16.50698035080886],[102.8819699711162,16.507053494270515],[102.8818352893028,16.50730833175742],[102.88181787694514,16.50734613615999],[102.88211370479827,16.50762754064239],[102.88221265164023,16.507799207035326],[102.88236815693509,16.50889082722401],[102.88231571083354,16.509339892885382],[102.88225990002807,16.50974855238907],[102.88222158672723,16.51012252249476],[102.88217334977774,16.510883596047513],[102.88212691720057,16.511828196818286],[102.88224005782708,16.51296709982583],[102.88227830753827,16.51347213741712],[102.88206527862937,16.513469977464492],[102.8820332010128,16.513271462494256],[102.88194939122238,16.513281623201703],[102.88192501254876,16.513773180051636],[102.88190460020748,16.514424429884745],[102.8818592431465,16.51526994616914],[102.88189728436777,16.51527033196921],[102.88189488482786,16.515490518368132],[102.88188403474672,16.51561335932054],[102.88186602331592,16.51621875613359],[102.88186107051565,16.51719680845219],[102.88299623288762,16.517243185764755],[102.88402499976269,16.51727746838448],[102.8839960411366,16.51871405133234],[102.88397586127282,16.518820282120434],[102.88393096062691,16.520148432896672],[102.88375596639584,16.52014665935394],[102.8836855203269,16.521748939393085],[102.88446875581323,16.52177243287288]]]},"properties":{"id":"v04","number":4,"label":"หมู่ 4 บ้านห้วยชัน","name":"บ้านห้วยชัน","populationReported":753,"male":365,"female":388,"populationYearBE":2569,"populationDiscrepancy":0,"populationStatus":"source_reported_owner_reconciliation_pending","sourceRecordCount":1,"sourceFolder":"ขอบเขต28หมู่บ้าน","boundaryStatus":"source_supplied_owner_validation_pending"}},{"type":"Feature","id":"v05","geometry":{"type":"Polygon","coordinates":[[[102.89617227499845,16.507062123917976],[102.8967179056588,16.506958515712345],[102.89723534925633,16.5071374776123],[102.89755848179374,16.50746803323795],[102.89935600091492,16.50818516994366],[102.90045819500256,16.507547700778975],[102.90046281933272,16.507507339284064],[102.90099747555082,16.506674245543845],[102.90100137764928,16.50611867504923],[102.9006868546285,16.505184111627955],[102.90066762614349,16.50250284905402],[102.90077649113557,16.502312004607866],[102.90096880495771,16.501374450314973],[102.90109566472424,16.501262581893855],[102.90111483752864,16.501232468427872],[102.901155493398,16.50095810229313],[102.90131022646139,16.50059194316316],[102.90052741506297,16.49975394628852],[102.90050382717496,16.49967639344106],[102.90083747788498,16.499471859748773],[102.90067700326688,16.49872277578013],[102.8991808496493,16.49861278641293],[102.89833511382271,16.49851369137014],[102.89774110026451,16.49850741806792],[102.89779860448996,16.498039240766683],[102.89783764868481,16.497914368788475],[102.89777321787251,16.497675314054106],[102.89745679879148,16.496918524009043],[102.89730837291538,16.496506890743614],[102.89719159656154,16.49607335139337],[102.89708777706774,16.49560357520371],[102.89706786560237,16.495314458242415],[102.89732655370162,16.495018041262526],[102.89744811107397,16.49481520359835],[102.8975086174555,16.49464205789546],[102.8975258052047,16.49460182278635],[102.89759665109388,16.494246945261086],[102.89769515286692,16.494045895935372],[102.89785117304046,16.493366590579512],[102.89785800019119,16.493316149273447],[102.89805971318421,16.492865607905824],[102.8982293406275,16.492477376084974],[102.89829525478052,16.49180322553617],[102.89846933005339,16.49139079325644],[102.89852110968545,16.491249885686077],[102.89878615790244,16.490751489998647],[102.8990176398737,16.490840692826577],[102.89902649501832,16.490796333002386],[102.89906038938237,16.490760306321683],[102.89918327269629,16.490628194409553],[102.8997998726789,16.490541449084457],[102.9001310089786,16.49051648861821],[102.89990709058337,16.489920242458506],[102.89903388321972,16.489529616764486],[102.8988957759158,16.48952014776114],[102.89802361946388,16.48825671659105],[102.89736107284332,16.487751018862184],[102.89717986852071,16.48785425790217],[102.89664655272158,16.487598366276902],[102.89567793616328,16.48770580669963],[102.89429861088105,16.48725754044889],[102.8933069598865,16.4865909272272],[102.89316749186315,16.48612685239804],[102.89338645454485,16.485823978130483],[102.89373082977451,16.485602302909353],[102.89284468649261,16.485057017210202],[102.89237202151155,16.4848640120345],[102.89224081189417,16.484969361449515],[102.89210396538095,16.48559546122203],[102.89242104003252,16.48574297610598],[102.8922602872587,16.48617431670305],[102.89210421997498,16.486172744091792],[102.89191101989631,16.486597482530726],[102.89208834438996,16.48703850451222],[102.8920250212931,16.48778142837468],[102.89216158128612,16.48778280459793],[102.89186324643407,16.48830687977958],[102.89185425450079,16.48883700836791],[102.89210773141718,16.48885211270564],[102.89206687996099,16.489021120161738],[102.89177526866693,16.488924059179993],[102.89140268055111,16.489698376121403],[102.89139932716034,16.489707754484332],[102.89167745785987,16.4898486036703],[102.89151676693851,16.49027366885768],[102.89119148416934,16.490282938697078],[102.89107008133438,16.490683300420983],[102.89089903337731,16.49086354405759],[102.89106668282642,16.49099700513972],[102.89123014038262,16.49091708131106],[102.89127693076091,16.491400711209554],[102.8913139327546,16.49188737978942],[102.89201394579153,16.492107779974344],[102.89220083434219,16.492266533397803],[102.89237376608396,16.492512992981943],[102.89255095953934,16.492966563280355],[102.89250942781092,16.493198311693735],[102.89235974642945,16.493507404794805],[102.89228698992186,16.493619617510095],[102.89205970256953,16.494188331448683],[102.89151700852686,16.494209507471762],[102.89145619737742,16.494304638762905],[102.89119825550732,16.4944784960387],[102.89122966481004,16.494695992658226],[102.89098321163573,16.494848247478057],[102.89044917106995,16.494656136287794],[102.89013928116765,16.494852373642058],[102.89016335894385,16.49506470616417],[102.89030783370603,16.49512130729365],[102.89046607721912,16.49553011596121],[102.89025688346038,16.495765545438196],[102.89013045269063,16.495666708411164],[102.88980031929553,16.494891370814273],[102.88936972858359,16.494865815636143],[102.88889474211217,16.49528519908061],[102.88877262905609,16.49539637342465],[102.88874954406583,16.4954979432197],[102.88875665875469,16.496057931023564],[102.88842404790988,16.496321804531917],[102.88815263679697,16.496213018457528],[102.88772832747206,16.496013609869195],[102.88776952682457,16.49626853321865],[102.88792424963522,16.496545547281457],[102.88802563043086,16.49669901062598],[102.88802854354155,16.497063568496724],[102.88783412486414,16.49725381021557],[102.88767606528738,16.497258841018642],[102.88765087122334,16.49799758482623],[102.8874090872823,16.498121069510198],[102.8873651386775,16.498372481264198],[102.88730730785528,16.49863700826298],[102.8874536450585,16.498446281362128],[102.88766173368244,16.49880462845408],[102.88767949543937,16.498804014850055],[102.8886267712619,16.498955643260672],[102.88821897322457,16.50148095240214],[102.88972178946389,16.501701326692707],[102.89121204160728,16.501949186248524],[102.89291901617813,16.502203166659047],[102.89292693937394,16.502226922991955],[102.89382541708439,16.502354361502455],[102.89436846619364,16.50244270096736],[102.89494887947384,16.502480116369792],[102.89512440853261,16.502485483063488],[102.89553910611947,16.502481577596345],[102.89566060130792,16.50247876013917],[102.89569287333627,16.50298014271034],[102.89568937658386,16.50330337048243],[102.89568505745387,16.50331544935474],[102.89568195401185,16.503602313992307],[102.89566682869419,16.504032505505286],[102.89580336405629,16.5045753457733],[102.89616843227023,16.505094221804747],[102.89621794578066,16.505163413675113],[102.89629958329972,16.505554171567503],[102.89633093872479,16.506140401451947],[102.89616734203778,16.506162999112515],[102.89617212298177,16.507050953616936],[102.89617209629752,16.50705099679896],[102.89617227499845,16.507062123917976]]]},"properties":{"id":"v05","number":5,"label":"หมู่ 5 บ้านบึงอีเฒ่า","name":"บ้านบึงอีเฒ่า","populationReported":267,"male":131,"female":136,"populationYearBE":2569,"populationDiscrepancy":0,"populationStatus":"source_reported_owner_reconciliation_pending","sourceRecordCount":1,"sourceFolder":"ขอบเขต28หมู่บ้าน","boundaryStatus":"source_supplied_owner_validation_pending"}},{"type":"Feature","id":"v06","geometry":{"type":"Polygon","coordinates":[[[102.90131022646139,16.50059194316316],[102.90184968960268,16.50029890290951],[102.90245814458773,16.50032036989803],[102.9031182258585,16.50043805950833],[102.90393457249536,16.50117054480148],[102.90409320512545,16.50156559567619],[102.90407649907785,16.502320446162933],[102.90326035347103,16.502364248730956],[102.90329985061123,16.502563147267253],[102.9033944019463,16.502653894458383],[102.90339396899681,16.502694063200273],[102.90379502828858,16.502754801096945],[102.90426059745947,16.50285281355948],[102.90432927724497,16.50284404975204],[102.90496241771682,16.503076075912848],[102.90559901996599,16.502986749947297],[102.90628594399011,16.503228763783476],[102.90710450939677,16.503301948720523],[102.90750572525369,16.503689974489234],[102.90821621275421,16.503563570336592],[102.9088359765937,16.503445708414475],[102.90944836682323,16.503330133942402],[102.90983370799734,16.50325836800802],[102.91001740000665,16.50326020506971],[102.91011727309866,16.50308396897638],[102.91033982909599,16.503002303198695],[102.91070721277369,16.503005976216265],[102.91135495588098,16.50279149771915],[102.91202350347791,16.502578406469436],[102.91266501208905,16.50225988339271],[102.91279313652511,16.501504959822146],[102.91246557551871,16.500793712277343],[102.9124677940147,16.500586960157737],[102.91245350069906,16.50049229202364],[102.91242591555208,16.500494970442205],[102.91218002645944,16.500297555948006],[102.91184932678884,16.500177733584692],[102.91161367075078,16.500154370653043],[102.91113124657107,16.500128541574522],[102.90976888035728,16.49974902284674],[102.90909283871677,16.49933434479196],[102.90858034854664,16.498560653823027],[102.90861100860546,16.498240579618802],[102.9083413035412,16.497164692674378],[102.90815760720588,16.49669716441587],[102.90794988017625,16.496439481437047],[102.90781470439735,16.49601620640385],[102.90746235133709,16.495708055732024],[102.90708391975609,16.495462669249502],[102.90666848524441,16.495283438842833],[102.90658276081918,16.494986709859514],[102.90551199030726,16.495000496192944],[102.9052200386486,16.494981814958056],[102.90484297911769,16.49494652408941],[102.90437051880686,16.49450236046721],[102.90405431172802,16.494208572825535],[102.90390417281668,16.494333119020304],[102.9035201335767,16.493261334782794],[102.90353675177998,16.49272928508476],[102.90393560749183,16.49242515820044],[102.90503682333333,16.492784585367374],[102.90570069169118,16.49297856166648],[102.9067882280521,16.493260811794066],[102.9070270892755,16.4933227270621],[102.90888835811676,16.493539179764753],[102.90919789817845,16.493440733520533],[102.9096027647669,16.493252202487746],[102.91035410514522,16.492736247568207],[102.91046772560985,16.492632339866436],[102.91050765080833,16.49246291914927],[102.91063179806056,16.49205449152084],[102.91050765477901,16.49161732226625],[102.91043827352276,16.491319006907343],[102.91003226070607,16.490600656737154],[102.9098717855233,16.490336445288264],[102.90984657215843,16.490318686123207],[102.90945475052754,16.490137947340934],[102.90879311396849,16.4902433784728],[102.90869218582034,16.49017934344192],[102.90825751539846,16.49027128584081],[102.90826731074671,16.490372925363083],[102.90800887903619,16.490443870502688],[102.90795655459867,16.490247266887167],[102.90781392540056,16.490011244144124],[102.9076601257569,16.49013925848681],[102.90739988784382,16.49037825350962],[102.90717475457248,16.490390006440993],[102.90718018991309,16.490221992155632],[102.90692408071813,16.490245689864672],[102.90691539282248,16.4903786572649],[102.9066106152727,16.49037210531998],[102.90656170965995,16.490532681542685],[102.90656213823256,16.490830307339643],[102.90648091241347,16.49095904712091],[102.90616423102162,16.491046913838726],[102.90613300314284,16.490913546889477],[102.90578710332177,16.491018627619514],[102.90562249069227,16.491139529089192],[102.90545306890368,16.49103278946693],[102.9050818694941,16.490285018173292],[102.90500686043256,16.489330127988694],[102.9046308046371,16.48903399166871],[102.90395960756398,16.488510806015995],[102.90352250791068,16.488154532052324],[102.90314602771367,16.488066723968302],[102.90312073992204,16.488055966184],[102.90301531907464,16.48807241641329],[102.90248527973871,16.487921792698213],[102.90218702506927,16.487815509595897],[102.90152546457685,16.48757777964703],[102.90108493758501,16.487540096085223],[102.90083837566306,16.487520114683296],[102.90071507586114,16.487511874395697],[102.9005116807711,16.487527340039563],[102.90024293159838,16.487545650842794],[102.89995048451557,16.48774229567922],[102.89948119830099,16.488352082101162],[102.89949258071323,16.488978950004622],[102.89903269371388,16.489522575942203],[102.89902582708903,16.489529064417297],[102.899907117823,16.489920231171297],[102.90013103621838,16.490516477331383],[102.89979989991713,16.49054143779821],[102.89918329993156,16.490628183124432],[102.89902652225263,16.49079632171774],[102.89901762103395,16.49084066205927],[102.89878618513569,16.490751478714337],[102.89852110968545,16.491249885686077],[102.89846933005339,16.49139079325644],[102.89829525478052,16.49180322553617],[102.8982293406275,16.492477376084974],[102.89785802741635,16.49331613799391],[102.89769518009025,16.49404588465703],[102.89759665109388,16.494246945261086],[102.89752583242641,16.49460181150899],[102.89744811107397,16.49481520359835],[102.89732655370162,16.495018041262526],[102.89706786560237,16.495314458242415],[102.89708777706774,16.49560357520371],[102.89719159656154,16.49607335139337],[102.89730837291538,16.496506890743614],[102.89745679879148,16.496918524009043],[102.89777324509078,16.497675302780216],[102.89783767590302,16.49791435751479],[102.89779827740782,16.49804169342904],[102.89774112748138,16.49850740679513],[102.8983351410423,16.498513680096384],[102.8991808496493,16.49861278641293],[102.90067703049691,16.498722764502777],[102.90083688074762,16.499472220389674],[102.90050385440276,16.49967638216519],[102.90052744229077,16.49975393501272],[102.90131022646139,16.50059194316316]]]},"properties":{"id":"v06","number":6,"label":"หมู่ 6 บ้านท่าแก","name":"บ้านท่าแก","populationReported":328,"male":157,"female":171,"populationYearBE":2569,"populationDiscrepancy":0,"populationStatus":"source_reported_owner_reconciliation_pending","sourceRecordCount":1,"sourceFolder":"ขอบเขต28หมู่บ้าน","boundaryStatus":"source_supplied_owner_validation_pending"}},{"type":"Feature","id":"v07","geometry":{"type":"Polygon","coordinates":[[[102.85579922818897,16.501140320023556],[102.85575654541151,16.501355543470424],[102.85553342312505,16.50231489153125],[102.85527550721399,16.50293978382882],[102.85509204317934,16.50379170724493],[102.85451796983811,16.503343885788254],[102.85409915911627,16.503106247546903],[102.85354303935543,16.502858359802648],[102.85279357716796,16.502530705045192],[102.85242879681049,16.50237846913589],[102.85237975727803,16.5025052405039],[102.85229524436883,16.504019301323183],[102.8515993936647,16.503980329961227],[102.8508316811491,16.503977739202735],[102.85044956415922,16.502575550229402],[102.85050936264898,16.501641046385107],[102.84927629544421,16.50146926748912],[102.84924331793871,16.501468928139573],[102.84905639459078,16.503128651087735],[102.84913334275159,16.503129443041377],[102.84907447770225,16.503818036279025],[102.84895953628131,16.505259510899787],[102.84893600092916,16.505565082203354],[102.84989234456712,16.50574285715376],[102.85075361519868,16.505901972936222],[102.85133695077882,16.506008731609768],[102.85146827824963,16.506063113321975],[102.85198584742317,16.506483846653147],[102.8520582738042,16.506562370489334],[102.85234954151674,16.506735064764644],[102.85258288398636,16.50684352574469],[102.85271807188643,16.506880269319126],[102.8529598488728,16.507386551841062],[102.85320605444244,16.507657773957487],[102.85327232392896,16.507630171456892],[102.85376900119293,16.508616354616755],[102.85381030189596,16.508692790532532],[102.85435955735713,16.511805629780604],[102.85347923974112,16.51244566739319],[102.85365240334421,16.512839657898663],[102.853577238512,16.512905174722846],[102.85384201264243,16.51330010650733],[102.85382742414805,16.513324815063452],[102.8541364799902,16.5138583041053],[102.85493739992998,16.51392729620704],[102.85530986873229,16.51442276644131],[102.8545371646164,16.51568813597763],[102.85425352246102,16.516223821763653],[102.85413736153565,16.516371778931475],[102.8533936894302,16.516303371161015],[102.85276306774189,16.516368701474253],[102.85223349432397,16.516617364180032],[102.85168391017554,16.516863057489456],[102.85151103933106,16.516960712709377],[102.85110353564555,16.51704490532022],[102.85050105150714,16.51715471068907],[102.85008992053217,16.517307914980336],[102.84991753751535,16.517361381075016],[102.85053816271243,16.518304063045363],[102.85116861675641,16.51918615994039],[102.8511170846466,16.519185629618605],[102.85024978761753,16.521491294455256],[102.8506602771262,16.521655719241696],[102.85080195719233,16.521789755855007],[102.85089344884089,16.5218017458404],[102.85116908464184,16.521732769829395],[102.85137680404002,16.521591281332988],[102.85164062125149,16.52155532755815],[102.8518881768849,16.521436344764588],[102.85242738462503,16.52135350636872],[102.85283392064939,16.521357687656167],[102.85307982748202,16.521387836935308],[102.85348432465877,16.521317420704566],[102.85399757793435,16.521510516161584],[102.85415625509765,16.521661297732535],[102.85437377733506,16.52166905741391],[102.85480784612609,16.521772951669714],[102.85543887929397,16.521931347341546],[102.85590806892168,16.52170691606461],[102.85592780674303,16.521475106434117],[102.85625044076346,16.521412682608915],[102.85648323939316,16.521073904096056],[102.85682907231832,16.520953714338322],[102.856942205548,16.520997300736315],[102.85708956749365,16.520928104681662],[102.85728573808416,16.520753346553256],[102.85730585413586,16.520590923262542],[102.85745777677971,16.520440458827856],[102.85783937615253,16.52023401617692],[102.85800872448789,16.52016504494054],[102.85828025120975,16.520136011401814],[102.85839864840678,16.520367028842912],[102.85853700501607,16.520449762837934],[102.85888431623157,16.52019523814855],[102.85913393364926,16.52015890795196],[102.85929004674342,16.520126921958482],[102.8603367607482,16.520093457892607],[102.86052002692692,16.520091800400756],[102.86084940173468,16.5198017339349],[102.86108509976452,16.519698085408518],[102.86128391873297,16.519615271471576],[102.86143987559916,16.519597423930332],[102.86198402481865,16.51977269741552],[102.86239866266865,16.519727446518903],[102.86300517398641,16.52006421842165],[102.86578772079221,16.517485287044618],[102.86574122314447,16.5177146158405],[102.86685418285647,16.519658110038975],[102.86805949345303,16.51869817123739],[102.86847286890597,16.51910189726215],[102.86814870992347,16.52008674636818],[102.86827834595498,16.520296661493898],[102.86838066333128,16.519990121881484],[102.87045814014208,16.518871136122556],[102.8699645917672,16.517923903628],[102.87023343640884,16.516634436903196],[102.87114188502612,16.5166755185684],[102.8710329323076,16.516250153073095],[102.87110132572785,16.516196050690365],[102.87136496453665,16.515548213796308],[102.87244598820114,16.51555922897488],[102.87267708314423,16.51554037024821],[102.87392540243799,16.515579462509812],[102.87387601598142,16.51642969187244],[102.87388183640255,16.517474162012217],[102.87389433806104,16.51867634633447],[102.87392551496455,16.519678967137935],[102.87382107349067,16.520347873565825],[102.87378504140285,16.520458873668577],[102.8738492244695,16.520622158460544],[102.87387594936541,16.520859306490983],[102.8740752971334,16.52106285766025],[102.87463019806376,16.520927088531533],[102.87453084701022,16.52029322940338],[102.87501815925663,16.520305260398498],[102.87510388912263,16.521179392345903],[102.87517862960499,16.521885477929796],[102.87522587047575,16.522425116858997],[102.8762797788721,16.522405788810506],[102.87657692276706,16.5223805275255],[102.87731822045608,16.522292608270096],[102.8778301117786,16.522235941507713],[102.8782005480332,16.522211422848248],[102.87817262093662,16.522083862139837],[102.8786134182294,16.52199288385755],[102.87897436448011,16.521998318834314],[102.87972221776536,16.522317036626774],[102.87982181871206,16.522257945104847],[102.88042775591109,16.52214742707627],[102.88044438059724,16.5216314167369],[102.88091059737282,16.52156190427103],[102.88094762916072,16.52152692538421],[102.8813322602344,16.521544970742603],[102.88234894286205,16.52157826582138],[102.8825321356186,16.521583659307197],[102.88261839146185,16.521740095107447],[102.88368515929184,16.52175715105457],[102.88375596639584,16.52014665935394],[102.88393096062691,16.520148432896672],[102.88397586127282,16.518820282120434],[102.8839960411366,16.51871405133234],[102.88402499976269,16.51727746838448],[102.88299623288762,16.517243185764755],[102.88186107051565,16.51719680845219],[102.88186602331592,16.51621875613359],[102.88188403474672,16.51561335932054],[102.88189488482786,16.515490518368132],[102.88189728436777,16.51527033196921],[102.8818592431465,16.51526994616914],[102.88190460020748,16.514424429884745],[102.88192501254876,16.513773180051636],[102.88194939122238,16.513281623201703],[102.8820332010128,16.513271462494256],[102.88206527862937,16.513469977464492],[102.88227830753827,16.51347213741712],[102.88224005782708,16.51296709982583],[102.88212691720057,16.511828196818286],[102.88217334977774,16.510883596047513],[102.88222158672723,16.51012252249476],[102.88225990002807,16.50974855238907],[102.88231571083354,16.509339892885382],[102.88236815693509,16.50889082722401],[102.88221265164023,16.507799207035326],[102.88211370479827,16.50762754064239],[102.88181787694514,16.50734613615999],[102.88176683797394,16.50745694803156],[102.88138839982959,16.50764653566422],[102.88115952854237,16.50766796871147],[102.88089378518914,16.507845124500275],[102.88089453123173,16.50826082504757],[102.8805337097007,16.50812482204848],[102.8800340875523,16.507491972236693],[102.8799996192828,16.507427147709308],[102.87849748281661,16.508409562947403],[102.87842340111827,16.508429171146055],[102.87654851350136,16.508756251458003],[102.87647098854247,16.50876903712402],[102.87629550291062,16.50873331938054],[102.87523444944799,16.508298356083166],[102.87112549162343,16.506578495543515],[102.86805000295298,16.50540695991922],[102.86733531655437,16.505145163029166],[102.86668674528383,16.501741762446198],[102.8666696813436,16.501694080848946],[102.86662044370584,16.501693578270636],[102.86643486279188,16.501617029390296],[102.86620400803349,16.50149929751411],[102.86568728318144,16.50141943490841],[102.8651517790525,16.501395723013843],[102.86470816738922,16.50136773634158],[102.86427177778263,16.501338085124974],[102.86400357116645,16.50132665725937],[102.86354665533194,16.501280289366484],[102.86354489922809,16.501377879191473],[102.86342386883443,16.50137886588581],[102.86334401253636,16.501356366650896],[102.86313259909852,16.50129638426195],[102.86301006607653,16.50127678441312],[102.86281672541493,16.501250344792197],[102.86279943886653,16.501250168031536],[102.86262061576204,16.50126613050674],[102.86247913077678,16.50129303813836],[102.86181108328,16.501567526389],[102.86181725245662,16.50163541797855],[102.86159013229981,16.50169369519557],[102.86141325922632,16.501741922850073],[102.86130979206877,16.501770330580552],[102.86098949080463,16.501864903630917],[102.8609053994505,16.501860707166372],[102.86054259081644,16.501981626824197],[102.86012639188357,16.50213067867764],[102.85974201420827,16.502213397810834],[102.85966714229365,16.502267623660448],[102.85931134499151,16.501950688589172],[102.85854985356497,16.501456286815788],[102.85813287903603,16.501362026339162],[102.8577253870055,16.50134785140969],[102.85743047035719,16.501306500261254],[102.85718312233091,16.501180647958957],[102.85637311919741,16.501170675612208],[102.85582315821864,16.501054339744755],[102.85579922818897,16.501140320023556]]]},"properties":{"id":"v07","number":7,"label":"หมู่ 7 บ้านเต่านอ","name":"บ้านเต่านอ","populationReported":1272,"male":608,"female":664,"populationYearBE":2569,"populationDiscrepancy":0,"populationStatus":"source_reported_owner_reconciliation_pending","sourceRecordCount":1,"sourceFolder":"ขอบเขต28หมู่บ้าน","boundaryStatus":"source_supplied_owner_validation_pending"}},{"type":"Feature","id":"v08","geometry":{"type":"Polygon","coordinates":[[[102.8938581208867,16.48550714455707],[102.89426181683024,16.485345367793933],[102.89492737702406,16.484840670460315],[102.89578293740067,16.484206110995206],[102.89686832392393,16.48336678938337],[102.8973762138978,16.482706764995214],[102.89731788223358,16.480101497752702],[102.89200091757039,16.481526351107146],[102.8914629965862,16.482556270591203],[102.88938988628841,16.483620904181493],[102.88881819231473,16.48356493767451],[102.88865375287794,16.482236163159055],[102.89005102767916,16.47992231482666],[102.89048921481081,16.479694565749437],[102.89045822422581,16.47773747447497],[102.89035487458418,16.47728826247251],[102.89030376264988,16.477088560483306],[102.89030945712446,16.476870154991754],[102.89044279957787,16.476873817967622],[102.89067893685747,16.476880304554342],[102.89065515431268,16.476616624252717],[102.89073176411628,16.476566339715525],[102.8907701988099,16.47670947243127],[102.8911579151715,16.476455808277517],[102.89118017443549,16.47645296858517],[102.89129216843115,16.475604114866123],[102.8912787950158,16.475601272848362],[102.8909192385666,16.475723856597675],[102.89041833050841,16.475886562972697],[102.88994720099767,16.4760392355337],[102.88940738611352,16.47623137291854],[102.88855182379065,16.476524735906825],[102.88847408113224,16.476530716392627],[102.88771427071913,16.47677563755064],[102.88766686586465,16.476612042461046],[102.88768382674405,16.476429234705602],[102.88774800780847,16.475115894096195],[102.88778216262632,16.474422298639453],[102.88782473542146,16.474334379379837],[102.88785175444167,16.47424680000865],[102.88783964533715,16.473573123222373],[102.88787399435927,16.473124738655898],[102.88794661411606,16.472305191356572],[102.887842980495,16.472190095373247],[102.88704515535902,16.472116651973906],[102.88403070058368,16.47039863928935],[102.88346812635797,16.470555575947664],[102.88238645040167,16.470819436098914],[102.88194131198907,16.47091388277495],[102.88146742563197,16.47132205024144],[102.88135171233937,16.47132087922813],[102.88100714149243,16.471613303026004],[102.88086828537656,16.471611897473068],[102.88058790215288,16.47185472113143],[102.88013906551035,16.472157254070055],[102.87985672907895,16.472313516764135],[102.8786176957787,16.472768367703704],[102.87855140401552,16.47269369696954],[102.87822336126044,16.472854218356026],[102.8785126295146,16.47350289685665],[102.87852142192992,16.47351992269169],[102.87857743353422,16.473820001628763],[102.87852091422407,16.474118207097902],[102.87843744286883,16.474292451567788],[102.87800962568866,16.474821208544],[102.87696744838532,16.474082030434747],[102.87707913991954,16.474060108195275],[102.8765354483896,16.47390852709653],[102.8761192583501,16.473861263629693],[102.87540378060925,16.474205745087342],[102.87524574061452,16.474349536233778],[102.87491160410225,16.47479836479699],[102.87469353389935,16.47503836038313],[102.87446417634146,16.475122685383628],[102.87405204146783,16.475186340233034],[102.87300492488792,16.47534905433295],[102.8719325465954,16.475525360988485],[102.87035164481718,16.475785668085848],[102.87007465383765,16.475717468815386],[102.86930872934533,16.47540486087395],[102.86800970780774,16.477750934641385],[102.86711671006799,16.479332096303263],[102.86787174474912,16.47955664462059],[102.8678848157243,16.479579266350186],[102.86802110487396,16.479599930874834],[102.86882976185713,16.479792895764508],[102.86897848992972,16.479894002664167],[102.87144666726921,16.48057289967792],[102.87207239720615,16.48074792855148],[102.87231462905906,16.48082428296263],[102.87237785069385,16.480828138488114],[102.87271806922416,16.480926371072396],[102.87284440737395,16.48094371877415],[102.87303074319544,16.48095525098733],[102.87330059227061,16.48094193061157],[102.87354741675287,16.480902674616352],[102.87377106845815,16.480879647725892],[102.87389140134728,16.480579683614458],[102.87549896649944,16.480464242475374],[102.87582731073009,16.48047071333142],[102.87704636392866,16.48020072198975],[102.87755677500193,16.479910987080654],[102.87774596362856,16.4798564332872],[102.8778510977031,16.479757103697736],[102.87857841870452,16.479554274721835],[102.879337560975,16.479116462568182],[102.87953456340676,16.47953886692903],[102.87980459685694,16.479823966732955],[102.88022814950587,16.479746686119874],[102.88027705005263,16.480084487427966],[102.88033548759257,16.48045152472225],[102.88037508321574,16.4806376583848],[102.88055606292953,16.480739887613957],[102.88067423584185,16.480876619163745],[102.88094135775204,16.481190552201127],[102.88124636143112,16.48113089341154],[102.88139498324428,16.48133821017325],[102.88155758197873,16.481934703002214],[102.88150294063239,16.48217510021634],[102.88157660485014,16.48257743020037],[102.88173010254188,16.482814915033586],[102.88179822952571,16.483008867157007],[102.88206737544063,16.483137087003488],[102.88212328892828,16.483258128284273],[102.88216956231842,16.483308794733496],[102.88264357491688,16.483735256080347],[102.88261099780816,16.4838604214633],[102.88263428007865,16.4841116472864],[102.88263637172403,16.48439779725947],[102.88270636439618,16.484659535447594],[102.88290461098238,16.485088225153802],[102.88307453702396,16.48525057852734],[102.88314698572489,16.485286450296538],[102.88329429335867,16.48537578747301],[102.88485964008801,16.484959917122534],[102.88541364572501,16.484968027775757],[102.88585177385613,16.48486703996225],[102.88616739187404,16.48454896135008],[102.88639863016465,16.484335445752777],[102.88688575455588,16.48403415795915],[102.88721477277299,16.4843989077661],[102.88737977237977,16.484536109125656],[102.88783638220065,16.484889597063155],[102.8879919581132,16.484936346153376],[102.88812311723812,16.48507571528007],[102.88823386442505,16.485418180933777],[102.88823797802817,16.485518618827818],[102.8884876775261,16.486241483407355],[102.88873732415966,16.486969367126587],[102.88900236150404,16.487717485310778],[102.88905237195222,16.48784654836682],[102.88912160018256,16.488025206920078],[102.88925036245344,16.488357505272884],[102.88938706994041,16.488705252436024],[102.88964640263144,16.489260049546544],[102.88986872187964,16.48986969105121],[102.89003604690292,16.49027296493013],[102.89036484872342,16.49140733734924],[102.89073354220477,16.492447378299527],[102.8908346919724,16.492665767658767],[102.89100696947742,16.493063469543895],[102.89115306895802,16.493404508858898],[102.89143784403105,16.4938726682066],[102.89151700852686,16.494209507471762],[102.89205970256953,16.494188331448683],[102.89228698992186,16.493619617510095],[102.89235974642945,16.493507404794805],[102.89250942781092,16.493198311693735],[102.89255095953934,16.492966563280355],[102.89237376608396,16.492512992981943],[102.89220083434219,16.492266533397803],[102.89201394579153,16.492107779974344],[102.8913139327546,16.49188737978942],[102.89127693076091,16.491400711209554],[102.89123014038262,16.49091708131106],[102.89106668282642,16.49099700513972],[102.89089903337731,16.49086354405759],[102.89107008133438,16.490683300420983],[102.89119148416934,16.490282938697078],[102.89151676693851,16.49027366885768],[102.89167745785987,16.4898486036703],[102.89139932716034,16.489707754484332],[102.89140268055111,16.489698376121403],[102.89177526866693,16.488924059179993],[102.89206687996099,16.489021120161738],[102.89210773141718,16.48885211270564],[102.89185425450079,16.48883700836791],[102.89186324643407,16.48830687977958],[102.89216158128612,16.48778280459793],[102.8920250212931,16.48778142837468],[102.89208834438996,16.48703850451222],[102.89191101989631,16.486597482530726],[102.89210421997498,16.486172744091792],[102.8922602872587,16.48617431670305],[102.89242104003252,16.48574297610598],[102.89210396538095,16.48559546122203],[102.89224081189417,16.484969361449515],[102.89237202151155,16.4848640120345],[102.89284468649261,16.485057017210202],[102.89373082977451,16.485602302909353],[102.8938581208867,16.48550714455707]]]},"properties":{"id":"v08","number":8,"label":"หมู่ 8 บ้านหนองหิน","name":"บ้านหนองหิน","populationReported":1266,"male":600,"female":666,"populationYearBE":2569,"populationDiscrepancy":0,"populationStatus":"source_reported_owner_reconciliation_pending","sourceRecordCount":1,"sourceFolder":"ขอบเขต28หมู่บ้าน","boundaryStatus":"source_supplied_owner_validation_pending"}},{"type":"Feature","id":"v09","geometry":{"type":"Polygon","coordinates":[[[102.86954775658764,16.46601965689229],[102.86954775483436,16.466019641802816],[102.86829346165005,16.465900505676842],[102.86536682515607,16.46465802645009],[102.86173516662949,16.465839055547107],[102.85848200389609,16.46829624154266],[102.85845631468587,16.468311575600143],[102.85864350716705,16.46853426689817],[102.85878973708365,16.468639189341825],[102.85929336979224,16.468999869474175],[102.85965024174986,16.46925711304219],[102.86023040716292,16.469640949665365],[102.86054496720658,16.469856488128578],[102.8609650624954,16.470128795971945],[102.86114363150986,16.470245484074976],[102.86123662515294,16.470318037469266],[102.86138329135886,16.47043042151754],[102.86159740628123,16.47059520798159],[102.86162244185847,16.470614856282907],[102.86167572465405,16.4706432462759],[102.86180483135756,16.470712190345306],[102.86213640725694,16.470880164956327],[102.86241435176993,16.471051569464155],[102.86275807734988,16.471239557098183],[102.86296300930609,16.47134905431077],[102.86324761825207,16.471476768227536],[102.86338921264594,16.471534899477064],[102.86473376055311,16.47205001057964],[102.86439287212549,16.472212507102263],[102.86423369811621,16.47220708949101],[102.86399364254196,16.47222740229983],[102.86369424402582,16.472281252418277],[102.86329063676583,16.472516135396607],[102.86318767560628,16.47258337077517],[102.86296966816113,16.47274427378125],[102.86276763499166,16.472882577504475],[102.86272418315538,16.472901102285263],[102.86257159195578,16.47319165798268],[102.8625216398811,16.47326512476506],[102.86236453426379,16.473608745720142],[102.86229984471154,16.473771213498665],[102.8622717848537,16.473820244822676],[102.8622202621536,16.47385765546248],[102.86209826774252,16.473867790537007],[102.86209187812678,16.47386461334255],[102.86209183882525,16.473864750415018],[102.86220768367704,16.47398653829885],[102.86225887635575,16.47406746427638],[102.86233660244372,16.474103434456303],[102.86295410003812,16.47407205086175],[102.86299321111038,16.474067424972304],[102.86326421957885,16.47405009086586],[102.86362013852265,16.47400724075804],[102.86373749923688,16.473990850364036],[102.86396720592838,16.473940429993654],[102.8641893216123,16.47386983109458],[102.86471574899204,16.473713139129668],[102.8648044684855,16.473696455933677],[102.86508403086187,16.47361136639018],[102.8653830522025,16.47353275639159],[102.86551378895948,16.473483837521982],[102.86558170601303,16.47346442924786],[102.86562386092979,16.473419632236318],[102.86562131223263,16.473414581042437],[102.86567635830323,16.47314378118885],[102.86569127535557,16.472970563670707],[102.8657134532631,16.472847672240395],[102.86572543137277,16.472823924636515],[102.86607721816043,16.47256368768734],[102.86618618917433,16.472599974957845],[102.86633858915926,16.472237200783283],[102.86647361062973,16.471915707283646],[102.86657571404756,16.47162779833681],[102.86819709051825,16.47040183142692],[102.86902560024764,16.469765782154372],[102.86921605629442,16.4696131951558],[102.86930847584233,16.469496043103806],[102.86936208721711,16.469355882589994],[102.86939402522464,16.46893534559174],[102.86936634587207,16.468847122605617],[102.8694168435652,16.46815792524953],[102.86945832160306,16.467579190845125],[102.86950818665,16.466947776909837],[102.8695636997544,16.466156869631238],[102.86954775658765,16.466019656892307],[102.86954775658764,16.46601965689229]]]},"properties":{"id":"v09","number":9,"label":"หมู่ 9 บ้านโกทา","name":"บ้านโกทา","populationReported":857,"male":429,"female":428,"populationYearBE":2569,"populationDiscrepancy":0,"populationStatus":"source_reported_owner_reconciliation_pending","sourceRecordCount":1,"sourceFolder":"ขอบเขต28หมู่บ้าน","boundaryStatus":"source_supplied_owner_validation_pending"}},{"type":"Feature","id":"v10","geometry":{"type":"Polygon","coordinates":[[[102.89045873256602,16.47773525838972],[102.89047069999619,16.477747049251587],[102.89121182025886,16.477812869684108],[102.89116188736276,16.47795629939458],[102.8912890775658,16.478124854387488],[102.89157055078924,16.47819382176916],[102.89186654997926,16.478410758122383],[102.89233405182337,16.47842713736015],[102.89270957452479,16.478187789082963],[102.89312307794177,16.47797799801684],[102.89335147873157,16.477735222150457],[102.8936064998052,16.477640537051773],[102.89381178161247,16.477485054752204],[102.8941399534501,16.47733664393793],[102.89460892463732,16.477216879640935],[102.8950913534429,16.477157545916338],[102.89547008171384,16.477180805142904],[102.89568428462313,16.477132387900582],[102.89590214066747,16.477119017945512],[102.89615144879174,16.477179875616187],[102.89678559586748,16.477258216166796],[102.89723260457278,16.477305498966846],[102.89757404511853,16.477421741971984],[102.89815167232643,16.477507290894412],[102.89829276690865,16.477508707895165],[102.89853073795318,16.4774994273227],[102.89911506315127,16.477524744442267],[102.89950494102656,16.477448910974267],[102.89958191266075,16.47741467264567],[102.89980501643446,16.47728853850968],[102.90008002340674,16.47720960605778],[102.90023501425927,16.477043886989335],[102.90049723157603,16.476842287539334],[102.90067636744969,16.476680700379646],[102.90083954560662,16.47650339258611],[102.90101859708454,16.4763495844169],[102.9011560533184,16.476127282206292],[102.90127538954674,16.475902853121724],[102.90157448781903,16.475458490573295],[102.90179932098044,16.47498420722515],[102.9018624278764,16.474739763457926],[102.90188148879399,16.473905527791892],[102.90191372733116,16.473532401180016],[102.90187758752022,16.473331698711327],[102.90186061406618,16.47303588085813],[102.9020170234268,16.472737910647673],[102.9020170234268,16.472737910647673],[102.9021547589011,16.47250159842969],[102.90223864441481,16.472362376134296],[102.90232236684943,16.472238294096112],[102.9023861087399,16.47214808117072],[102.90256965145477,16.471862223318798],[102.90274115900371,16.47163777681226],[102.90324266866881,16.471297356727046],[102.90356992583966,16.471145429138502],[102.9039631772237,16.471058515027867],[102.90446161138694,16.471031831962094],[102.90477829443047,16.471142384182734],[102.90503064901583,16.47138907377453],[102.90515908090191,16.471655647011403],[102.90526808630187,16.472684191859287],[102.90507927944415,16.473460532598537],[102.90469315386669,16.47446017820053],[102.9046104109949,16.47512710050459],[102.90479767545787,16.475533556796712],[102.9056385275158,16.475742704615794],[102.90705785001286,16.475818178450403],[102.90755979953458,16.475774598835585],[102.90784360154927,16.475652770470475],[102.90823835934377,16.475394707290945],[102.90798625275676,16.47460404841479],[102.90773978240992,16.474006281772702],[102.90818454795517,16.47326746109138],[102.90984348480954,16.47274522332537],[102.91018033013215,16.47257743527138],[102.91040465934071,16.472385280769142],[102.9104636450313,16.472232283540674],[102.91048679197029,16.471771224259218],[102.91017312067038,16.47161595888607],[102.90989316940363,16.47158358238856],[102.90885035162111,16.471669527992237],[102.90792908295414,16.471616788264818],[102.90698764025176,16.471421744958906],[102.90615120378322,16.470777067568733],[102.90497431041204,16.47009044945521],[102.90403388007532,16.469908711583138],[102.90291391554045,16.468617732493506],[102.9029247104038,16.467625682669205],[102.90324029093466,16.46714646980622],[102.90335894886506,16.46698427344958],[102.90359758955555,16.466724080500498],[102.90309972845573,16.465596799896833],[102.90124341471112,16.465580149144735],[102.90123973963807,16.46423608172462],[102.89973766654943,16.46426964983219],[102.89974086839464,16.46360057311937],[102.89813430374846,16.46360197313014],[102.89812560021723,16.462913338616314],[102.89653494218972,16.462938215528723],[102.8964999690932,16.46113480573871],[102.89500224816624,16.461141155327976],[102.89490496015637,16.46119074879507],[102.8933228848548,16.461169007914368],[102.89329870610834,16.46004841948765],[102.89170408659885,16.460069332124686],[102.89166998649087,16.4589350292607],[102.8901197170364,16.45895637710228],[102.89010801884385,16.45817435288385],[102.88860864291802,16.458188366752584],[102.88863342244669,16.45902891764211],[102.88865390740663,16.459929677211814],[102.88864637606858,16.460046844126015],[102.88870718491158,16.461908830784555],[102.88878598505791,16.46578753151497],[102.88871892231248,16.465986151097976],[102.88805086836803,16.467032723067287],[102.88796637342543,16.466970217738655],[102.88764855139968,16.46732820063077],[102.88749424131682,16.46755005101088],[102.8872191351644,16.46730719552965],[102.88688240398264,16.467144675006654],[102.88666721187428,16.46704328287341],[102.88653123978386,16.46697921670019],[102.88630042283332,16.46692105442534],[102.8860160006146,16.466938278429637],[102.88564605722512,16.46684389209735],[102.8852097424902,16.46674924907173],[102.8848411468164,16.466692709355954],[102.88449795179817,16.466927976797127],[102.88378130036212,16.46738414438549],[102.88352700790604,16.467406944706923],[102.88354824180588,16.467532536338883],[102.8832215996022,16.467647936838805],[102.88342457759168,16.467977978254563],[102.88261685819799,16.468294632094917],[102.8826729632315,16.468475629427545],[102.88221558781335,16.468492857058468],[102.88219760440528,16.468663837874278],[102.88229447449251,16.468695131100297],[102.88220972805546,16.469305638201355],[102.88206905168744,16.47044757337849],[102.88203390793223,16.470743364645084],[102.8820199036071,16.47080002481822],[102.88198613448763,16.470873198357047],[102.88194264942925,16.470913599005282],[102.88194261623677,16.470913606047855],[102.88238645040167,16.470819436098914],[102.88346812635797,16.470555575947664],[102.88403070058368,16.47039863928935],[102.88704515535902,16.472116651973906],[102.887842980495,16.472190095373247],[102.88794661411606,16.472305191356572],[102.88787399435927,16.473124738655898],[102.88783964533715,16.473573123222373],[102.88785175444167,16.47424680000865],[102.88782473542146,16.474334379379837],[102.88778216262632,16.474422298639453],[102.88774800780847,16.475115894096195],[102.88768382674405,16.476429234705602],[102.88766686586465,16.476612042461046],[102.88771427071913,16.47677563755064],[102.88847408113224,16.476530716392627],[102.88855182379065,16.476524735906825],[102.88940738611352,16.47623137291854],[102.88994720099767,16.4760392355337],[102.89041833050841,16.475886562972697],[102.8909192385666,16.475723856597675],[102.8912787950158,16.475601272848362],[102.89129216843115,16.475604114866123],[102.89118017443549,16.47645296858517],[102.8911579151715,16.476455808277517],[102.8907701988099,16.47670947243127],[102.89073176411628,16.476566339715525],[102.89065515431268,16.476616624252717],[102.89067893685747,16.476880304554342],[102.89044279957787,16.476873817967622],[102.89030945712446,16.476870154991754],[102.89030376264988,16.477088560483306],[102.89035487458418,16.47728826247251],[102.89045771782882,16.477735273406797],[102.89045873256602,16.47773525838972]]]},"properties":{"id":"v10","number":10,"label":"หมู่ 10 บ้านดงพอง","name":"บ้านดงพอง","populationReported":1575,"male":743,"female":832,"populationYearBE":2569,"populationDiscrepancy":0,"populationStatus":"source_reported_owner_reconciliation_pending","sourceRecordCount":1,"sourceFolder":"ขอบเขต28หมู่บ้าน","boundaryStatus":"source_supplied_owner_validation_pending"}},{"type":"Feature","id":"v11","geometry":{"type":"Polygon","coordinates":[[[102.8757892693604,16.451065320265876],[102.87518016713582,16.450808138085744],[102.87489197887422,16.450656392493848],[102.87442772467716,16.450211008204597],[102.87385874801885,16.44945716141409],[102.8735230213355,16.4494615288376],[102.87331547404104,16.448293708682872],[102.87296619637685,16.448265007384748],[102.87255539012416,16.44802283371362],[102.87231961581381,16.44797670785337],[102.87108924055875,16.44834347112126],[102.87097479370273,16.448580931588285],[102.87060728168335,16.44875720310312],[102.87008692578118,16.448797284129302],[102.86951707650596,16.44879629800071],[102.86889942398795,16.448854325351917],[102.86883225091705,16.448956956586077],[102.86745001385013,16.44914330722496],[102.86716919051469,16.449337043334353],[102.8648033591484,16.451985832213897],[102.8647535689688,16.451985324908918],[102.864257114929,16.452530472738268],[102.86429673683469,16.4525500977443],[102.86347253892725,16.453466716005536],[102.86136565012553,16.455785400373948],[102.85960151047483,16.4577231370357],[102.85877207775158,16.458658899301874],[102.85863700727681,16.45871518205647],[102.85860784406236,16.459784059112224],[102.858278847818,16.4598143326129],[102.857890576081,16.459800751921506],[102.85785711271448,16.46012716871626],[102.85781427121807,16.460400631507337],[102.8577479597172,16.4612240586467],[102.85774024395826,16.461482700200232],[102.85774599679196,16.4614821095661],[102.86243340577975,16.46096188789118],[102.86501514221581,16.460214236771904],[102.86580218359713,16.45996432793802],[102.86613402216177,16.45988875066623],[102.86663026514515,16.459884609312493],[102.8666416364795,16.45919809444389],[102.86813006225795,16.45879038015042],[102.86817845803868,16.458816718316626],[102.86825227363092,16.459017964785946],[102.86842015715177,16.45940279271789],[102.8687013902655,16.460052781640282],[102.86874117165824,16.460057991701994],[102.87009880168554,16.45995804842074],[102.87017860032637,16.45998851872044],[102.87054974439258,16.459965567117038],[102.87098562521865,16.459867304815987],[102.87137624008069,16.459760426480724],[102.87171330854406,16.459674953017153],[102.87219301124387,16.45956464763696],[102.87251329359893,16.459477498795145],[102.87362055271676,16.459241723241476],[102.87378373572533,16.45917600783772],[102.87397717884274,16.459097463564614],[102.87428249739335,16.45895307653432],[102.87457564092735,16.45874577463909],[102.87467802365181,16.45837222811667],[102.87481220713612,16.457940457950585],[102.87483683810235,16.45773648149662],[102.87491146678609,16.457285537930336],[102.87510581205856,16.45727309317539],[102.87518379674319,16.456971148562165],[102.87558185693196,16.457064474219962],[102.87584398237534,16.456846590332294],[102.87601194406396,16.45649599413815],[102.87599639279318,16.45610615255413],[102.87579544773966,16.45547183413618],[102.8756306793467,16.455151157701778],[102.87522788828734,16.45475153472856],[102.87482263555749,16.454468715964513],[102.87474716556693,16.45302950100062],[102.87480912339154,16.452793262741267],[102.87477710590255,16.45191614949399],[102.87509691021029,16.451917465949112],[102.87519826986458,16.451755112500184],[102.87550451356101,16.451529967306154],[102.87577207710628,16.451662561518962],[102.8760345271517,16.451446079230625],[102.87646260442114,16.450938018962372],[102.8757892693604,16.451065320265876]]]},"properties":{"id":"v11","number":11,"label":"หมู่ 11 บ้านดอนยาง","name":"บ้านดอนยาง","populationReported":1639,"male":201,"female":838,"populationYearBE":2569,"populationDiscrepancy":600,"populationStatus":"source_reported_owner_reconciliation_pending","sourceRecordCount":1,"sourceFolder":"ขอบเขต28หมู่บ้าน","boundaryStatus":"source_supplied_owner_validation_pending"}},{"type":"Feature","id":"v12","geometry":{"type":"Polygon","coordinates":[[[102.81548486357188,16.488981350422016],[102.81542199454742,16.488066570463605],[102.81554407404997,16.487616206834673],[102.81593711969703,16.486815676198823],[102.8163847840637,16.48603688921361],[102.81640086053389,16.48558180271263],[102.81633520488069,16.48512616423647],[102.81630452478899,16.484562599308273],[102.81636309443523,16.484056835763457],[102.81626382178231,16.483124116153814],[102.81602827084537,16.481983506227948],[102.81592243846382,16.48130854362424],[102.81576132261554,16.480919098945726],[102.81564797800655,16.47983912645756],[102.81529170226985,16.479789552432628],[102.81436913939594,16.47986461648718],[102.81428065407437,16.479927216027],[102.81195080474255,16.48015032763942],[102.81114959302835,16.48026504122229],[102.81097428569275,16.4802420327068],[102.809787451465,16.480399009378647],[102.80907358474563,16.480455059372794],[102.80808547574642,16.480641863861656],[102.80845048782277,16.481409988315008],[102.80899604945341,16.482477101622372],[102.8073653071447,16.4827653511767],[102.80730258936603,16.48276699114628],[102.80620457585492,16.48279569937968],[102.80464350295568,16.482968190090958],[102.80459030150253,16.482974156617455],[102.80451473704365,16.48298263112386],[102.80448255908496,16.483009290020387],[102.80476282976203,16.483396715271386],[102.80474176876572,16.483441626454457],[102.80465914253934,16.483757225409306],[102.80360615471453,16.48342172775261],[102.80358670087192,16.483414896958504],[102.80320863340732,16.48482961649881],[102.80270260009563,16.48591478631604],[102.80237511768718,16.485763124845874],[102.80219362231689,16.48535677842612],[102.80100124211798,16.485105057861986],[102.8002442236943,16.4849784474108],[102.79917167909763,16.485026934684313],[102.7970838424534,16.4847517823162],[102.79613512372548,16.48436475955819],[102.79643717471312,16.48546684578928],[102.7950906639566,16.48566958157617],[102.79505289538274,16.485668361197455],[102.79489958422968,16.485740311836473],[102.79402122020814,16.485873585982073],[102.79361515602018,16.48502029608408],[102.79273102847702,16.48595549732077],[102.79127964137962,16.486908786936727],[102.79043093040896,16.487216664160158],[102.79111336323918,16.488980392067216],[102.79198254431114,16.490781212365796],[102.79233824045905,16.490576332355356],[102.79411608141481,16.49107167455086],[102.79413112036045,16.49075807342726],[102.79457147335467,16.49076283923792],[102.79476525257068,16.491093085238127],[102.7950902178163,16.491467063109337],[102.79537333409174,16.491660617349876],[102.794865979003,16.49188818563326],[102.7942933899139,16.49206212858984],[102.79394881502594,16.492450218933172],[102.79394204962199,16.492860435503673],[102.79393897629956,16.49331826302505],[102.79389778022795,16.49404834299985],[102.79396954609672,16.494493761281518],[102.7939221771076,16.494800289343114],[102.79336960263204,16.49514383449564],[102.7929595461819,16.49549946967233],[102.7925591396587,16.495971664501383],[102.79238782945289,16.496562736406517],[102.79294261711527,16.496992080590967],[102.79313423706236,16.497512874412745],[102.79332969967834,16.49769491954777],[102.79418242920549,16.49797918560511],[102.7942462237852,16.498159840599744],[102.79488676060177,16.498770067227547],[102.79530071680846,16.499039113039935],[102.7957297245637,16.498948352935493],[102.79577133592028,16.499149948061273],[102.79591217992117,16.49931024087762],[102.7960605189878,16.499777640763725],[102.79666635065544,16.50054630479756],[102.79703096436972,16.500327817316823],[102.79731747333557,16.500428130770974],[102.79836339311107,16.500892390482694],[102.79869695678578,16.501478199391475],[102.79917771887548,16.501663244751793],[102.80097713605824,16.50011890221026],[102.8019917635291,16.499240030123588],[102.8066466851073,16.495035601918843],[102.80869792121757,16.493375213828713],[102.81185494131462,16.490754610598522],[102.81238363239292,16.49059070590006],[102.81364367777896,16.49061385005065],[102.81418427784541,16.49065653941511],[102.81457108413197,16.49059115164168],[102.81585028717056,16.49028806865786],[102.81585215146205,16.490246694954884],[102.81548486357188,16.488981350422016]]]},"properties":{"id":"v12","number":12,"label":"หมู่ 12 บ้านโนนม่วง","name":"บ้านโนนม่วง","populationReported":3044,"male":1434,"female":1610,"populationYearBE":2569,"populationDiscrepancy":0,"populationStatus":"source_reported_owner_reconciliation_pending","sourceRecordCount":1,"sourceFolder":"ขอบเขต28หมู่บ้าน","boundaryStatus":"source_supplied_owner_validation_pending"}},{"type":"Feature","id":"v13","geometry":{"type":"Polygon","coordinates":[[[102.85738159663195,16.46138287810641],[102.85723966231768,16.4614582911053],[102.8567607152467,16.46155002107924],[102.85581546898416,16.461721528297034],[102.85555375155518,16.46109953765893],[102.85561306300414,16.461086968041535],[102.85535974916046,16.460528751354925],[102.85529104560185,16.46056757842181],[102.85516317559316,16.46060579963436],[102.85496660002036,16.460165657027122],[102.85450687446303,16.45964815054749],[102.85404618473041,16.459735669374346],[102.85392114644522,16.459723407707774],[102.85354360113354,16.459804090699752],[102.85319383620737,16.459945451443748],[102.85298966231711,16.460092696124768],[102.85294291362892,16.459997783100878],[102.85281017823525,16.460064502766976],[102.85278493926094,16.45997969281298],[102.85266192842414,16.4595765389557],[102.85262914795126,16.459453219305544],[102.85246345709797,16.458999116750412],[102.85231294665195,16.458613249970803],[102.85227227590126,16.458586479378905],[102.85200742446649,16.457837077819153],[102.85137457378595,16.456198859917833],[102.85118492065365,16.455647881169334],[102.85109902738564,16.455387856329672],[102.85092530446829,16.45483704085404],[102.84931009410933,16.454368064689934],[102.84840072235936,16.454075427866215],[102.8467346056938,16.453580654909867],[102.84586054674662,16.45349151262055],[102.84583506261558,16.453841533187692],[102.84513937027515,16.455426572715687],[102.84488434905197,16.456056434436434],[102.84483026460543,16.45621399926438],[102.84466101412652,16.45670199449983],[102.84424313841956,16.456931582614462],[102.84382863875707,16.45716449871714],[102.84383076871327,16.45717769739267],[102.84369521925164,16.457292688850643],[102.84369522343151,16.45729269700043],[102.84376780835261,16.457417525166505],[102.84392152257607,16.457717780277665],[102.84437918920635,16.45856196387255],[102.8444334925381,16.45865310815646],[102.84446498350337,16.458718918690927],[102.84601935082782,16.461573880409933],[102.84647514756715,16.462439860441467],[102.84640190627819,16.462474772838515],[102.84642189600511,16.462512582629195],[102.84559662996733,16.46291371787749],[102.84543613788618,16.462946251587454],[102.84469285544756,16.46308865735616],[102.843419979462,16.46295599138095],[102.84263481620295,16.46336719366838],[102.84266775135147,16.46409988011824],[102.84268926241963,16.464600922864253],[102.84270312751458,16.464958289833515],[102.84272883971214,16.465035064856714],[102.8427679681268,16.465388422258066],[102.84279118281484,16.465607811996637],[102.84286657894737,16.465956659284053],[102.84292962161483,16.46630452214509],[102.8429295776448,16.46630453612677],[102.84551293992433,16.4654830733798],[102.84613845437786,16.465112985431663],[102.84639196620294,16.465280640651624],[102.8469556960261,16.465603935640882],[102.84742374791917,16.46600406423525],[102.8479701720895,16.466490122855294],[102.8486924192679,16.467142108395567],[102.84921155378447,16.467858160150033],[102.84958052426488,16.469058570542],[102.84985522844462,16.469946432550405],[102.85011013113797,16.470772599389605],[102.85021676623232,16.47111270887184],[102.85040266740195,16.471726629340804],[102.85048926857985,16.471994247318996],[102.85058483255922,16.472288911339582],[102.85052715763598,16.47296384216174],[102.85050281202554,16.473178668994912],[102.85047343289727,16.47338518920598],[102.85046537536729,16.473441829398602],[102.85046178402443,16.473454392220052],[102.85045133716436,16.473472952052198],[102.85008716222934,16.475739481803476],[102.85349813630772,16.47519963371723],[102.85323220470778,16.474959723808432],[102.85323023231386,16.47495574056627],[102.85220617652627,16.473058327224166],[102.85369903572642,16.473078031717733],[102.85371126607842,16.47341416575346],[102.85400392273075,16.473500619452896],[102.85417830402558,16.473040703336544],[102.8545853874796,16.473205783179623],[102.85487275301482,16.472432710018783],[102.85445654116515,16.47228860004702],[102.8547301154504,16.47152385417958],[102.85494553917069,16.471596338023996],[102.85499933162234,16.471465121005004],[102.85570695248799,16.47169198406876],[102.85591055747054,16.471080248973426],[102.8558788418355,16.47106674732049],[102.85594332125022,16.470895010870183],[102.8560293892476,16.470933226663746],[102.85632436219578,16.47080887127001],[102.85726182043523,16.465450633232216],[102.85740025083027,16.465328586237117],[102.85742201680459,16.464387400503927],[102.8574361021706,16.463700213008647],[102.8573636319191,16.46260374891382],[102.8574640789061,16.46262298838624],[102.85741107303072,16.462264158735003],[102.85740390451063,16.462177941271875],[102.85738244076964,16.461927529810414],[102.85736642295187,16.46152107979853],[102.85738451330354,16.461519222491376],[102.85738159663195,16.46138287810641]]]},"properties":{"id":"v13","number":13,"label":"หมู่ 13 บ้านดอนหญ้านาง","name":"บ้านดอนหญ้านาง","populationReported":3442,"male":2208,"female":1234,"populationYearBE":2569,"populationDiscrepancy":0,"populationStatus":"source_reported_owner_reconciliation_pending","sourceRecordCount":1,"sourceFolder":"ขอบเขต28หมู่บ้าน","boundaryStatus":"source_supplied_owner_validation_pending"}},{"type":"Feature","id":"v14","geometry":{"type":"Polygon","coordinates":[[[102.84713679045545,16.49410182572126],[102.85045133716436,16.473472952052198],[102.85046178402443,16.473454392220052],[102.85046537536729,16.473441829398602],[102.85047343289727,16.47338518920598],[102.85050281202554,16.473178668994912],[102.85052715763598,16.47296384216174],[102.85058483255922,16.472288911339582],[102.85048926857985,16.471994247318996],[102.85040266740195,16.471726629340804],[102.85021676623232,16.47111270887184],[102.85011013113797,16.470772599389605],[102.84985522844462,16.469946432550405],[102.84958052426488,16.469058570542],[102.84921155378447,16.467858160150033],[102.8486924192679,16.467142108395567],[102.8479701720895,16.466490122855294],[102.84742374791917,16.46600406423525],[102.8469556960261,16.465603935640882],[102.84639196620294,16.465280640651624],[102.84613845437786,16.465112985431663],[102.84551293992433,16.4654830733798],[102.8429295776448,16.46630453612677],[102.84020211828219,16.467109894378783],[102.83858101329822,16.46753484959227],[102.83563472296356,16.46824902669907],[102.83560586669232,16.468255648607123],[102.83560539589674,16.468298052921636],[102.83563407349487,16.46882543490234],[102.83568781306788,16.469781711579564],[102.83575327357148,16.470954699114735],[102.83580593113778,16.471867040748364],[102.83585507961125,16.47281266756666],[102.8358927088481,16.47352341021073],[102.83593641439441,16.474252391017167],[102.83595498137547,16.474584354412098],[102.83607050483322,16.476708651920063],[102.83611885957009,16.477471049025105],[102.8361775062049,16.478541714377357],[102.83621165720392,16.479171625127957],[102.83625858407572,16.480062565712085],[102.83630660274771,16.48085520826995],[102.83637980958503,16.482114321210233],[102.83640268706031,16.482121942803097],[102.8364011285647,16.482262241917713],[102.83776872227646,16.481796353899362],[102.83801063924676,16.48720387465375],[102.83918883072616,16.486973362214016],[102.83920388196057,16.486970405600417],[102.84051449431571,16.486466201921],[102.84112229903575,16.48949051861757],[102.84119266371701,16.490538660094042],[102.84099857815264,16.49147455474108],[102.8409634035236,16.493955559821003],[102.84096337291668,16.493955730887066],[102.84096337291668,16.49395573088707],[102.84096338822013,16.49395564535408],[102.84096782696338,16.493983947451394],[102.8412124641695,16.494043271473664],[102.84137455261688,16.49402582291669],[102.84156268273105,16.494048969697676],[102.84170771862914,16.493711192977717],[102.84188065521961,16.493688744140616],[102.84193582132336,16.49381048278463],[102.84212662063429,16.49387606583734],[102.84581568807131,16.494459368367693],[102.84602871138306,16.494644831940445],[102.84606297704664,16.494669418849682],[102.84626032607531,16.49471083192448],[102.84633494654952,16.49449349538496],[102.84638791474714,16.49410478377803],[102.8471352003569,16.494103391774157],[102.847135192328,16.494103447370144],[102.84713679045545,16.49410182572126]]]},"properties":{"id":"v14","number":14,"label":"หมู่ 14 บ้านหนองไผ่","name":"บ้านหนองไผ่","populationReported":4338,"male":2067,"female":2271,"populationYearBE":2569,"populationDiscrepancy":0,"populationStatus":"source_reported_owner_reconciliation_pending","sourceRecordCount":1,"sourceFolder":"ขอบเขต28หมู่บ้าน","boundaryStatus":"source_supplied_owner_validation_pending"}},{"type":"Feature","id":"v15","geometry":{"type":"Polygon","coordinates":[[[102.8636543544142,16.485581896356123],[102.86242401784656,16.485583868007478],[102.86212863859052,16.484630347703266],[102.86071995450156,16.48469779464859],[102.86070859122113,16.48470125896474],[102.85974755283183,16.484604069677385],[102.85941927250974,16.48391063896181],[102.85904857506405,16.48314908306446],[102.85940782436475,16.4828047650471],[102.86003191850322,16.482847625530603],[102.86068735115417,16.482841722218197],[102.86074044019695,16.48283282440643],[102.86120823907972,16.482717649203156],[102.86141230442148,16.482631794392265],[102.86136577155753,16.482486464731462],[102.86131724945317,16.482327229967595],[102.86124950158111,16.48216153121971],[102.86121573273552,16.48199989588532],[102.86107641629988,16.481577373049646],[102.86074844043638,16.480648043996613],[102.86068370801311,16.480508485775513],[102.86063037518208,16.480371248800274],[102.8605863266508,16.480220878516885],[102.86051534551804,16.480026138762927],[102.8604708831611,16.479789219305804],[102.86077861404054,16.479773084652436],[102.86113157700753,16.479675276333502],[102.86108966223443,16.478931212404767],[102.8615769877283,16.478857473284386],[102.86159603337822,16.47816318546578],[102.86164420593346,16.477658971204228],[102.86178099352087,16.476681965708043],[102.86199517400834,16.476029622225738],[102.86170586301064,16.47583922416785],[102.86128543177247,16.47555949879914],[102.86093149247668,16.475311457854904],[102.86013815744525,16.47475560270546],[102.86028003566177,16.474608542253694],[102.86008931058201,16.474461129691463],[102.86049120792102,16.47319554077995],[102.86115790916493,16.473428131839253],[102.86151192719592,16.473576236551956],[102.86209826774252,16.473867790537007],[102.8622202621536,16.47385765546248],[102.8622717848537,16.473820244822676],[102.86229984471154,16.473771213498665],[102.86236453426379,16.473608745720142],[102.8625216398811,16.47326512476506],[102.86257159195578,16.47319165798268],[102.86272418315538,16.472901102285263],[102.86276763499166,16.472882577504475],[102.86296966816113,16.47274427378125],[102.86318767560628,16.47258337077517],[102.86329063676583,16.472516135396607],[102.86369424402582,16.472281252418277],[102.86399364254196,16.47222740229983],[102.86423369811621,16.47220708949101],[102.86439287212549,16.472212507102263],[102.86473376055311,16.47205001057964],[102.86338921264594,16.471534899477064],[102.86324761825207,16.471476768227536],[102.86296300930609,16.47134905431077],[102.86275807734988,16.471239557098183],[102.86241435176993,16.471051569464155],[102.86213640725694,16.470880164956327],[102.86180483135756,16.470712190345306],[102.86167572465405,16.4706432462759],[102.86162244185847,16.470614856282907],[102.86159740628123,16.47059520798159],[102.86138329135886,16.47043042151754],[102.86123662515294,16.470318037469266],[102.86114363150986,16.470245484074976],[102.8609650624954,16.470128795971945],[102.86054496720658,16.469856488128578],[102.86023040716292,16.469640949665365],[102.85965024174986,16.46925711304219],[102.85929336979224,16.468999869474175],[102.85878973708365,16.468639189341825],[102.85864350716705,16.46853426689817],[102.85845631468587,16.468311575600143],[102.85812953013163,16.46791740169418],[102.85795891987041,16.467711782847907],[102.85768695314732,16.467372365732064],[102.85766753746395,16.46721652947741],[102.85763854664722,16.46690269822201],[102.85763406293806,16.466792534457294],[102.85761065180415,16.466450915297962],[102.85761678920366,16.466301079893363],[102.85762099552181,16.46605896471683],[102.85760277442283,16.465968671054238],[102.85760756536921,16.465929028610656],[102.85761878925548,16.465837668210924],[102.85762858411343,16.465755109778698],[102.8576454810552,16.465612689384734],[102.8576529461976,16.465553526001766],[102.85766223891005,16.465494516556134],[102.85763857008736,16.465350570662213],[102.85764750267552,16.465147288908916],[102.85766031002942,16.464698810598268],[102.85767429768333,16.464532691861205],[102.85769549659756,16.464531196260268],[102.85769260538663,16.46446602760567],[102.85767873838651,16.464220748984147],[102.85767200271883,16.464089899719827],[102.85766337648683,16.463942534781392],[102.85765508142435,16.463800827343608],[102.85765091378026,16.46370896000525],[102.85766719323941,16.46370325841416],[102.85766671195817,16.463633374785175],[102.85766656632363,16.46341209931134],[102.8576652153737,16.463206723341788],[102.85766818863878,16.46269004003028],[102.85767439814308,16.462678367306673],[102.85768689112703,16.462632230945992],[102.85775195609469,16.46263025961063],[102.8577347390858,16.46246007532177],[102.85771842576898,16.462303276298858],[102.85769781930712,16.46211510693071],[102.85768442286599,16.462114969908058],[102.85768948811497,16.46204280870189],[102.85771628767549,16.461747334538735],[102.85774599679196,16.4614821095661],[102.85736642295187,16.46152107979853],[102.85738244076964,16.461927529810414],[102.85740390451063,16.462177941271875],[102.85741107303072,16.462264158735003],[102.8574640789061,16.46262298838624],[102.8573636319191,16.46260374891382],[102.8574361021706,16.463700213008647],[102.85742201680459,16.464387400503927],[102.85740025083027,16.465328586237117],[102.85726182043523,16.465450633232216],[102.85632436219578,16.47080887127001],[102.8560293892476,16.470933226663746],[102.85594332125022,16.470895010870183],[102.8558788418355,16.47106674732049],[102.85591055747054,16.471080248973426],[102.85570695248799,16.47169198406876],[102.85499933162234,16.471465121005004],[102.85494553917069,16.471596338023996],[102.8547301154504,16.47152385417958],[102.85445654116515,16.47228860004702],[102.85487275301482,16.472432710018783],[102.8545853874796,16.473205783179623],[102.85417830402558,16.473040703336544],[102.85400392273075,16.473500619452896],[102.85371126607842,16.47341416575346],[102.85369903572642,16.473078031717733],[102.85220617652627,16.473058327224166],[102.85323023231386,16.47495574056627],[102.85323220470778,16.474959723808432],[102.85349813630772,16.47519963371723],[102.85525871953297,16.47660134161141],[102.85581945668844,16.477690692916234],[102.85585157223882,16.477751655271916],[102.8558740240344,16.47791752331375],[102.85596065206485,16.47812563827037],[102.85599211674548,16.478268994872966],[102.85741198840437,16.48171846095632],[102.85848141312607,16.484912157030585],[102.85879293580233,16.4858024774216],[102.85879352936617,16.485805434784304],[102.85894458253284,16.486558037563547],[102.85899776983234,16.486708501673245],[102.8590750964238,16.48694960561527],[102.85919873204236,16.487343307931944],[102.8598750400135,16.487350228827854],[102.86021035209129,16.48740436754902],[102.86078603145926,16.48741907486243],[102.86079471841892,16.48704436409355],[102.86081750165566,16.48663452221022],[102.86049349356011,16.486591523723234],[102.86050432833967,16.48643730530775],[102.86206372026896,16.486556870448496],[102.86315504153342,16.486642981828535],[102.86328406914247,16.486337845649086],[102.86365805648258,16.48557442739868],[102.8636543544142,16.485581896356123]]]},"properties":{"id":"v15","number":15,"label":"หมู่ 15 บ้านเกษร","name":"บ้านเกษร","populationReported":2943,"male":1375,"female":1568,"populationYearBE":2569,"populationDiscrepancy":0,"populationStatus":"source_reported_owner_reconciliation_pending","sourceRecordCount":1,"sourceFolder":"ขอบเขต28หมู่บ้าน","boundaryStatus":"source_supplied_owner_validation_pending"}},{"type":"Feature","id":"v16","geometry":{"type":"Polygon","coordinates":[[[102.88198613448763,16.470873198357047],[102.8820199036071,16.47080002481822],[102.88203390793223,16.470743364645084],[102.88206905168744,16.47044757337849],[102.88220972805546,16.469305638201355],[102.88229447449251,16.468695131100297],[102.88219760440528,16.468663837874278],[102.88221558781335,16.468492857058468],[102.8826729632315,16.468475629427545],[102.88261685819799,16.468294632094917],[102.88342457759168,16.467977978254563],[102.8832215996022,16.467647936838805],[102.88354824180588,16.467532536338883],[102.88352700790604,16.467406944706923],[102.88378130036212,16.46738414438549],[102.88449795179817,16.466927976797127],[102.8848411468164,16.466692709355954],[102.8852097424902,16.46674924907173],[102.88564605722512,16.46684389209735],[102.8860160006146,16.466938278429637],[102.88630042283332,16.46692105442534],[102.88653123978386,16.46697921670019],[102.88666721187428,16.46704328287341],[102.88688240398264,16.467144675006654],[102.8872191351644,16.46730719552965],[102.88749424131682,16.46755005101088],[102.88764855139968,16.46732820063077],[102.88796637342543,16.466970217738655],[102.88805086836803,16.467032723067287],[102.88871892231248,16.465986151097976],[102.88878598505791,16.46578753151497],[102.88870718491158,16.461908830784555],[102.88864637606858,16.460046844126015],[102.88865390740663,16.459929677211814],[102.88863342244669,16.45902891764211],[102.88863342244669,16.45902891764211],[102.88860853589976,16.4581847365668],[102.88844613979931,16.458183111393467],[102.88842228919131,16.45717179324887],[102.88658179626879,16.457183082593975],[102.88662391996505,16.45564202790377],[102.88325930878992,16.45552286631895],[102.883298610803,16.454038363298743],[102.88176661717183,16.454047051222897],[102.88173484579137,16.452523863705554],[102.88009821126442,16.452536035909933],[102.87978967745624,16.452465758390883],[102.8799645543626,16.452027281576694],[102.8798662325209,16.451824818372444],[102.87948224899583,16.451582155908916],[102.87931042290775,16.451028244381433],[102.87930512352338,16.45080433689237],[102.87901181258046,16.45075659795756],[102.87849647790387,16.450505142883674],[102.87806513649872,16.450351540359673],[102.87776336511595,16.450370870225573],[102.87763014491837,16.45053368055841],[102.87712939430865,16.450718884582272],[102.87687393024945,16.45074614392962],[102.87666674221781,16.45131114056265],[102.87650340616223,16.45139902703166],[102.87646260442114,16.450938018962372],[102.8760345271517,16.451446079230625],[102.87577207710628,16.451662561518962],[102.87550451356101,16.451529967306154],[102.87519826986458,16.451755112500184],[102.87509691021029,16.451917465949112],[102.87477710590255,16.45191614949399],[102.87480912339154,16.452793262741267],[102.87474716556693,16.45302950100062],[102.87482263555749,16.454468715964513],[102.87522788828734,16.45475153472856],[102.8756306793467,16.455151157701778],[102.87579544773966,16.45547183413618],[102.87599639279318,16.45610615255413],[102.87601194406396,16.45649599413815],[102.87584398237534,16.456846590332294],[102.87558185693196,16.457064474219962],[102.87518379674319,16.456971148562165],[102.87510581205856,16.45727309317539],[102.87491146678609,16.457285537930336],[102.87483683810235,16.45773648149662],[102.87481220713612,16.457940457950585],[102.87467802365181,16.45837222811667],[102.87457564092735,16.45874577463909],[102.87428249739335,16.45895307653432],[102.87397717884274,16.459097463564614],[102.87378373572533,16.45917600783772],[102.87362055271676,16.459241723241476],[102.87251329359893,16.459477498795145],[102.87219301124387,16.45956464763696],[102.87171330854406,16.459674953017153],[102.87137624008069,16.459760426480724],[102.87098562521865,16.459867304815987],[102.87054974439258,16.459965567117038],[102.87017860032637,16.45998851872044],[102.87009880168554,16.45995804842074],[102.86874117165824,16.460057991701994],[102.8687013902655,16.460052781640282],[102.86842015715177,16.45940279271789],[102.86825227363092,16.459017964785946],[102.86817845803868,16.458816718316626],[102.86813006225795,16.45879038015042],[102.8666416364795,16.45919809444389],[102.86663026514515,16.459884609312493],[102.86613402216177,16.45988875066623],[102.86580218359713,16.45996432793802],[102.86501514221581,16.460214236771904],[102.86243340577975,16.46096188789118],[102.85774599679196,16.4614821095661],[102.85771628767549,16.461747334538735],[102.85768948811497,16.46204280870189],[102.85768442286599,16.462114969908058],[102.85769781930712,16.46211510693071],[102.85771842576898,16.462303276298858],[102.8577347390858,16.46246007532177],[102.85775195609469,16.46263025961063],[102.85768689112703,16.462632230945992],[102.85767439814308,16.462678367306673],[102.85766818863878,16.46269004003028],[102.8576652153737,16.463206723341788],[102.85766656632363,16.46341209931134],[102.85766671195817,16.463633374785175],[102.85766719323941,16.46370325841416],[102.85765091378026,16.46370896000525],[102.85765508142435,16.463800827343608],[102.85766337648683,16.463942534781392],[102.85767200271883,16.464089899719827],[102.85767873838651,16.464220748984147],[102.85769260538663,16.46446602760567],[102.85769549659756,16.464531196260268],[102.85767429768333,16.464532691861205],[102.85766031002942,16.464698810598268],[102.85764750267552,16.465147288908916],[102.85763857008736,16.465350570662213],[102.85766223891005,16.465494516556134],[102.8576529461976,16.465553526001766],[102.8576454810552,16.465612689384734],[102.85762858411343,16.465755109778698],[102.85761878925548,16.465837668210924],[102.85760756536921,16.465929028610656],[102.85760277442283,16.465968671054238],[102.85762099552181,16.46605896471683],[102.85761678920366,16.466301079893363],[102.85761065180415,16.466450915297962],[102.85763406293806,16.466792534457294],[102.85763854664722,16.46690269822201],[102.85766753746395,16.46721652947741],[102.85768695314732,16.467372365732064],[102.85795891987041,16.467711782847907],[102.85812953013163,16.46791740169418],[102.85845631468587,16.468311575600143],[102.85848200389609,16.46829624154266],[102.86173516662949,16.465839055547107],[102.86536682515607,16.46465802645009],[102.86829346165005,16.465900505676842],[102.86954775483436,16.466019641802816],[102.86970848853464,16.465998282252745],[102.8698260923255,16.46599556649665],[102.87024738959963,16.466023118007506],[102.87023247786752,16.466196336494544],[102.87057504739273,16.466821729840184],[102.87057039132264,16.467085468437936],[102.87072084447148,16.46713037499816],[102.87100728352183,16.467137650561945],[102.87166961849441,16.467031459705524],[102.87158190983484,16.466523950191643],[102.87158178244101,16.466442772650076],[102.87226969991917,16.46609865184615],[102.87232449076471,16.466093340392682],[102.87248378264826,16.465995404609465],[102.87250616932725,16.466034771809746],[102.87275662962968,16.466339303554715],[102.87313227669227,16.46664415943673],[102.87299680910576,16.466714371905265],[102.873268406953,16.467413145886354],[102.87340697643067,16.467361788341716],[102.87353699989042,16.468096061351343],[102.87355332056848,16.46819586834093],[102.87332719836861,16.468268727404862],[102.8733016169977,16.468319477528595],[102.8734251208405,16.468563002503082],[102.87341009060832,16.468596383140135],[102.87324330489427,16.468647502579664],[102.87322831029475,16.46870170988754],[102.87326327536626,16.469139653400173],[102.87324497346862,16.46920314571261],[102.87335322920326,16.46953471230408],[102.87330191490003,16.469871610639736],[102.87307748535177,16.47047282699195],[102.87307542930316,16.47066125213912],[102.8728806872381,16.47103998632137],[102.87274751906848,16.471152266893746],[102.87270123357615,16.47118635526707],[102.87266415097388,16.471243768549638],[102.87306176222292,16.471196567917424],[102.87291287221763,16.47149238898101],[102.87289006601524,16.47191945398356],[102.87304641876463,16.472745209378065],[102.87311709710083,16.472836156242252],[102.87351398890962,16.473756237023984],[102.87343896318995,16.47384686221215],[102.87491160410225,16.47479836479699],[102.87524574061452,16.474349536233778],[102.87540378060925,16.474205745087342],[102.8761192583501,16.473861263629693],[102.8765354483896,16.47390852709653],[102.87707913991954,16.474060108195275],[102.87696744838532,16.474082030434747],[102.87800962568866,16.474821208544],[102.87843744286883,16.474292451567788],[102.87852091422407,16.474118207097902],[102.87857743353422,16.473820001628763],[102.87852142192992,16.47351992269169],[102.8785126295146,16.47350289685665],[102.87822336126044,16.472854218356026],[102.87855140401552,16.47269369696954],[102.8786176957787,16.472768367703704],[102.87985672907895,16.472313516764135],[102.88013906551035,16.472157254070055],[102.88058790215288,16.47185472113143],[102.88086828537656,16.471611897473068],[102.88100714149243,16.471613303026004],[102.88135171233937,16.47132087922813],[102.88146742563197,16.47132205024144],[102.88194131198907,16.47091388277495],[102.88194264942925,16.470913599005282],[102.88198613448763,16.470873198357047]]]},"properties":{"id":"v16","number":16,"label":"หมู่ 16 บ้านดอนยาง","name":"บ้านดอนยาง","populationReported":1489,"male":731,"female":758,"populationYearBE":2569,"populationDiscrepancy":0,"populationStatus":"source_reported_owner_reconciliation_pending","sourceRecordCount":1,"sourceFolder":"ขอบเขต28หมู่บ้าน","boundaryStatus":"source_supplied_owner_validation_pending"}},{"type":"Feature","id":"v17","geometry":{"type":"Polygon","coordinates":[[[102.84367847854998,16.519130413640998],[102.84402958911609,16.5190692575444],[102.84411850849212,16.519178863683464],[102.84415565873924,16.519215476599513],[102.84449872760997,16.519436394518504],[102.84457130043012,16.519665388643823],[102.84464258749777,16.520010303435644],[102.84464989704344,16.520028493569495],[102.84475128835643,16.52002954017554],[102.84495007469799,16.520053329612523],[102.84506058357283,16.519909552703382],[102.84524886745048,16.5198643976474],[102.84537639435119,16.520048671990097],[102.84555090257288,16.519891063443552],[102.8457811365377,16.51978837372803],[102.84598875858504,16.519692696343405],[102.84613553382778,16.51966522692506],[102.84617479345276,16.519850401791366],[102.84628245048593,16.51996382339231],[102.846398099942,16.52003385211355],[102.84638157224794,16.51983079703276],[102.84644976871591,16.51977715632457],[102.84648784298973,16.519730450799905],[102.84670659908433,16.519477289589112],[102.84691498310512,16.519312783179135],[102.8471171632481,16.519369211964257],[102.8475519036532,16.519112842076563],[102.84757067976926,16.519113035624944],[102.84767938062015,16.519132270815753],[102.84769211436407,16.519338909780124],[102.84759068308679,16.519341487172284],[102.84754980012266,16.519641769916852],[102.84756669022345,16.51981222229706],[102.84779080068752,16.519923220706637],[102.84785400959744,16.520150306124748],[102.84791772837552,16.52016183171685],[102.8479887570411,16.52019154734457],[102.84811954870514,16.52025086242852],[102.84830775232888,16.520212949627954],[102.84853610035006,16.520280515672983],[102.84869757603107,16.520282179487413],[102.8488060370629,16.52032314936504],[102.84893179049894,16.520498346286836],[102.84900265906238,16.520542551726596],[102.84898279995804,16.520640166635403],[102.84918490208631,16.520703838706865],[102.84957377822798,16.521028474963455],[102.84959550792522,16.521101157681073],[102.8499355935978,16.521253200933803],[102.84985820303012,16.52145891187053],[102.85024978761753,16.521491294455256],[102.8511170846466,16.519185629618605],[102.85116861675641,16.51918615994039],[102.85053816271243,16.518304063045363],[102.84991753751535,16.517361381075016],[102.85008992053217,16.517307914980336],[102.85050105150714,16.51715471068907],[102.85110353564555,16.51704490532022],[102.85151103933106,16.516960712709377],[102.85168391017554,16.516863057489456],[102.85223349432397,16.516617364180032],[102.85276306774189,16.516368701474253],[102.8533936894302,16.516303371161015],[102.85413736153565,16.516371778931475],[102.85425352246102,16.516223821763653],[102.8545371646164,16.51568813597763],[102.85530986873229,16.51442276644131],[102.85493739992998,16.51392729620704],[102.8541364799902,16.5138583041053],[102.85382742414805,16.513324815063452],[102.85384201264243,16.51330010650733],[102.853577238512,16.512905174722846],[102.85365240334421,16.512839657898663],[102.85347923974112,16.51244566739319],[102.85435955735713,16.511805629780604],[102.85381030189596,16.508692790532532],[102.85376900119293,16.508616354616755],[102.85327232392896,16.507630171456892],[102.85320605444244,16.507657773957487],[102.8529598488728,16.507386551841062],[102.85271807188643,16.506880269319126],[102.85258288398636,16.50684352574469],[102.85234954151674,16.506735064764644],[102.8520582738042,16.506562370489334],[102.85198584742317,16.506483846653147],[102.85146827824963,16.506063113321975],[102.85133695077882,16.506008731609768],[102.85075361519868,16.505901972936222],[102.84989234456712,16.50574285715376],[102.84893600092916,16.505565082203354],[102.84895953628131,16.505259510899787],[102.84907447770225,16.503818036279025],[102.84913334275159,16.503129443041377],[102.84905639459078,16.503128651087735],[102.84924331793871,16.501468928139573],[102.84927629544421,16.50146926748912],[102.85050936264898,16.501641046385107],[102.85044956415922,16.502575550229402],[102.8508316811491,16.503977739202735],[102.8515993936647,16.503980329961227],[102.85229524436883,16.504019301323183],[102.85237975727803,16.5025052405039],[102.85242879681049,16.50237846913589],[102.85279357716796,16.502530705045192],[102.85354303935543,16.502858359802648],[102.85409915911627,16.503106247546903],[102.85451796983811,16.503343885788254],[102.85509204317934,16.50379170724493],[102.85527550721399,16.50293978382882],[102.85553342312505,16.50231489153125],[102.85575654541151,16.501355543470424],[102.85579922818897,16.501140320023556],[102.85582315821864,16.501054339744755],[102.85561142027812,16.50100954980886],[102.85558338102396,16.500732633322517],[102.85532653533562,16.500371713757026],[102.85576143293395,16.499466299999625],[102.85600069200358,16.499385432244544],[102.8560167786432,16.499101220462734],[102.85583594399898,16.4991082328288],[102.85580107474443,16.4992142816173],[102.8553485644131,16.499270231937192],[102.85534031914764,16.499184431044814],[102.8554121115552,16.49906398250527],[102.85485898414213,16.499214960818023],[102.85462004379913,16.498934669687742],[102.85445454245219,16.4988014409197],[102.85374000542704,16.498587204470265],[102.8535061834432,16.498398592534954],[102.85338304973773,16.498035251027698],[102.85300958612093,16.498007769863918],[102.85276054444148,16.49808797239322],[102.85253798386525,16.497850705657005],[102.85222940499844,16.49777364226982],[102.85191880716484,16.497601974373275],[102.851786807744,16.497110739211184],[102.8514879405509,16.497042992080495],[102.85056804167874,16.496843468462874],[102.84990484057896,16.496566066459202],[102.84924661101397,16.4965817343564],[102.8487717626342,16.496468615891256],[102.84857763137077,16.496456058908944],[102.84850998203433,16.496263975434314],[102.84844345269111,16.49609434198546],[102.8485031021385,16.495648825443322],[102.84800618382192,16.495428565521852],[102.8479660292507,16.495100814004594],[102.84765487028443,16.495031615415915],[102.84765734341966,16.495055399289786],[102.84750937313389,16.49507499455166],[102.84713599036536,16.49494179884529],[102.8471020885141,16.494790979845636],[102.84703942651741,16.494766576200615],[102.8471352003569,16.494103391774157],[102.84638791474714,16.49410478377803],[102.84633494654952,16.49449349538496],[102.84626032607531,16.49471083192448],[102.84606297704664,16.494669418849682],[102.84602871138306,16.494644831940445],[102.84581568807131,16.494459368367693],[102.84212662063429,16.49387606583734],[102.84193582132336,16.49381048278463],[102.84188065521961,16.493688744140616],[102.84170771862914,16.493711192977717],[102.84156268273105,16.494048969697676],[102.84137455261688,16.49402582291669],[102.8412124641695,16.494043271473664],[102.84096782696338,16.493983947451394],[102.84096338822013,16.49395564535408],[102.84076614160092,16.495058082182997],[102.84029117748521,16.496011405658194],[102.84015737109652,16.496455910708068],[102.83998270788688,16.496777803187037],[102.83947947858452,16.497274226179623],[102.83912516462672,16.497566393006217],[102.8390330510731,16.49765761940159],[102.83887859444634,16.49796042630231],[102.8387647781981,16.498525183036115],[102.83874727708694,16.498660483115007],[102.8388224078714,16.49925806237562],[102.83886346501404,16.499402542637004],[102.83889515312451,16.499430309452148],[102.83887963884652,16.499546765628647],[102.83908141479388,16.500425191025954],[102.83921047189624,16.50080895905146],[102.83939071211857,16.50122584019716],[102.83945837379444,16.501375740282285],[102.83963337159325,16.501624502013534],[102.83978558079441,16.501684383579335],[102.83987429863278,16.501699020135117],[102.84042346633102,16.501869330564585],[102.84099381922732,16.50221306857999],[102.84097551222699,16.50226089809723],[102.84099115470819,16.50245313423214],[102.84102590359274,16.50252552115563],[102.84106865249026,16.502838083897768],[102.84114832757648,16.50318704207023],[102.84115096887922,16.50326938701732],[102.84120109412935,16.503558016634518],[102.84123236452314,16.503623507808236],[102.84128566413919,16.503946469237654],[102.84132256734037,16.504305275268752],[102.84134162014244,16.50467075670817],[102.84138177393318,16.504896859084507],[102.84139682753167,16.50507811344221],[102.84140166269113,16.505154993206023],[102.84143075309859,16.505352856095044],[102.84144430268194,16.505413362346207],[102.8409916044064,16.50545533216763],[102.84101259474865,16.505742288820077],[102.84038012027172,16.50583727806127],[102.84036696708874,16.50574110490861],[102.8393632378497,16.505331488473463],[102.8384989940558,16.5051675191719],[102.83791030080691,16.504906244690297],[102.83719650568185,16.50451333796397],[102.83697538470716,16.504447939234833],[102.83667548515973,16.5054559674365],[102.83749627938073,16.505818428515752],[102.83792366493529,16.506006693537625],[102.83896332036429,16.506469098690978],[102.839590709929,16.50674558673669],[102.83956141728592,16.506822113588935],[102.8381957198429,16.508782236098106],[102.83866090215052,16.509315440247402],[102.83912756524566,16.51003075497239],[102.83965852914046,16.510881373175327],[102.83991049839538,16.511371024288152],[102.84124677159886,16.511292916553746],[102.8417140463777,16.51070780187064],[102.84182828712845,16.510537487039063],[102.84209034755675,16.51024659456713],[102.84232363255094,16.50998558762175],[102.84252462227428,16.50968720386956],[102.84251782569932,16.5095307300858],[102.84331425789948,16.50952797769945],[102.84401809417706,16.509539358295477],[102.84466423026939,16.509624227251262],[102.84404891414313,16.513813338874247],[102.84451757079171,16.513873054377314],[102.8436585134734,16.51913389111926],[102.84367847854998,16.519130413640998]]]},"properties":{"id":"v17","number":17,"label":"หมู่ 17 บ้านหนองกุง","name":"บ้านหนองกุง","populationReported":2094,"male":1010,"female":1084,"populationYearBE":2569,"populationDiscrepancy":0,"populationStatus":"source_reported_owner_reconciliation_pending","sourceRecordCount":1,"sourceFolder":"ขอบเขต28หมู่บ้าน","boundaryStatus":"source_supplied_owner_validation_pending"}},{"type":"Feature","id":"v18","geometry":{"type":"Polygon","coordinates":[[[102.87602408470092,16.4918197228057],[102.87596815024729,16.491917960038982],[102.87433169329445,16.492227742063022],[102.87401527493934,16.49072480268505],[102.87376029573866,16.489457150277524],[102.87374509142697,16.48934231102521],[102.87349981603467,16.48802359017201],[102.87214225011981,16.48825150335548],[102.87113621901884,16.4884406406908],[102.8703740538787,16.48857050301962],[102.8701798072194,16.48860734135843],[102.87013642965643,16.48839341010234],[102.86997485110003,16.487617203491425],[102.86986684950675,16.487125607037527],[102.86980645123256,16.4871302850737],[102.8695265979494,16.485798859697645],[102.8695595492517,16.485795666541804],[102.86926865565374,16.484303570403185],[102.86581647757687,16.48493884272594],[102.8654391506581,16.48432804882548],[102.86529775904114,16.484213712231856],[102.8651346806161,16.48468257958804],[102.86502920727735,16.485053752040358],[102.86453145867691,16.48604860404857],[102.86443131676712,16.486286185140102],[102.86307352961148,16.489389570985946],[102.86301530111301,16.489485153502702],[102.86288808028982,16.489665899264846],[102.86282693649984,16.489793849528105],[102.8627046811003,16.490046794551297],[102.86262605664369,16.49023220317139],[102.86257731782561,16.49048589940122],[102.8625686051669,16.490581872170935],[102.86257555576668,16.490785889837117],[102.86256154074351,16.491085755028678],[102.86255181217079,16.491413743625706],[102.86259163416467,16.491414150648705],[102.86253834145722,16.492222002983695],[102.86247767326687,16.492446019666723],[102.86248263137158,16.49255247726314],[102.8624827836386,16.492678098092345],[102.86248171260017,16.492775626813614],[102.86248879272156,16.492967822778308],[102.86249471445275,16.493126015803625],[102.86251903814019,16.49342183919706],[102.86252966835848,16.493569735236004],[102.86254384869723,16.49367333135391],[102.86254300481964,16.49375017216043],[102.86260312415467,16.49399463588779],[102.86265015667654,16.49417541726223],[102.86270064201187,16.494320764957294],[102.8627422945834,16.494433509135604],[102.86278410947052,16.494531476230804],[102.86284410935794,16.49464736368664],[102.86289337159076,16.494764619252454],[102.86294727748361,16.494877488653856],[102.86301021103279,16.4950052290575],[102.86307682452737,16.495076847850182],[102.86312325085039,16.49517338416311],[102.86328197097288,16.495506050100854],[102.86334787085845,16.495642688001922],[102.86345640704957,16.495663009542312],[102.86355642521241,16.49576157132305],[102.86363193705724,16.495859882651317],[102.8637009005959,16.49599655178191],[102.86372462838408,16.496067732205802],[102.86378401280417,16.49623977242605],[102.86386715762875,16.496480037638783],[102.86389949149857,16.496604509467467],[102.86391396457675,16.49668150681874],[102.86394858320455,16.496876939963887],[102.86394838855195,16.496894672468613],[102.86395615105614,16.497024804734476],[102.86397119878133,16.49718900254905],[102.8639685384832,16.497431346773954],[102.86394756303858,16.49766759235407],[102.86392974359376,16.49772543701115],[102.86392852878728,16.49772945709118],[102.86392846301293,16.49772943564008],[102.86392848018625,16.497729461242677],[102.86392850172415,16.49772946830919],[102.863992472017,16.49778725125242],[102.86418897492172,16.49781299060687],[102.86439416897046,16.497847294151686],[102.86454138814955,16.497881005286576],[102.86462732338569,16.497895444046193],[102.8646622923291,16.497911057293454],[102.86470795098593,16.497913218790963],[102.8648115102332,16.49792275214516],[102.86485012302808,16.49792653676295],[102.86488696040885,16.497931998357377],[102.86501781545924,16.497935877487127],[102.86518125534727,16.49793246127186],[102.86525509750535,16.49792812999396],[102.86533245330027,16.497923834568823],[102.8653834940068,16.497915880173725],[102.86561674656657,16.497875036326406],[102.86577883862864,16.49783431328479],[102.86594607096715,16.497805508409233],[102.86607557815596,16.497772080512643],[102.86624321932877,16.49770598696147],[102.86639308779453,16.497658358174025],[102.86646802200438,16.497634543736698],[102.86648394486438,16.497624535531394],[102.86665842724562,16.49757546262255],[102.86682233149374,16.497529671855983],[102.8669369333411,16.497493548614536],[102.8669979058109,16.497461115919137],[102.86709329409256,16.4974146258295],[102.86715339739685,16.49738133665565],[102.86725932650066,16.497334954022815],[102.86743939472811,16.49725712036765],[102.86752590587709,16.497219015099475],[102.86766540002898,16.497156023422708],[102.8678157283684,16.497146538413293],[102.86808663061703,16.497117093917446],[102.86830382929939,16.497098119748298],[102.8685203445022,16.49706133961574],[102.86860315612415,16.497040147354003],[102.8686067068828,16.49703679331394],[102.86854550378239,16.49684970607561],[102.86848564914393,16.496699925226633],[102.86831125977494,16.49633962920187],[102.86824851956625,16.496212703016255],[102.86822143187364,16.496119195200823],[102.86832341942664,16.49611175950006],[102.86873000263749,16.49604640471928],[102.86916210574574,16.495977071414515],[102.8695308523372,16.495917262303923],[102.86953971058556,16.495910572085165],[102.86962779205626,16.4958894330511],[102.87013392168278,16.495798815369437],[102.87056963043501,16.49572104015511],[102.87107575946061,16.495630420087746],[102.871455157273,16.49556054515874],[102.87172274761231,16.49551241556588],[102.8718732601876,16.49548597811303],[102.8721610999602,16.495433816238446],[102.87254928125519,16.49536402862846],[102.87296033785381,16.495291082738788],[102.87364776794814,16.49517009317922],[102.87427100936252,16.495054381603993],[102.87470764051083,16.49497236895147],[102.87490664041538,16.49493031838192],[102.8755766302886,16.49479727904723],[102.87573507548099,16.494768376601538],[102.8759164330594,16.49473292628833],[102.87623110406746,16.49471747638719],[102.87651676010819,16.494704274021267],[102.8767090467068,16.494633336298225],[102.87658810476411,16.494284606788383],[102.87662551519932,16.493995967327947],[102.8764850455031,16.49398776026975],[102.87628970872481,16.493613695753055],[102.87633471979606,16.493272584583824],[102.87641340544722,16.49290469331513],[102.87641876814267,16.492493679154013],[102.8765736283712,16.491844971818285],[102.87602408470092,16.4918197228057]]]},"properties":{"id":"v18","number":18,"label":"หมู่ 18 บ้านศิลา","name":"บ้านศิลา","populationReported":868,"male":417,"female":451,"populationYearBE":2569,"populationDiscrepancy":0,"populationStatus":"source_reported_owner_reconciliation_pending","sourceRecordCount":1,"sourceFolder":"ขอบเขต28หมู่บ้าน","boundaryStatus":"source_supplied_owner_validation_pending"}},{"type":"Feature","id":"v19","geometry":{"type":"Polygon","coordinates":[[[102.80808547960915,16.480641875297685],[102.80759587139185,16.48074019715539],[102.8063458984781,16.480841094206124],[102.80596060205109,16.480872602145805],[102.80592072607944,16.48080353991132],[102.8058513570869,16.480420366856993],[102.80582321733728,16.480211687936993],[102.80566310615285,16.479312732654023],[102.80554026190394,16.478601713604746],[102.80537123288319,16.47759234390389],[102.80532273609099,16.47726372691361],[102.80525943839358,16.476804254760758],[102.80518755550831,16.476417339280758],[102.8049762514445,16.476454348355553],[102.80494827836442,16.476230961719413],[102.80479344664363,16.475089355813125],[102.80471754992426,16.47449650461791],[102.80462953098285,16.473852043215874],[102.80445510945196,16.472532492666932],[102.80432596124365,16.471592185162233],[102.80425470498817,16.471038607794082],[102.80412967228717,16.46995860370109],[102.80401574062161,16.469020907334855],[102.8039592022238,16.46851650436511],[102.8039231266732,16.468220722712484],[102.80377804772826,16.468243716713943],[102.80364777127656,16.4669528221952],[102.80344030474241,16.465184286789736],[102.80317814538766,16.463007164338144],[102.80298590550058,16.461429837533075],[102.80240980686625,16.461600307140753],[102.80216633700705,16.461674977022195],[102.8014918005652,16.46178802479606],[102.80042447890624,16.46197793347989],[102.80042454921755,16.46198104734968],[102.8004386999216,16.462607741933844],[102.80045402610196,16.463306432438472],[102.8004645625375,16.46383242674525],[102.80048040768956,16.464617806761208],[102.80050944963304,16.465892368178967],[102.80052920559851,16.466795535077733],[102.800519946305,16.46728448059147],[102.800506223444,16.468036320928462],[102.8004970478118,16.46851045750261],[102.80048647422844,16.4690568185482],[102.80047045440577,16.46987942660744],[102.80046414170906,16.470239821550557],[102.80045273862274,16.47085226915766],[102.80043426256047,16.47195874154271],[102.80042633799451,16.4723292326112],[102.80040336626371,16.473568573120584],[102.80039134153186,16.474973432882255],[102.80037374182791,16.47619551008639],[102.80032069111552,16.477974142210556],[102.80029311697595,16.479487932932756],[102.80027859155032,16.480002264039065],[102.80016306255577,16.48001444933271],[102.80014093535746,16.480639421604],[102.80015189811266,16.481003028074394],[102.80011585224138,16.481526076399906],[102.80011223987164,16.481845910653245],[102.80010895582973,16.48213666905621],[102.80010714957847,16.4822965861741],[102.8000902757485,16.482456344853404],[102.8001028801778,16.482674572078626],[102.80011581302584,16.482863723464337],[102.80011384248323,16.48303817849057],[102.80035470306026,16.483027456246717],[102.80041804384808,16.483015924519243],[102.80059570793024,16.483702489492085],[102.80069813325227,16.484052592870935],[102.80100121059998,16.485105052590637],[102.80100124211798,16.485105057861986],[102.80219362231689,16.48535677842612],[102.80237511768718,16.485763124845874],[102.80270260009563,16.48591478631604],[102.80320863340732,16.48482961649881],[102.80358670087192,16.483414896958504],[102.80360615471453,16.48342172775261],[102.80465914253934,16.483757225409306],[102.80474176876572,16.483441626454457],[102.80476282976203,16.483396715271386],[102.80448255908496,16.483009290020387],[102.80451473704365,16.48298263112386],[102.80459030150253,16.482974156617455],[102.80464350295568,16.482968190090958],[102.80620457585492,16.48279569937968],[102.80730258936603,16.48276699114628],[102.8073653071447,16.4827653511767],[102.80899604945341,16.482477101622372],[102.80845048782277,16.481409988315008],[102.8080854810439,16.48064187500958],[102.80808548104389,16.480641875009564],[102.80808547960915,16.480641875297685]]]},"properties":{"id":"v19","number":19,"label":"หมู่ 19 บ้านโนนม่วง","name":"บ้านโนนม่วง","populationReported":1428,"male":696,"female":732,"populationYearBE":2569,"populationDiscrepancy":0,"populationStatus":"source_reported_owner_reconciliation_pending","sourceRecordCount":1,"sourceFolder":"ขอบเขต28หมู่บ้าน","boundaryStatus":"source_supplied_owner_validation_pending"}},{"type":"Feature","id":"v20","geometry":{"type":"Polygon","coordinates":[[[102.843419979462,16.46295599138095],[102.84469285544756,16.46308865735616],[102.84543613788618,16.462946251587454],[102.84559662996733,16.46291371787749],[102.84642189600511,16.462512582629195],[102.84640190627819,16.462474772838515],[102.84647514756715,16.462439860441467],[102.84601935082782,16.461573880409933],[102.84446498350337,16.458718918690927],[102.8444334925381,16.45865310815646],[102.84437918920635,16.45856196387255],[102.84392152257607,16.457717780277665],[102.84376780835261,16.457417525166505],[102.84369522343151,16.45729269700043],[102.84356170758231,16.45703237144266],[102.84353501829628,16.457020594429064],[102.84344151450362,16.45685284863133],[102.84300675902567,16.456959082637276],[102.8424350158888,16.457032280480863],[102.84241074062496,16.456849492847457],[102.84212562413035,16.45690147168189],[102.842067799114,16.456714304517032],[102.84190661479413,16.456738524414316],[102.84192179997724,16.4567918721141],[102.84165763115344,16.45683142581476],[102.84161604088752,16.456567677999505],[102.84103594011155,16.456728743065526],[102.8409780932551,16.456673824525478],[102.8405443094392,16.456699254358668],[102.8404605407944,16.456245563503117],[102.84001806279618,16.456302479544078],[102.83991460799164,16.456237907103407],[102.83922717797189,16.456373459323892],[102.83916174293051,16.45606245081603],[102.83840724636062,16.456164971106713],[102.8383478665863,16.455836758929536],[102.838353795756,16.455720023484407],[102.83825755571324,16.45562723583525],[102.83710105878164,16.45566856534345],[102.83709016026945,16.455417627373603],[102.8363635617599,16.45544677573857],[102.8352938451303,16.45569473286368],[102.83507303023079,16.455600643461846],[102.8346766826021,16.456251163943023],[102.8352820837385,16.45706912581211],[102.83556347966257,16.45741046456452],[102.8359227740113,16.457840435963373],[102.83607499386072,16.458011809589173],[102.83657308922237,16.45853476934401],[102.83793528415407,16.459733529023197],[102.83851163650533,16.46021744937559],[102.83929349717252,16.46080548753251],[102.83980190125295,16.461181648312568],[102.84148916774853,16.46246143067233],[102.84217614473107,16.463004926892456],[102.84263467009052,16.463363943201912],[102.84263481620295,16.46336719366838],[102.843419979462,16.46295599138095]]]},"properties":{"id":"v20","number":20,"label":"หมู่ 20 บ้านดอนหญ้านาง","name":"บ้านดอนหญ้านาง","populationReported":1993,"male":925,"female":1068,"populationYearBE":2569,"populationDiscrepancy":0,"populationStatus":"source_reported_owner_reconciliation_pending","sourceRecordCount":1,"sourceFolder":"ขอบเขต28หมู่บ้าน","boundaryStatus":"source_supplied_owner_validation_pending"}},{"type":"Feature","id":"v21","geometry":{"type":"Polygon","coordinates":[[[102.84286657894737,16.465956659284053],[102.84279118281484,16.465607811996637],[102.8427679681268,16.465388422258066],[102.84272883971214,16.465035064856714],[102.84270312751458,16.464958289833515],[102.84268926241963,16.464600922864253],[102.84266775135147,16.46409988011824],[102.84263467009052,16.463363943201912],[102.84217614473107,16.463004926892456],[102.84148916774853,16.46246143067233],[102.83980190125295,16.461181648312568],[102.83929349717252,16.46080548753251],[102.83851163650533,16.46021744937559],[102.83793528415407,16.459733529023197],[102.83657308922237,16.45853476934401],[102.83607499386072,16.458011809589173],[102.8359227740113,16.457840435963373],[102.83556347966257,16.45741046456452],[102.8352820837385,16.45706912581211],[102.83475973119364,16.457335409747063],[102.83471675984877,16.457489543211917],[102.83470841369194,16.45758548241951],[102.83477605418871,16.458021708921475],[102.8345159520032,16.458085538901393],[102.83461370204843,16.4585029251584],[102.8349577647778,16.45851786714959],[102.83492021869476,16.45862053083697],[102.83475373858906,16.458749966901276],[102.83473649548384,16.458882116444638],[102.83456367042108,16.458927171704307],[102.83490628876274,16.459328867461274],[102.8348695222663,16.45936127663608],[102.8349856254099,16.459506514829204],[102.83484106407514,16.459629151161437],[102.83499419856827,16.45982746902392],[102.83475898578074,16.460026457097705],[102.8349516305783,16.460273196147895],[102.83459669540778,16.46054355107956],[102.8348236634887,16.46097801182934],[102.83493600090041,16.46091593674907],[102.8351246294722,16.461196594452648],[102.8347322927691,16.461337748245334],[102.83510174528467,16.46183691800453],[102.83501889374651,16.461866508721904],[102.83503523193255,16.46192522970623],[102.83527892682721,16.464132820884764],[102.83510426810355,16.464123989197045],[102.83538851807693,16.465739452290066],[102.83529107731621,16.465771234206247],[102.83546557376982,16.466232086429148],[102.83539508893597,16.466240726165353],[102.83560586669232,16.468255648607123],[102.83563472296356,16.46824902669907],[102.83858101329822,16.46753484959227],[102.84020211828219,16.467109894378783],[102.8429295776448,16.46630453612677],[102.84292962161483,16.46630452214509],[102.84286657894737,16.465956659284053]]]},"properties":{"id":"v21","number":21,"label":"หมู่ 21 บ้านหนองไผ่","name":"บ้านหนองไผ่","populationReported":1282,"male":565,"female":717,"populationYearBE":2569,"populationDiscrepancy":0,"populationStatus":"source_reported_owner_reconciliation_pending","sourceRecordCount":1,"sourceFolder":"ขอบเขต28หมู่บ้าน","boundaryStatus":"source_supplied_owner_validation_pending"}},{"type":"Feature","id":"v22","geometry":{"type":"Polygon","coordinates":[[[102.88905237195222,16.48784654836682],[102.88900236150404,16.487717485310778],[102.88873732415966,16.486969367126587],[102.8884876775261,16.486241483407355],[102.88823797802817,16.485518618827818],[102.88823386442505,16.485418180933777],[102.88812311723812,16.48507571528007],[102.8879919581132,16.484936346153376],[102.88783638220065,16.484889597063155],[102.88737977237977,16.484536109125656],[102.88721477277299,16.4843989077661],[102.88688575455588,16.48403415795915],[102.88639863016465,16.484335445752777],[102.88616739187404,16.48454896135008],[102.88585177385613,16.48486703996225],[102.88541364572501,16.484968027775757],[102.88485964008801,16.484959917122534],[102.88329429335867,16.48537578747301],[102.88314698572489,16.485286450296538],[102.88307453702396,16.48525057852734],[102.88290461098238,16.485088225153802],[102.88270636439618,16.484659535447594],[102.88263637172403,16.48439779725947],[102.88263428007865,16.4841116472864],[102.88261099780816,16.4838604214633],[102.88264357491688,16.483735256080347],[102.88216956231842,16.483308794733496],[102.88212328892828,16.483258128284273],[102.88206737544063,16.483137087003488],[102.88179822952571,16.483008867157007],[102.88173010254188,16.482814915033586],[102.88157660485014,16.48257743020037],[102.88150294063239,16.48217510021634],[102.88155758197873,16.481934703002214],[102.88139498324428,16.48133821017325],[102.88124636143112,16.48113089341154],[102.88094135775204,16.481190552201127],[102.88067423584185,16.480876619163745],[102.88055606292953,16.480739887613957],[102.88037508321574,16.4806376583848],[102.88033548759257,16.48045152472225],[102.88027705005263,16.480084487427966],[102.88022814950587,16.479746686119874],[102.87980459685694,16.479823966732955],[102.87953456340676,16.47953886692903],[102.879337560975,16.479116462568182],[102.87857841870452,16.479554274721835],[102.8778510977031,16.479757103697736],[102.87774596362856,16.4798564332872],[102.87755677500193,16.479910987080654],[102.87704636392866,16.48020072198975],[102.87582731073009,16.48047071333142],[102.87549896649944,16.480464242475374],[102.87389140134728,16.480579683614458],[102.87377106845815,16.480879647725892],[102.87354741675287,16.480902674616352],[102.87330059227061,16.48094193061157],[102.87303074319544,16.48095525098733],[102.87284440737395,16.48094371877415],[102.87271806922416,16.480926371072396],[102.87237785069385,16.480828138488114],[102.87231462905906,16.48082428296263],[102.87207239720615,16.48074792855148],[102.87144666726921,16.48057289967792],[102.86897848992972,16.479894002664167],[102.86882976185713,16.479792895764508],[102.86802110487396,16.479599930874834],[102.8678848157243,16.479579266350186],[102.86787174474912,16.47955664462059],[102.86711671006799,16.479332096303263],[102.86467259286536,16.483706579006444],[102.86467261995286,16.483706567769538],[102.8652977680383,16.48421368636408],[102.8651346806161,16.48468257958804],[102.86529775904114,16.484213712231856],[102.8654391506581,16.48432804882548],[102.86581647757687,16.48493884272594],[102.86926865565374,16.484303570403185],[102.8695595492517,16.485795666541804],[102.8695265979494,16.485798859697645],[102.86980645123256,16.4871302850737],[102.86986684950675,16.487125607037527],[102.86997485110003,16.487617203491425],[102.87013642965643,16.48839341010234],[102.8701798072194,16.48860734135843],[102.8703740538787,16.48857050301962],[102.87113621901884,16.4884406406908],[102.87214225011981,16.48825150335548],[102.87349981603467,16.48802359017201],[102.87374509142697,16.48934231102521],[102.87376029573866,16.489457150277524],[102.87401527493934,16.49072480268505],[102.87433169329445,16.492227742063022],[102.87596815024729,16.491917960038982],[102.87602408470092,16.4918197228057],[102.8765736283712,16.491844971818285],[102.87794471191047,16.491443999715102],[102.87946990403924,16.4909389774835],[102.88119992442743,16.4904324897604],[102.88203115185743,16.490174487062017],[102.88265685210142,16.489981446885338],[102.88359451503204,16.489689227286426],[102.88417802215872,16.48950810596635],[102.88532859605886,16.48914392746171],[102.88633785231414,16.488825952637036],[102.88758011392056,16.488437985890688],[102.88783875957643,16.488364729071183],[102.88912160018256,16.488025206920078],[102.88905237195222,16.48784654836682]]]},"properties":{"id":"v22","number":22,"label":"หมู่ 22 บ้านหนองหิน","name":"บ้านหนองหิน","populationReported":1399,"male":649,"female":750,"populationYearBE":2569,"populationDiscrepancy":0,"populationStatus":"source_reported_owner_reconciliation_pending","sourceRecordCount":1,"sourceFolder":"ขอบเขต28หมู่บ้าน","boundaryStatus":"source_supplied_owner_validation_pending"}},{"type":"Feature","id":"v23","geometry":{"type":"Polygon","coordinates":[[[102.80100121532318,16.485105068992343],[102.80069813325227,16.484052592870935],[102.80059570793024,16.483702489492085],[102.80041804384808,16.483015924519243],[102.80035470306026,16.483027456246717],[102.80011384248323,16.48303817849057],[102.80011581302584,16.482863723464337],[102.8001028801778,16.482674572078626],[102.8000902757485,16.482456344853404],[102.80010714957847,16.4822965861741],[102.80010895582973,16.48213666905621],[102.80011223987164,16.481845910653245],[102.80011585224138,16.481526076399906],[102.80015189811266,16.481003028074394],[102.80014093535746,16.480639421604],[102.80016306255577,16.48001444933271],[102.80027859155032,16.480002264039065],[102.80029311697595,16.479487932932756],[102.80032069111552,16.477974142210556],[102.80037374182791,16.47619551008639],[102.80039134153186,16.474973432882255],[102.80040336626371,16.473568573120584],[102.80042633799451,16.4723292326112],[102.80043426256047,16.47195874154271],[102.80045273862274,16.47085226915766],[102.80046414170906,16.470239821550557],[102.80047045440577,16.46987942660744],[102.80048647422844,16.4690568185482],[102.8004970478118,16.46851045750261],[102.800506223444,16.468036320928462],[102.800519946305,16.46728448059147],[102.80052920559851,16.466795535077733],[102.80050944963304,16.465892368178967],[102.80048040768956,16.464617806761208],[102.8004645625375,16.46383242674525],[102.80045402610196,16.463306432438472],[102.8004386999216,16.462607741933844],[102.80042454921755,16.46198104734968],[102.80042447890624,16.46197793347989],[102.79971457899336,16.462067579007126],[102.79815548364265,16.462377010200207],[102.79806349008392,16.461980409579127],[102.79718145404175,16.462134042540086],[102.79544386163832,16.46223212284936],[102.79540904343645,16.46744480022915],[102.79531643277208,16.469235808339313],[102.7949231843267,16.470953820543354],[102.79437166951591,16.472798184951706],[102.79557187295413,16.4722406516381],[102.79555159687872,16.472596941533226],[102.79415746283573,16.473610464725112],[102.79318648498068,16.47415876917524],[102.79171531330955,16.475213785545602],[102.7915996526036,16.475246635050144],[102.78936606981235,16.47690825022657],[102.79031230393443,16.47770076363671],[102.78788758371196,16.479886023764912],[102.78898437459418,16.48367130215934],[102.78926005687458,16.48624864927076],[102.79059299040264,16.485501376944697],[102.79127964137962,16.486908786936727],[102.79273102847702,16.48595549732077],[102.79361515602018,16.48502029608408],[102.79402122020814,16.485873585982073],[102.79489958422968,16.485740311836473],[102.79505289538274,16.485668361197455],[102.7950906639566,16.48566958157617],[102.79643717471312,16.48546684578928],[102.79613512372548,16.48436475955819],[102.7970838424534,16.4847517823162],[102.79917167909763,16.485026934684313],[102.8002442236943,16.4849784474108],[102.80094281755802,16.485095285318856],[102.80100121532318,16.485105068992343]]]},"properties":{"id":"v23","number":23,"label":"หมู่ 23 บ้านโนนนม่วง","name":"บ้านโนนนม่วง","populationReported":1965,"male":1557,"female":408,"populationYearBE":2569,"populationDiscrepancy":0,"populationStatus":"source_reported_owner_reconciliation_pending","sourceRecordCount":1,"sourceFolder":"ขอบเขต28หมู่บ้าน","boundaryStatus":"source_supplied_owner_validation_pending"}},{"type":"Feature","id":"v24","geometry":{"type":"Polygon","coordinates":[[[102.8328460012078,16.487685234348803],[102.83800728286818,16.487205461480126],[102.83801029475757,16.487204869834756],[102.83801047703822,16.487204834028162],[102.838010504993,16.48720482853682],[102.8380107348318,16.487204783388066],[102.83801069369174,16.48720386400162],[102.83801063924676,16.48720387465375],[102.83776872227646,16.481796353899362],[102.83712431937079,16.482020029493835],[102.8367525236403,16.48215062592509],[102.8364011285647,16.482262241917713],[102.83618929039372,16.48234999983404],[102.83549914158694,16.482584240591216],[102.835049614827,16.4827370163262],[102.83447109657645,16.482938698497613],[102.83429164367949,16.482998806811185],[102.83328796750419,16.483346811655917],[102.83285933921647,16.483493099717666],[102.8323024641409,16.483621310507402],[102.83228503303556,16.4876192052536],[102.8328460012078,16.487685234348803]]]},"properties":{"id":"v24","number":24,"label":"หมู่ 24 บ้านหนองไผ่","name":"บ้านหนองไผ่","populationReported":906,"male":397,"female":509,"populationYearBE":2569,"populationDiscrepancy":0,"populationStatus":"source_reported_owner_reconciliation_pending","sourceRecordCount":1,"sourceFolder":"ขอบเขต28หมู่บ้าน","boundaryStatus":"source_supplied_owner_validation_pending"}},{"type":"Feature","id":"v25","geometry":{"type":"Polygon","coordinates":[[[102.86654886963696,16.483392892772596],[102.86711671006799,16.479332096303263],[102.86800970780774,16.477750934641385],[102.86930872934533,16.47540486087395],[102.87007465383765,16.475717468815386],[102.87035164481718,16.475785668085848],[102.8719325465954,16.475525360988485],[102.87300492488792,16.47534905433295],[102.87405204146783,16.475186340233034],[102.87446417634146,16.475122685383628],[102.87469353389935,16.47503836038313],[102.87491160410225,16.47479836479699],[102.87343896318995,16.47384686221215],[102.87351398890962,16.473756237023984],[102.87311709710083,16.472836156242252],[102.87304641876463,16.472745209378065],[102.87289006601524,16.47191945398356],[102.87291287221763,16.47149238898101],[102.87306176222292,16.471196567917424],[102.87266415097388,16.471243768549638],[102.87270123357615,16.47118635526707],[102.87274751906848,16.471152266893746],[102.8728806872381,16.47103998632137],[102.87307542930316,16.47066125213912],[102.87307748535177,16.47047282699195],[102.87330191490003,16.469871610639736],[102.87335322920326,16.46953471230408],[102.87324497346862,16.46920314571261],[102.87326327536626,16.469139653400173],[102.87322831029475,16.46870170988754],[102.87324330489427,16.468647502579664],[102.87341009060832,16.468596383140135],[102.8734251208405,16.468563002503082],[102.8733016169977,16.468319477528595],[102.87332719836861,16.468268727404862],[102.87355332056848,16.46819586834093],[102.87353699989042,16.468096061351343],[102.87340697643067,16.467361788341716],[102.873268406953,16.467413145886354],[102.87299680910576,16.466714371905265],[102.87313227669227,16.46664415943673],[102.87275662962968,16.466339303554715],[102.87250616932725,16.466034771809746],[102.87248378264826,16.465995404609465],[102.87232449076471,16.466093340392682],[102.87226969991917,16.46609865184615],[102.87158178244101,16.466442772650076],[102.87158190983484,16.466523950191643],[102.87166961849441,16.467031459705524],[102.87100728352183,16.467137650561945],[102.87072084447148,16.46713037499816],[102.87057039132264,16.467085468437936],[102.87057504739273,16.466821729840184],[102.87023247786752,16.466196336494544],[102.87024738959963,16.466023118007506],[102.8698260923255,16.46599556649665],[102.86970848853464,16.465998282252745],[102.86954775483436,16.466019641802816],[102.8695636997544,16.466156869631238],[102.86950818665,16.466947776909837],[102.86945832160306,16.467579190845125],[102.8694168435652,16.46815792524953],[102.86936634587207,16.468847122605617],[102.86939402522464,16.46893534559174],[102.86936208721711,16.469355882589994],[102.86930847584233,16.469496043103806],[102.86921605629442,16.4696131951558],[102.86902560024764,16.469765782154372],[102.86819709051825,16.47040183142692],[102.86657571404756,16.47162779833681],[102.86647361062973,16.471915707283646],[102.86633858915926,16.472237200783283],[102.86618618917433,16.472599974957845],[102.86607721816043,16.47256368768734],[102.86572543137277,16.472823924636515],[102.8657134532631,16.472847672240395],[102.86569127535557,16.472970563670707],[102.86567635830323,16.47314378118885],[102.86562131223263,16.473414581042437],[102.86562386092979,16.473419632236318],[102.86558170601303,16.47346442924786],[102.86551378895948,16.473483837521982],[102.8653830522025,16.47353275639159],[102.86508403086187,16.47361136639018],[102.8648044684855,16.473696455933677],[102.86471574899204,16.473713139129668],[102.8641893216123,16.47386983109458],[102.86396720592838,16.473940429993654],[102.86373749923688,16.473990850364036],[102.86362013852265,16.47400724075804],[102.86326421957885,16.47405009086586],[102.86299321111038,16.474067424972304],[102.86295410003812,16.47407205086175],[102.86233660244372,16.474103434456303],[102.86225887635575,16.47406746427638],[102.86220768367704,16.47398653829885],[102.86209183882525,16.473864750415018],[102.86209187812678,16.473864613342545],[102.86151192719592,16.473576236551956],[102.86115790916493,16.473428131839253],[102.86049120792102,16.47319554077995],[102.86008931058201,16.474461129691463],[102.86028003566177,16.474608542253694],[102.86013815744525,16.47475560270546],[102.86093149247668,16.475311457854904],[102.86128543177247,16.47555949879914],[102.86170586301064,16.47583922416785],[102.86199517400834,16.476029622225738],[102.86178099352087,16.476681965708043],[102.86164420593346,16.477658971204228],[102.86159603337822,16.47816318546578],[102.8615769877283,16.478857473284386],[102.86108966223443,16.478931212404767],[102.86113157700753,16.479675276333502],[102.86077861404054,16.479773084652436],[102.8604708831611,16.479789219305804],[102.86051534551804,16.480026138762927],[102.8605863266508,16.480220878516885],[102.86063037518208,16.480371248800274],[102.86068370801311,16.480508485775513],[102.86074844043638,16.480648043996613],[102.86107641629988,16.481577373049646],[102.86121573273552,16.48199989588532],[102.86124950158111,16.48216153121971],[102.86131724945317,16.482327229967595],[102.86136577155753,16.482486464731462],[102.86141230442148,16.482631794392265],[102.86120823907972,16.482717649203156],[102.86074044019695,16.48283282440643],[102.86068735115417,16.482841722218197],[102.86003191850322,16.482847625530603],[102.85940782436475,16.4828047650471],[102.85904857506405,16.48314908306446],[102.85941927250974,16.48391063896181],[102.85974755283183,16.484604069677385],[102.86070859122113,16.48470125896474],[102.86071995450156,16.48469779464859],[102.86212863859052,16.484630347703266],[102.86242401784656,16.485583868007478],[102.8636543544142,16.485581896356123],[102.86365805648258,16.48557442739868],[102.86418753747284,16.484602382724212],[102.86467261995286,16.483706567769538],[102.86654886963696,16.483392892772596]]]},"properties":{"id":"v25","number":25,"label":"หมู่ 25 บ้านโกทา","name":"บ้านโกทา","populationReported":1509,"male":720,"female":789,"populationYearBE":2569,"populationDiscrepancy":0,"populationStatus":"source_reported_owner_reconciliation_pending","sourceRecordCount":1,"sourceFolder":"ขอบเขต28หมู่บ้าน","boundaryStatus":"source_supplied_owner_validation_pending"}},{"type":"Feature","id":"v26","geometry":{"type":"Polygon","coordinates":[[[102.85192297093104,16.496425782643296],[102.85207201244458,16.495689481466076],[102.85214872293513,16.495308814076672],[102.85252608968206,16.494709489095364],[102.85273934190272,16.49472487844866],[102.85265159700126,16.493749879552446],[102.85253271289115,16.492373306459225],[102.8524986949881,16.4914886135327],[102.85300683134027,16.491311682691716],[102.85305153379628,16.49197209974445],[102.85333899994635,16.491956572114223],[102.85522322745807,16.49130010835072],[102.85514981939971,16.49051268442942],[102.85522388998092,16.490494965239858],[102.85527365410296,16.490297585311172],[102.85540005309488,16.489354621198643],[102.85640448689558,16.489326793922878],[102.85669606525563,16.489209516525154],[102.8575429460918,16.48924456821303],[102.85786920306029,16.489210073689826],[102.85825973985251,16.48911640326938],[102.85796397701965,16.48889162774673],[102.85777639778709,16.4887814730905],[102.8576623366763,16.48870374942763],[102.85747190583537,16.488604124682823],[102.85712819582423,16.48838545657842],[102.85705741394293,16.488353053306607],[102.85695618977884,16.488352016162697],[102.85686876078115,16.488340560969977],[102.85662213308524,16.488374991450044],[102.856537580972,16.488102221614664],[102.85633510835275,16.487481104529977],[102.85614841203282,16.48691822548785],[102.85599614800698,16.486458652970274],[102.85580150764142,16.485871933819194],[102.85604784151784,16.485863899345812],[102.85669662151903,16.485833590088916],[102.8573194554844,16.485799053267357],[102.85775467257069,16.485782392066255],[102.85804345427903,16.485770830159996],[102.85853114423136,16.485709827313382],[102.85857873326701,16.485860785469423],[102.85879352936617,16.485805434784304],[102.85879293580233,16.4858024774216],[102.85848141312607,16.484912157030585],[102.85741198840437,16.48171846095632],[102.85599211674548,16.478268994872966],[102.85596065206485,16.47812563827037],[102.8558740240344,16.47791752331375],[102.85585157223882,16.477751655271916],[102.85581945668844,16.477690692916234],[102.85525871953297,16.47660134161141],[102.85349813630772,16.47519963371723],[102.85008716222934,16.475739481803476],[102.84713679045545,16.49410182572126],[102.84713519232801,16.494103447370136],[102.84703942651741,16.494766576200615],[102.8471020885141,16.494790979845636],[102.84713599036536,16.49494179884529],[102.84750937313389,16.49507499455166],[102.84765734341966,16.495055399289786],[102.84765487028443,16.495031615415915],[102.8479660292507,16.495100814004594],[102.84800618382192,16.495428565521852],[102.8485031021385,16.495648825443322],[102.84844345269111,16.49609434198546],[102.84850998203433,16.496263975434314],[102.84857763137077,16.496456058908944],[102.8487717626342,16.496468615891256],[102.84924661101397,16.4965817343564],[102.84990484057896,16.496566066459202],[102.85056804167874,16.496843468462874],[102.8514879405509,16.497042992080495],[102.851786807744,16.497110739211184],[102.85192297093104,16.496425782643296]]]},"properties":{"id":"v26","number":26,"label":"หมู่ 26 บ้านหนองไผ่","name":"บ้านหนองไผ่","populationReported":4536,"male":2057,"female":2479,"populationYearBE":2569,"populationDiscrepancy":0,"populationStatus":"source_reported_owner_reconciliation_pending","sourceRecordCount":1,"sourceFolder":"ขอบเขต28หมู่บ้าน","boundaryStatus":"source_supplied_owner_validation_pending"}},{"type":"Feature","id":"v27","geometry":{"type":"Polygon","coordinates":[[[102.83228633966941,16.488593291514857],[102.83228274126606,16.487618935499498],[102.83228503303687,16.487619205253758],[102.8323024641409,16.483621310507402],[102.83230485351821,16.482099443052277],[102.82874129149417,16.48130354928713],[102.82863310987014,16.482187859203663],[102.82038784182153,16.480488342777196],[102.81564797800655,16.47983912645756],[102.81576132261554,16.480919098945726],[102.81592243846382,16.48130854362424],[102.81602827084537,16.481983506227948],[102.81626382178231,16.483124116153814],[102.81636309443523,16.484056835763457],[102.81630452478899,16.484562599308273],[102.81633520488069,16.48512616423647],[102.81640086053389,16.48558180271263],[102.8163847840637,16.48603688921361],[102.81593711969703,16.486815676198823],[102.81554407404997,16.487616206834673],[102.81542199454742,16.488066570463605],[102.81548486357188,16.488981350422016],[102.81585215146205,16.490246694954884],[102.81877428126282,16.48978038772285],[102.82026630519933,16.48923456827311],[102.82105054236295,16.488937658866963],[102.82179623242375,16.488782910523906],[102.82570287475983,16.488727485236097],[102.83228148885136,16.48860021078291],[102.83228633966941,16.488593291514857]]]},"properties":{"id":"v27","number":27,"label":"หมู่ 27 บ้านโนนม่วง","name":"บ้านโนนม่วง","populationReported":1278,"male":586,"female":692,"populationYearBE":2569,"populationDiscrepancy":0,"populationStatus":"source_reported_owner_reconciliation_pending","sourceRecordCount":1,"sourceFolder":"ขอบเขต28หมู่บ้าน","boundaryStatus":"source_supplied_owner_validation_pending"}},{"type":"Feature","id":"v28","geometry":{"type":"Polygon","coordinates":[[[102.8639685384832,16.497431346773954],[102.86397119878133,16.49718900254905],[102.86395615105614,16.497024804734476],[102.86394838855195,16.496894672468613],[102.86394858320455,16.496876939963887],[102.86391396457675,16.49668150681874],[102.86389949149857,16.496604509467467],[102.86386715762875,16.496480037638783],[102.86378401280417,16.49623977242605],[102.86372462838408,16.496067732205802],[102.8637009005959,16.49599655178191],[102.86363193705724,16.495859882651317],[102.86355642521241,16.49576157132305],[102.86345640704957,16.495663009542312],[102.86334787085845,16.495642688001922],[102.86328197097288,16.495506050100854],[102.86312325085039,16.49517338416311],[102.86307682452737,16.495076847850182],[102.86301021103279,16.4950052290575],[102.86294727748361,16.494877488653856],[102.86289337159076,16.494764619252454],[102.86284410935794,16.49464736368664],[102.86278410947052,16.494531476230804],[102.8627422945834,16.494433509135604],[102.86270064201187,16.494320764957294],[102.86265015667654,16.49417541726223],[102.86260312415467,16.49399463588779],[102.86254300481964,16.49375017216043],[102.86254384869723,16.49367333135391],[102.86252966835848,16.493569735236004],[102.86251903814019,16.49342183919706],[102.86249471445275,16.493126015803625],[102.86248879272156,16.492967822778308],[102.86248171260017,16.492775626813614],[102.8624827836386,16.492678098092345],[102.86248263137158,16.49255247726314],[102.86247767326687,16.492446019666723],[102.86253834145722,16.492222002983695],[102.86259163416467,16.491414150648705],[102.86255181217079,16.491413743625706],[102.86256154074351,16.491085755028678],[102.86257555576668,16.490785889837117],[102.8625686051669,16.490581872170935],[102.86257731782561,16.49048589940122],[102.86262605664369,16.49023220317139],[102.8627046811003,16.490046794551297],[102.86282693649984,16.489793849528105],[102.86288808028982,16.489665899264846],[102.86301530111301,16.489485153502702],[102.86307352961148,16.489389570985946],[102.86443131676712,16.486286185140102],[102.86453145867691,16.48604860404857],[102.86502920727735,16.485053752040358],[102.8651346806161,16.48468257958804],[102.8652977680383,16.48421368636408],[102.86467261995286,16.483706567769538],[102.86418753747284,16.484602382724212],[102.86365805648258,16.48557442739868],[102.86328406914247,16.486337845649086],[102.86315504153342,16.486642981828535],[102.86206372026896,16.486556870448496],[102.86050432833967,16.48643730530775],[102.86049349356011,16.486591523723234],[102.86081750165566,16.48663452221022],[102.86079471841892,16.48704436409355],[102.86078603145926,16.48741907486243],[102.86021035209129,16.48740436754902],[102.8598750400135,16.487350228827854],[102.85919873204236,16.487343307931944],[102.8590750964238,16.48694960561527],[102.85899776983234,16.486708501673245],[102.85894458253284,16.486558037563547],[102.85879352936617,16.485805434784304],[102.85857873326701,16.485860785469423],[102.85853114423136,16.485709827313382],[102.85804345427903,16.485770830159996],[102.85775467257069,16.485782392066255],[102.8573194554844,16.485799053267357],[102.85669662151903,16.485833590088916],[102.85604784151784,16.485863899345812],[102.85580150764142,16.485871933819194],[102.85599614800698,16.486458652970274],[102.85614841203282,16.48691822548785],[102.85633510835275,16.487481104529977],[102.856537580972,16.488102221614664],[102.85662213308524,16.488374991450044],[102.85686876078115,16.488340560969977],[102.85695618977884,16.488352016162697],[102.85705741394293,16.488353053306607],[102.85712819582423,16.48838545657842],[102.85747190583537,16.488604124682823],[102.8576623366763,16.48870374942763],[102.85777639778709,16.4887814730905],[102.85796397701965,16.48889162774673],[102.85825973985251,16.48911640326938],[102.85786920306029,16.489210073689826],[102.8575429460918,16.48924456821303],[102.85669606525563,16.489209516525154],[102.85640448689558,16.489326793922878],[102.85540005309488,16.489354621198643],[102.85527365410296,16.490297585311172],[102.85522388998092,16.490494965239858],[102.85514981939971,16.49051268442942],[102.85522322745807,16.49130010835072],[102.85333899994635,16.491956572114223],[102.85305153379628,16.49197209974445],[102.85300683134027,16.491311682691716],[102.8524986949881,16.4914886135327],[102.85253271289115,16.492373306459225],[102.85265159700126,16.493749879552446],[102.85273934190272,16.49472487844866],[102.85252608968206,16.494709489095364],[102.8521546315647,16.495299430130327],[102.85215189850852,16.4953220448219],[102.85189910633832,16.496545831313416],[102.851786807744,16.497110739211184],[102.85191880716484,16.497601974373275],[102.85222940499844,16.49777364226982],[102.85253798386525,16.497850705657005],[102.85276054444148,16.49808797239322],[102.85300958612093,16.498007769863918],[102.85338304973773,16.498035251027698],[102.8535061834432,16.498398592534954],[102.85374000542704,16.498587204470265],[102.85445454245219,16.4988014409197],[102.85462004379913,16.498934669687742],[102.85485898414213,16.499214960818023],[102.8554121115552,16.49906398250527],[102.85534031914764,16.499184431044814],[102.8553485644131,16.499270231937192],[102.85580107474443,16.4992142816173],[102.85583594399898,16.4991082328288],[102.8560167786432,16.499101220462734],[102.85649092454778,16.498749916859417],[102.85674726477959,16.49856337811388],[102.85692324185142,16.498441041352493],[102.85719329923116,16.49812163439882],[102.85775629091606,16.49763084049812],[102.85799296096712,16.497421930303215],[102.85824509623237,16.49733879715405],[102.85847826596451,16.497308672715775],[102.85872352630463,16.49729345055164],[102.85897191499474,16.497272348652626],[102.85914820195269,16.497260853188944],[102.85924622804914,16.497261857018202],[102.85951680766206,16.49717299964001],[102.85986726076183,16.49706426937799],[102.86016050600458,16.497003722688007],[102.86048544472625,16.496986358199752],[102.86079548925406,16.496930416123817],[102.86111007990155,16.496878953695877],[102.86111470249355,16.496737125261316],[102.86181740245387,16.49663495079158],[102.86248937146901,16.49654132691589],[102.86262377951088,16.496856010260338],[102.86270912012789,16.497035705435973],[102.86283045189259,16.497146308476243],[102.86286053329638,16.49719686369598],[102.86295136184167,16.497295331861555],[102.863030164376,16.49737298683405],[102.86322475674702,16.497507984536508],[102.86325209951673,16.497528954246345],[102.86352402182438,16.49759675988892],[102.86391830008849,16.497726121188716],[102.86392846301293,16.49772943564008],[102.86392852878728,16.49772945709118],[102.86392974359376,16.49772543701115],[102.86394756303858,16.49766759235407],[102.8639685384832,16.497431346773954]]]},"properties":{"id":"v28","number":28,"label":"หมู่ 28 บ้านศิลา","name":"บ้านศิลา","populationReported":1136,"male":541,"female":595,"populationYearBE":2569,"populationDiscrepancy":0,"populationStatus":"source_reported_owner_reconciliation_pending","sourceRecordCount":1,"sourceFolder":"ขอบเขต28หมู่บ้าน","boundaryStatus":"source_supplied_owner_validation_pending"}}]}