{"type":"FeatureCollection","features":[{"type":"Feature","id":"waterways-0001","geometry":{"type":"Polygon","coordinates":[[[102.844275999357,16.4864882759671],[102.844260375739,16.4864768473039],[102.844239246545,16.4864777558492],[102.844171159669,16.4865075399724],[102.844105706697,16.4865373477915],[102.844026933466,16.4865749835156],[102.843979657075,16.4865958760887],[102.843915232111,16.4866291062604],[102.843858343948,16.4866579479671],[102.843791879038,16.4866944286851],[102.843756956748,16.4867223464706],[102.843697939664,16.486769146716],[102.843675811717,16.4867892200971],[102.843641345321,16.4868340536604],[102.843620798357,16.4868722754033],[102.843615131575,16.4868993589269],[102.843624962346,16.4869412390095],[102.843631465875,16.4869875726404],[102.843643323745,16.4870430119701],[102.843655264506,16.4871120120337],[102.843660446008,16.4871357929856],[102.843668367286,16.4871663240541],[102.843677536842,16.4871845917409],[102.843695159807,16.4872061867042],[102.843707331827,16.4872153501159],[102.843716939003,16.4872189015838],[102.843907155084,16.4873077611825],[102.844360902609,16.4874988404328],[102.844681494432,16.4876354072262],[102.844700672289,16.487628694939],[102.844713400221,16.4876198555789],[102.844724019779,16.4876007761934],[102.844738215258,16.4875670238972],[102.844766429098,16.4875040890292],[102.844791753108,16.4874287098014],[102.844815075931,16.487370221189],[102.844837842127,16.4873128111272],[102.844853167751,16.4872723196153],[102.84486526331,16.4872408643894],[102.844876625466,16.4872014049586],[102.844877068957,16.4871776730179],[102.84487085418,16.4871652555724],[102.844858758884,16.4871425691844],[102.844848748417,16.4871265673471],[102.844753950475,16.4870183624236],[102.844589579518,16.4868302403563],[102.844536711017,16.4867676094717],[102.844341663624,16.486543096784],[102.844330254882,16.4865373940617],[102.844316262519,16.4865350638064],[102.844301976192,16.4865235401594],[102.844275999357,16.4864882759671]]]},"properties":{"id":"waterways-0001","label":"บ่อน้ำไม่มีชื่อ ม.14","sourceRecord":1,"sourceFolder":"ลำห้วย","datasetId":"waterways","sourceVersion":"2012-30","geometryDisplayRepair":false,"villageIds":["v14"],"villageId":"v14","electionIds":["e02"],"electionId":"e02","insideMunicipality":true}},{"type":"Feature","id":"waterways-0002","geometry":{"type":"Polygon","coordinates":[[[102.827491332761,16.4883881377322],[102.827507845092,16.4878551919177],[102.827501510059,16.4878370905524],[102.827492929668,16.487823457917],[102.827472124522,16.4878209986937],[102.826937559737,16.48776234712],[102.826442700067,16.4877143060071],[102.826435395256,16.487713071929],[102.826427851124,16.4877130305653],[102.8264205312,16.4877129769736],[102.826413196682,16.4877140352842],[102.826405773405,16.4877162384363],[102.826399108993,16.4877183203135],[102.8263925697,16.4877227684396],[102.826386471055,16.4877261320483],[102.826381143152,16.4877317363897],[102.826376120742,16.4877373721293],[102.826372207493,16.4877429135627],[102.826368579931,16.4877496660652],[102.826366190701,16.4877564725797],[102.826364637013,16.4877631573173],[102.826363683091,16.4877710455662],[102.826363584275,16.4877778101253],[102.826365007678,16.4877858434077],[102.826383963106,16.4882919696709],[102.826383257845,16.4882987119538],[102.826383194557,16.4883054758618],[102.82638423422,16.4883133979709],[102.826385896748,16.4883201329715],[102.826388216054,16.4883269290272],[102.826391302588,16.4883337435112],[102.826395316321,16.4883394383979],[102.826399721485,16.4883451594992],[102.826404925302,16.488350832585],[102.82641068678,16.4883553793083],[102.826416752787,16.4883600034645],[102.826423219639,16.488363468941],[102.826430200491,16.4883657754696],[102.826437137564,16.4883680909205],[102.826444862156,16.488369317304],[102.826452093067,16.4883705491216],[102.826459691122,16.4883695274831],[102.826467006722,16.4883695026477],[102.826479357059,16.4883663213657],[102.826882993064,16.488386273708],[102.82745464476,16.4884159764555],[102.82747670412,16.4884116914509],[102.827484563918,16.4883948440447],[102.827491332761,16.4883881377322]]]},"properties":{"id":"waterways-0002","label":"สระน้ำไม่มีชื่อ ม.27","sourceRecord":2,"sourceFolder":"ลำห้วย","datasetId":"waterways","sourceVersion":"2012-30","geometryDisplayRepair":false,"villageIds":["v27"],"villageId":"v27","electionIds":["e01"],"electionId":"e01","insideMunicipality":true}},{"type":"Feature","id":"waterways-0003","geometry":{"type":"Polygon","coordinates":[[[102.894973101518,16.5154283009179],[102.894967939308,16.5154191899769],[102.894963278452,16.5154180977922],[102.894937482463,16.5154212050426],[102.894901197579,16.5154264642198],[102.894857525764,16.5154283128329],[102.894832739744,16.5154302490515],[102.894819529514,16.5154267297982],[102.894807969178,16.515417667957],[102.89479574874,16.515404001686],[102.894790116069,16.5153869192223],[102.894798649455,16.5153768974973],[102.894829954859,16.5153546212719],[102.894852019583,16.5153446391835],[102.894860559908,16.5153368278123],[102.894868377279,16.5153199750738],[102.894874091613,16.5153030948426],[102.894872264189,16.5152826851417],[102.894866597552,16.5152408855831],[102.894858092633,16.5151910820347],[102.894851111458,16.5151639395299],[102.89484396067,16.5151434920966],[102.894841172554,16.5151344459865],[102.89483256052,16.5151197135528],[102.894816197738,16.5151116373122],[102.894789774048,16.5150989355014],[102.89476289133,16.515089645503],[102.894717357137,16.5150790328413],[102.894684964526,16.5150685194286],[102.894633413679,16.5150499323292],[102.894599242207,16.5150383008609],[102.894566873167,16.5150289617022],[102.894533387931,16.5150173174078],[102.894509718477,16.5150136974926],[102.89447440227,16.5150009018338],[102.894453446514,16.5149928310209],[102.894434480432,16.5149812819147],[102.894428791383,16.5149710827648],[102.894420217831,16.5149540245175],[102.894404576867,16.5148714928134],[102.894404074508,16.5148692493021],[102.894394615525,16.5148522039758],[102.894366085192,16.5148146324135],[102.894340446793,16.5147759458157],[102.894312997498,16.5147463379724],[102.894304250164,16.5147360001321],[102.894292180622,16.5147167515507],[102.894285613064,16.5147064903016],[102.894270209166,16.5146984231705],[102.894260744593,16.5146983463527],[102.894245522672,16.5147015871959],[102.894218780496,16.5147091817003],[102.89420064304,16.5147157638332],[102.894189106973,16.5147213340079],[102.894178828601,16.51473024876],[102.894174824061,16.5147427094684],[102.894173836806,16.5147562479577],[102.894173958903,16.5147720303557],[102.894351957675,16.5150595807559],[102.894913169233,16.5159122071419],[102.89540039924,16.516650054226],[102.895410570405,16.5166546695668],[102.895417990904,16.5166559754476],[102.895425210223,16.5166570902025],[102.895432853294,16.5166560650534],[102.895440225358,16.5166550043653],[102.89544752425,16.5166539793287],[102.895454542513,16.5166506687511],[102.895460985285,16.5166472967435],[102.895467166706,16.5166440442017],[102.895472529764,16.5166383221818],[102.895477550647,16.5166327933165],[102.895469938432,16.5166066984179],[102.895465170329,16.5165885685848],[102.895438020677,16.5165318350036],[102.895414213789,16.5164909950608],[102.895395101464,16.516462570645],[102.895355433853,16.5163966424654],[102.895323316584,16.5163386284342],[102.895298601121,16.5162944094136],[102.895270306929,16.5162398724655],[102.895237052308,16.5161729050882],[102.895214266801,16.516127542957],[102.89517572793,16.5160492510143],[102.895143314136,16.5159879195264],[102.895131117246,16.5159584663814],[102.895118897821,16.5159165654718],[102.89511419607,16.5158961463045],[102.895098968462,16.5158361918425],[102.895090529358,16.5158010917755],[102.895074541478,16.5157738576528],[102.895061239853,16.5157600997202],[102.895040074914,16.5157587608871],[102.895014635842,16.5157550947009],[102.895002180741,16.5157493111789],[102.894987093868,16.5157379856327],[102.894970020225,16.5157174194691],[102.894956492342,16.5156924328822],[102.894938577597,16.5156493408923],[102.894930384018,16.515626660052],[102.894925504752,16.5156085322672],[102.894923845404,16.5156061930744],[102.894919132893,16.515600522993],[102.894913962109,16.5155948533494],[102.894906373833,16.5155925951043],[102.89489678034,16.5155822740071],[102.894893264954,16.5155675609866],[102.894886616574,16.5155550465837],[102.894871400862,16.5155356682437],[102.894858109474,16.5155164064446],[102.894857372322,16.5154971962104],[102.894860142484,16.5154882420898],[102.894964257382,16.5154418056796],[102.894970736239,16.515436178325],[102.894972914018,16.5154305158063],[102.894973101518,16.5154283009179]]]},"properties":{"id":"waterways-0003","label":"หนองน้ำไม่มีชื่อ ม.4","sourceRecord":3,"sourceFolder":"ลำห้วย","datasetId":"waterways","sourceVersion":"2012-30","geometryDisplayRepair":false,"villageIds":["v04"],"villageId":"v04","electionIds":["e03"],"electionId":"e03","insideMunicipality":true}},{"type":"Feature","id":"waterways-0004","geometry":{"type":"Polygon","coordinates":[[[102.856443890768,16.4640080871734],[102.856433795279,16.4640056007802],[102.856414395829,16.4640106620421],[102.856403327701,16.4640135494901],[102.856388309601,16.4640286047751],[102.856210094791,16.4647997346843],[102.856217472367,16.464809978435],[102.856248330093,16.464821724628],[102.857019585982,16.464974969127],[102.857044953774,16.464967111649],[102.857059821867,16.4649446721536],[102.857069151414,16.4648941820162],[102.857200919431,16.4642081747807],[102.857195134186,16.4641738046453],[102.85717457649,16.4641667941465],[102.857158977716,16.4641634817468],[102.856443890768,16.4640080871734]]]},"properties":{"id":"waterways-0004","label":"บ่อน้ำไม่มีชื่อ ม.13","sourceRecord":4,"sourceFolder":"ลำห้วย","datasetId":"waterways","sourceVersion":"2012-30","geometryDisplayRepair":false,"villageIds":["v13"],"villageId":"v13","electionIds":["e02"],"electionId":"e02","insideMunicipality":true}},{"type":"Feature","id":"waterways-0005","geometry":{"type":"Polygon","coordinates":[[[102.877849464792,16.5139337221675],[102.877820845191,16.5139334376962],[102.877789407679,16.5139342810952],[102.87773236713,16.5139303132563],[102.877700051084,16.5139255230581],[102.877686923716,16.5139129388495],[102.87767837963,16.513893586438],[102.877671101017,16.5138630460057],[102.877671504733,16.5138292256189],[102.877674819469,16.5137997811844],[102.877685614585,16.513770572124],[102.877695473428,16.5137481022634],[102.877740370108,16.5137384372581],[102.877796634213,16.5137321464742],[102.877875840271,16.5137217624014],[102.878026117119,16.5137040750376],[102.878046351189,16.5136929466894],[102.878054157445,16.5136828560114],[102.878033324104,16.5133358954097],[102.878008596168,16.5130070369317],[102.877999862002,16.5129131835358],[102.877992590649,16.5128905900346],[102.87797221563,16.5128485421283],[102.877963042119,16.5128111626596],[102.877953909397,16.5127817709891],[102.877939828756,16.5127635527861],[102.877920839373,16.5127565497277],[102.877660827546,16.5129266897925],[102.877653992947,16.5129412709568],[102.877648220098,16.5129570802018],[102.877636653648,16.5129761415015],[102.877622095167,16.5129918271467],[102.877498608191,16.5130424969954],[102.877346650967,16.5131008265044],[102.877190920889,16.5131601941656],[102.876998648874,16.5132407464592],[102.876960480898,16.5132459301412],[102.876870344877,16.5132269780504],[102.876701282406,16.5131902106753],[102.876642250671,16.513180661152],[102.87662693457,16.5131850158681],[102.876615419973,16.5131973128633],[102.876602962065,16.513214172049],[102.876585416092,16.5132409991724],[102.876562924818,16.513284803006],[102.87654803336,16.5133355266523],[102.876525516498,16.5133951447902],[102.876502690351,16.5134705148365],[102.876502103731,16.5135214616622],[102.876514104326,16.5135757456896],[102.876526098189,16.5136029026313],[102.87653794674,16.5136380508408],[102.876559543405,16.5136778205883],[102.87658094463,16.5137288315535],[102.876602033288,16.5137776314821],[102.876622672487,16.5138253272789],[102.876637591466,16.5138468872904],[102.876658261808,16.5138617665778],[102.876712695922,16.5138555804615],[102.876796560309,16.5138462957658],[102.876859584329,16.5138389547734],[102.876904391112,16.5138304031861],[102.876979794298,16.5138176215515],[102.877086450606,16.5138006653005],[102.877105530748,16.5138008285451],[102.87712444897,16.5138043575011],[102.877141684913,16.5138136136592],[102.877167031344,16.5139301830129],[102.877195836797,16.5140525274528],[102.877232149655,16.5142075482348],[102.877247158063,16.5142302559932],[102.877262287841,16.514241761807],[102.877282357481,16.5142453397122],[102.877306099444,16.5142432725156],[102.877360323989,16.5142382043925],[102.877445319151,16.5142277931266],[102.877534936573,16.5142151873318],[102.877573973129,16.5142110583392],[102.877633214445,16.514202570274],[102.877724646516,16.51418660586],[102.877836386466,16.5141651255223],[102.877908942897,16.5141478148151],[102.877974568932,16.5141382777326],[102.877998642578,16.5141295474641],[102.878017860258,16.5141172596632],[102.878029462856,16.5140959348125],[102.878037294285,16.5140678157278],[102.878044512067,16.514028362209],[102.878036164889,16.5140169487008],[102.878003676653,16.5140132309265],[102.877967494608,16.514008323177],[102.877938370318,16.5140000983469],[102.877897505785,16.5139760650411],[102.877877693216,16.5139544075566],[102.877849464792,16.5139337221675]]]},"properties":{"id":"waterways-0005","label":"สระน้ำไม่มีชื่อ ม.7","sourceRecord":5,"sourceFolder":"ลำห้วย","datasetId":"waterways","sourceVersion":"2012-30","geometryDisplayRepair":false,"villageIds":["v07"],"villageId":"v07","electionIds":["e03"],"electionId":"e03","insideMunicipality":true}},{"type":"Feature","id":"waterways-0006","geometry":{"type":"Polygon","coordinates":[[[102.849285287753,16.5140041200718],[102.84923026372,16.5139956768712],[102.849193154376,16.5139964708441],[102.849153881778,16.5140039211476],[102.8491065214,16.5140226827928],[102.849065958749,16.5140425731608],[102.849028998243,16.5140658744401],[102.849017856705,16.5141301590521],[102.849033978833,16.5141992757559],[102.849051693119,16.5142445843906],[102.849053213869,16.5142671755838],[102.849051625767,16.5143495830464],[102.849053961518,16.5144015780369],[102.849057945839,16.5144208656361],[102.849098895931,16.5145771093781],[102.849118995586,16.5146382324487],[102.849131101101,16.514679070008],[102.84915632659,16.5147086540278],[102.849173283592,16.5147099670119],[102.849188441718,16.5147113131912],[102.849274183647,16.5146861876998],[102.849347067173,16.5146621124308],[102.849377038958,16.5146510666955],[102.849422173924,16.5146436506958],[102.849472062795,16.5146249965814],[102.849483252513,16.5145979562776],[102.849482849523,16.5145776353571],[102.849460972167,16.5145503968745],[102.84942561689,16.5145161239236],[102.849415624002,16.5144968308329],[102.849408887386,16.5144662415592],[102.84940648464,16.5144435583807],[102.84939530113,16.5143994574279],[102.849389222439,16.5143113465117],[102.849378932655,16.514236659828],[102.849374027579,16.5142038631581],[102.849370156126,16.5141767317746],[102.84937078723,16.5141563917674],[102.849352463922,16.5140918352521],[102.849347949237,16.5140556604585],[102.849316369665,16.5140180731916],[102.849285287753,16.5140041200718]]]},"properties":{"id":"waterways-0006","label":"สระน้ำไม่มีชื่อ ม.17","sourceRecord":6,"sourceFolder":"ลำห้วย","datasetId":"waterways","sourceVersion":"2012-30","geometryDisplayRepair":false,"villageIds":["v17"],"villageId":"v17","electionIds":["e02"],"electionId":"e02","insideMunicipality":true}},{"type":"Feature","id":"waterways-0007","geometry":{"type":"Polygon","coordinates":[[[102.872533360598,16.4486130113678],[102.872880128957,16.4485849729895],[102.872886465739,16.4485863634245],[102.872988837371,16.4485783276074],[102.872997316659,16.4485732019636],[102.873004365647,16.4485623923708],[102.872993491197,16.4483208019218],[102.87298837685,16.4483062564537],[102.872971686457,16.448278993054],[102.872942211205,16.4482455574351],[102.872907209103,16.4482210490884],[102.872811099227,16.4481537456146],[102.87265000983,16.4480393551949],[102.872617888487,16.4480337698616],[102.872568381098,16.4480393197764],[102.87255090299,16.4480458209102],[102.872544902421,16.4480660135652],[102.872525776908,16.4483221469255],[102.872525993037,16.4483227663901],[102.872516748273,16.4485824288632],[102.872522006759,16.448605501666],[102.872533360598,16.4486130113678]]]},"properties":{"id":"waterways-0007","label":"แหล่งน้ำ #7","sourceRecord":7,"sourceFolder":"ลำห้วย","datasetId":"waterways","sourceVersion":"2012-30","geometryDisplayRepair":false,"villageIds":["v11"],"villageId":"v11","electionIds":["e03"],"electionId":"e03","insideMunicipality":false}},{"type":"Feature","id":"waterways-0008","geometry":{"type":"Polygon","coordinates":[[[102.85559651362,16.464022246497],[102.855515599703,16.4640191482204],[102.855506993432,16.4640236350908],[102.855496442364,16.4640324734004],[102.855490721593,16.4640392701407],[102.855480973094,16.4640481703486],[102.855479100576,16.4640560781319],[102.855476021642,16.4640707301146],[102.855466823085,16.4641361712693],[102.855439539999,16.4643831391716],[102.855407790181,16.4647159724646],[102.855408528896,16.4647532842239],[102.85541792918,16.464757918264],[102.855438947916,16.4647614818615],[102.855473989903,16.4647651938682],[102.855494598509,16.4647711371054],[102.855517772628,16.4647713035894],[102.855541473369,16.4647749269085],[102.855572732864,16.4647752772712],[102.855598494844,16.464774432407],[102.855632008268,16.4647668706518],[102.85567654911,16.4647571016375],[102.855706288662,16.4647404748004],[102.855737910893,16.4647125817159],[102.85575217782,16.4646381434608],[102.855764995469,16.4644846537272],[102.855766878786,16.4644677996748],[102.855769257593,16.464435120487],[102.855773461923,16.4643978276899],[102.8557777579,16.464359496488],[102.85578565116,16.4643053975559],[102.85579000785,16.4642546426957],[102.855792445829,16.4642229684557],[102.855795596541,16.4641733122445],[102.855798916179,16.464141727317],[102.855795406394,16.4641191746637],[102.85579252366,16.4641032620305],[102.85578226207,16.4640839331694],[102.855776616942,16.4640715506394],[102.855765283901,16.464062334392],[102.855749194722,16.4640542768272],[102.855729437323,16.4640428194378],[102.855720976674,16.4640393121704],[102.85570461013,16.4640368448052],[102.855673380965,16.4640320221987],[102.855640933729,16.4640238619649],[102.85559651362,16.464022246497]]]},"properties":{"id":"waterways-0008","label":"บ่อน้ำไม่มีชื่อ ม.13","sourceRecord":8,"sourceFolder":"ลำห้วย","datasetId":"waterways","sourceVersion":"2012-30","geometryDisplayRepair":false,"villageIds":["v13"],"villageId":"v13","electionIds":["e02"],"electionId":"e02","insideMunicipality":true}},{"type":"Feature","id":"waterways-0009","geometry":{"type":"Polygon","coordinates":[[[102.875067783473,16.5153596154685],[102.875045969953,16.5153562060038],[102.874435774015,16.5153904268315],[102.874400240341,16.5153929951818],[102.87438082094,16.5154105195538],[102.874354614861,16.5155701004629],[102.874277016018,16.5158986246108],[102.874275999119,16.515905406821],[102.874276538971,16.5159133817694],[102.874278554331,16.5159200724644],[102.874281694711,16.5159257723346],[102.87428600186,16.5159325729388],[102.874291495273,16.5159372339091],[102.874297850007,16.515940625644],[102.874311560519,16.5159441432938],[102.87514289267,16.5158540730816],[102.87516056766,16.5158480234709],[102.875176110221,16.5158343867061],[102.875177093925,16.5158285200025],[102.875179522442,16.5158279362331],[102.875183741899,16.5158027985647],[102.875080136116,16.5153841781717],[102.875067783473,16.5153596154685]]]},"properties":{"id":"waterways-0009","label":"บ่อน้ำไม่มีชื่อ ม.7","sourceRecord":9,"sourceFolder":"ลำห้วย","datasetId":"waterways","sourceVersion":"2012-30","geometryDisplayRepair":false,"villageIds":["v07"],"villageId":"v07","electionIds":["e03"],"electionId":"e03","insideMunicipality":true}},{"type":"Feature","id":"waterways-0010","geometry":{"type":"Polygon","coordinates":[[[102.84938089344,16.4906291950616],[102.849371253255,16.4906293727414],[102.849276529254,16.4906355478879],[102.849202049704,16.4906404656459],[102.849191112313,16.4906446535026],[102.849185816459,16.4906553826827],[102.849187511224,16.4906657367011],[102.849203349511,16.4907624634525],[102.849208486055,16.4907839305901],[102.849210239123,16.4908016217837],[102.849269078355,16.4910915138825],[102.849270334213,16.4910976957209],[102.849273244259,16.4911056164434],[102.849284338539,16.4911093982395],[102.849291060462,16.4911082989807],[102.849428993525,16.4910857846764],[102.849458709602,16.491080933975],[102.849466891959,16.4910767950771],[102.849468083964,16.4910674723971],[102.849442900993,16.4909404695736],[102.849419578763,16.4908028225247],[102.849418049512,16.4907937909106],[102.849390583468,16.4906316763862],[102.84938089344,16.4906291950616]]]},"properties":{"id":"waterways-0010","label":"สระน้ำไม่มีชื่อ ม.26","sourceRecord":10,"sourceFolder":"ลำห้วย","datasetId":"waterways","sourceVersion":"2012-30","geometryDisplayRepair":false,"villageIds":["v26"],"villageId":"v26","electionIds":["e02"],"electionId":"e02","insideMunicipality":true}},{"type":"Feature","id":"waterways-0011","geometry":{"type":"Polygon","coordinates":[[[102.900899295376,16.4663562326941],[102.900826519377,16.4664387776601],[102.900693148468,16.4666174604142],[102.90060766232,16.4667449105853],[102.900497676478,16.4669514746528],[102.900388004555,16.467173765138],[102.899995244204,16.4679141911229],[102.899936094733,16.4680273791545],[102.899706332944,16.4684670449201],[102.898936725988,16.4699287217881],[102.898116782289,16.4714825816478],[102.897677256981,16.4723308532524],[102.897328603139,16.4729949428083],[102.897121027094,16.4733763770075],[102.897013662688,16.4735514288751],[102.896908931423,16.4736949678621],[102.896778749289,16.4738704450583],[102.896676771379,16.4739887610996],[102.896487602565,16.4741496054564],[102.896220704797,16.4743370692391],[102.896037046536,16.4744474701509],[102.895843232101,16.4745391808676],[102.895655429697,16.4746056078],[102.895218022059,16.4747459060844],[102.894394791868,16.4749972241124],[102.893714166379,16.475204980578],[102.892417985676,16.4756072164986],[102.892417849832,16.4756066894119],[102.890632143452,16.4761590880846],[102.889138101275,16.4766210970822],[102.887063953147,16.4772637907058],[102.885527824054,16.4777422913878],[102.884140567839,16.4781645227004],[102.883873851879,16.4782494352436],[102.883346385979,16.4784026770847],[102.883109239652,16.4784479880761],[102.882838869543,16.4784624500967],[102.88263337815,16.4784599738599],[102.882371781218,16.4784239311541],[102.882161964313,16.4783680465997],[102.881964872658,16.4782961955713],[102.881750791454,16.4781900467923],[102.881585606576,16.4780829904876],[102.880863686706,16.4775300444039],[102.880191233907,16.4770044920488],[102.879829362934,16.4767286818411],[102.879830273537,16.4767280162164],[102.87913795293,16.4761870964388],[102.878266724669,16.4755047588718],[102.877819517524,16.4751543634879],[102.877147203928,16.4746350904765],[102.876933365939,16.4744729702324],[102.876931939141,16.4744691756383],[102.876729900496,16.4743124564262],[102.876657308939,16.4742697518196],[102.87657186852,16.4742367248831],[102.876466994903,16.4742103524394],[102.876336229006,16.4741938995074],[102.876218879572,16.4741960756312],[102.876082285713,16.4742143403028],[102.875955907736,16.4742544413765],[102.87583955952,16.4743069411035],[102.87572697278,16.4743845449308],[102.875675946216,16.4744421257636],[102.875676338982,16.4744460243557],[102.875592820547,16.474525472032],[102.875411697878,16.474779343026],[102.875339730213,16.4748623975543],[102.87514443538,16.4750279754366],[102.875079752656,16.4751013949759],[102.875005643994,16.4751756993278],[102.87493897479,16.4752375075119],[102.874896260775,16.4752694480376],[102.874883380856,16.4752790784201],[102.874879645638,16.4752818733881],[102.874808211412,16.4753256633537],[102.874763201171,16.475353256939],[102.874725819779,16.4753697385319],[102.874695890213,16.4753829358044],[102.874639835937,16.4753988089433],[102.874569718631,16.4754161788503],[102.874498122014,16.4754236873995],[102.874462168691,16.475429800788],[102.872790186687,16.4757267397757],[102.870876454185,16.4760336789903],[102.870657401842,16.4760758427494],[102.870519455355,16.4760969397134],[102.870375084851,16.4761169176445],[102.870277801382,16.4761211921761],[102.870182931683,16.4761180053682],[102.870146692953,16.4761121403926],[102.870135447634,16.4761139384029],[102.870054421809,16.4760981350964],[102.869950145375,16.4760728698419],[102.869859809278,16.4760399307245],[102.8697577236,16.4759960805857],[102.869494762228,16.4759151392512],[102.869471144647,16.4759578060227],[102.869739278513,16.4760426693898],[102.869801463183,16.4760694413059],[102.869904751994,16.4761095572272],[102.869974302407,16.476128048878],[102.870056758257,16.4761512459462],[102.870124856902,16.4761611081123],[102.870195417604,16.4761659829724],[102.870259524203,16.4761685060213],[102.870323533408,16.4761660855519],[102.870406703619,16.476160835339],[102.870488521371,16.4761519036443],[102.870814161834,16.4760988986586],[102.871266171712,16.4760225380708],[102.871821691451,16.475933133358],[102.872091130274,16.4758885841823],[102.872373275796,16.4758388575832],[102.872710440104,16.4757856372253],[102.873115234293,16.4757187994918],[102.873482937636,16.475655120586],[102.873744689703,16.4756107127648],[102.87402173603,16.4755623128798],[102.874210782588,16.4755340852041],[102.874421454646,16.4754980426477],[102.874556812956,16.4754757551371],[102.87463845385,16.4754581698091],[102.874719229677,16.4754333950501],[102.874771325191,16.4754111567585],[102.8748607771,16.4753638099131],[102.874926559455,16.475321796592],[102.874989682147,16.475274888186],[102.875041304912,16.4752294299612],[102.875151790142,16.4751161286731],[102.875397497463,16.4749314734956],[102.875467897423,16.4748404594208],[102.875687483716,16.4745565689723],[102.875777184646,16.4744496871636],[102.875909078504,16.4743591415187],[102.876044859992,16.4742999881543],[102.876181328653,16.4742754343754],[102.876331274491,16.4742726537885],[102.876442419241,16.4742863244145],[102.876524412249,16.4743099750208],[102.876613301046,16.4743523774329],[102.876729021008,16.4744320362219],[102.876744317161,16.4744428782638],[102.876845459592,16.474521195898],[102.877530530178,16.4750527486662],[102.878709611506,16.4759653578942],[102.879759565702,16.4767796718657],[102.879759805338,16.4767794968912],[102.880332721187,16.4772315537143],[102.880991636257,16.4777321848204],[102.881518282958,16.4781408752877],[102.881861565424,16.4783484556729],[102.882078338716,16.4784262362028],[102.882373350292,16.4785025621118],[102.882579404787,16.4785333443976],[102.882755683528,16.4785426548267],[102.882993646215,16.4785382334899],[102.883179011008,16.4785127661884],[102.883393402799,16.4784710249905],[102.883581591111,16.4784234782404],[102.883947808402,16.478309693505],[102.883947691352,16.4783088890686],[102.884456700049,16.4781555007912],[102.885457930614,16.4778348343607],[102.886332970826,16.4775637060518],[102.888520589269,16.4768874443857],[102.890296530881,16.4763352404758],[102.892435531928,16.4756755810856],[102.892434867721,16.4756729949961],[102.89355683422,16.4753274728693],[102.894905047164,16.4749122044483],[102.895575892326,16.4747046268],[102.895854456526,16.4746113367012],[102.896041879145,16.47452603822],[102.896238576882,16.4744153969422],[102.896463664999,16.4742570292674],[102.896627198834,16.4741186846351],[102.896800007709,16.4739549999604],[102.897031912765,16.4736486251531],[102.897183842152,16.4734192559196],[102.897362710071,16.4730698206688],[102.897837340184,16.4721831359663],[102.898669569356,16.4705912930351],[102.899260128309,16.469469615231],[102.900007395622,16.4680360947866],[102.90010480885,16.4678492210926],[102.900629173801,16.4668420455188],[102.900730263957,16.4666796972082],[102.900815813019,16.4665553928317],[102.900908193616,16.4664466923807],[102.9009551809,16.4663946767339],[102.900899295376,16.4663562326941]]]},"properties":{"id":"waterways-0011","label":"คลองส่งน้ำชลประทาน","sourceRecord":11,"sourceFolder":"ลำห้วย","datasetId":"waterways","sourceVersion":"2012-30","geometryDisplayRepair":false,"villageIds":["v10","v08"],"villageId":null,"electionIds":["e03"],"electionId":"e03","insideMunicipality":true}},{"type":"Feature","id":"waterways-0012","geometry":{"type":"Polygon","coordinates":[[[102.865230320642,16.4922775777822],[102.865386937141,16.492244189535],[102.865408009459,16.4922443201003],[102.865423430584,16.4922298781002],[102.86543038251,16.4922119007893],[102.865393065872,16.4920341295455],[102.865340688497,16.4917388876668],[102.865281658206,16.491432201818],[102.865235595482,16.4911538813685],[102.865211153824,16.4910091644557],[102.865202806602,16.4909921000875],[102.86519619975,16.4909852424297],[102.865167850297,16.490984985742],[102.86500037312,16.4910136969774],[102.864842049865,16.4910381035971],[102.864829420826,16.4910504565566],[102.864824127226,16.4910808201595],[102.864824563485,16.4911180991677],[102.864838736608,16.4911893875475],[102.864875456914,16.4913794463066],[102.864935207734,16.4916489339437],[102.86499398827,16.4919680064089],[102.865040015976,16.4921965847155],[102.865065912968,16.4923008035305],[102.865076378411,16.4923087410608],[102.865088050216,16.4923099984374],[102.865103873648,16.4923101909916],[102.865230320642,16.4922775777822]]]},"properties":{"id":"waterways-0012","label":"สระน้ำหมู่ 18","sourceRecord":12,"sourceFolder":"ลำห้วย","datasetId":"waterways","sourceVersion":"2012-30","geometryDisplayRepair":false,"villageIds":["v18"],"villageId":"v18","electionIds":["e03"],"electionId":"e03","insideMunicipality":true}},{"type":"Feature","id":"waterways-0013","geometry":{"type":"Polygon","coordinates":[[[102.853760836186,16.4598488564411],[102.853730536102,16.4598397277583],[102.853657863452,16.4598674012875],[102.852999806722,16.4601179875772],[102.852976834792,16.4601410172799],[102.852970782701,16.4601734204106],[102.85321559504,16.4609131973695],[102.853244592168,16.4609886098375],[102.853265111988,16.4610108375436],[102.853295281735,16.461013510153],[102.853343717573,16.4609985992262],[102.854020408749,16.4607902492575],[102.854043316771,16.4607639940807],[102.854039333669,16.460731774034],[102.853787979845,16.4598677346367],[102.853760836186,16.4598488564411]]]},"properties":{"id":"waterways-0013","label":"บ่อน้ำไม่มีชื่อ ม.13","sourceRecord":13,"sourceFolder":"ลำห้วย","datasetId":"waterways","sourceVersion":"2012-30","geometryDisplayRepair":false,"villageIds":["v13"],"villageId":"v13","electionIds":["e02"],"electionId":"e02","insideMunicipality":true}},{"type":"Feature","id":"waterways-0014","geometry":{"type":"Polygon","coordinates":[[[102.898062445579,16.4749491179973],[102.898020966959,16.4749278877649],[102.897992430124,16.4749313251528],[102.89791523153,16.4749794511025],[102.897834818372,16.4749982727427],[102.897738031585,16.4750801395107],[102.897644590689,16.4751458208629],[102.897545611774,16.4752622273277],[102.897459842623,16.4753473116581],[102.897155001639,16.4756875186899],[102.897105359564,16.4757582143959],[102.897068953791,16.4758136590746],[102.897085160575,16.4758552153468],[102.89713643272,16.475900646134],[102.8971569501,16.4759073659919],[102.897181646531,16.4759069055042],[102.897580697594,16.4759639897843],[102.897655886022,16.4759737871407],[102.897695864642,16.4759809479138],[102.897729058398,16.4759880177682],[102.89775988921,16.4759860777258],[102.897831205861,16.4759382897102],[102.897900660453,16.4758779772532],[102.897996853913,16.4757965409546],[102.898057918073,16.4757226032635],[102.89810639189,16.4756281976315],[102.898149445986,16.4755462086189],[102.898161608427,16.4754729212948],[102.89816822832,16.4754017628646],[102.898164534745,16.475339632395],[102.898148405886,16.4752840955202],[102.898153121995,16.4751984204055],[102.898191867564,16.4751215372213],[102.89820344975,16.4750675496597],[102.898210946788,16.4750326159511],[102.898209388698,16.4750243408152],[102.898062445579,16.4749491179973]]]},"properties":{"id":"waterways-0014","label":"สระน้ำไม่มีชื่อ ม.10","sourceRecord":14,"sourceFolder":"ลำห้วย","datasetId":"waterways","sourceVersion":"2012-30","geometryDisplayRepair":false,"villageIds":["v10"],"villageId":"v10","electionIds":["e03"],"electionId":"e03","insideMunicipality":true}},{"type":"Feature","id":"waterways-0015","geometry":{"type":"Polygon","coordinates":[[[102.856289815407,16.4892091760497],[102.85629959338,16.4891923305069],[102.856304822683,16.4891664343178],[102.85631806139,16.4890864369362],[102.856324403168,16.4890142199863],[102.856326265285,16.4889283684633],[102.856326219095,16.4888470626437],[102.856332948679,16.4887962368796],[102.856337981347,16.4887387845611],[102.856340074337,16.4886823483419],[102.856340975482,16.4886484756541],[102.856332445286,16.488600924471],[102.856317839595,16.4885748441004],[102.856301979919,16.4885577266168],[102.856273813206,16.4885336713837],[102.856245585796,16.4885164574105],[102.85620423021,16.4884979609589],[102.856142750252,16.4884804378424],[102.856093448287,16.4884686268531],[102.856037754063,16.488447745091],[102.85598580775,16.4884279336958],[102.855926324823,16.4884126942917],[102.855877892606,16.4883986205245],[102.855841184386,16.4883824093766],[102.855822336356,16.488374367054],[102.855784684724,16.4883513737642],[102.855740565876,16.4883249133034],[102.855713193922,16.4883122588889],[102.855695462852,16.4883064507198],[102.855672699916,16.4882983001919],[102.855655021487,16.4882856202212],[102.855646638614,16.4882765672415],[102.855629482837,16.4882650605032],[102.85560798519,16.488254740098],[102.855587163938,16.4882499507843],[102.855575830834,16.4882442112764],[102.85556157484,16.4882384481243],[102.855549324068,16.4882348648482],[102.855529525614,16.4882290235436],[102.855519794463,16.4882289433089],[102.855504546679,16.4882366901828],[102.85548536705,16.4882489461185],[102.855478198767,16.4882658219562],[102.855468186914,16.4882962014027],[102.855458576515,16.4883389508533],[102.85545200755,16.4884598136984],[102.855448556596,16.488538849955],[102.855449975912,16.4886935269969],[102.855451913295,16.4887386925269],[102.855456986654,16.4888053798918],[102.855458631866,16.488870945847],[102.855463842295,16.488930868126],[102.855468031758,16.489003158693],[102.855471339639,16.4890675877657],[102.855468158023,16.4891216738419],[102.855467460635,16.4891579058529],[102.855467240489,16.4891759491081],[102.855473434823,16.489196307395],[102.855481578774,16.4892054297493],[102.855491136483,16.489212276634],[102.85554013182,16.4892297425425],[102.855568795346,16.4892323497386],[102.855602126109,16.489230370226],[102.855629657462,16.4892262032783],[102.855715482337,16.4892213310598],[102.855767040845,16.4892196430161],[102.855809788327,16.4892177783619],[102.855843111505,16.4892192366195],[102.855904822187,16.489223342305],[102.855938244472,16.4892203198245],[102.855980362531,16.489213926508],[102.856029867291,16.4892144507974],[102.856085648792,16.4892228876353],[102.85613504851,16.4892279234077],[102.856173001801,16.4892294783887],[102.856219856235,16.4892299071994],[102.856254214028,16.4892257233125],[102.856269479807,16.489221381227],[102.856289815407,16.4892091760497]]]},"properties":{"id":"waterways-0015","label":"สระน้ำไม่มีชื่อ ม.26","sourceRecord":15,"sourceFolder":"ลำห้วย","datasetId":"waterways","sourceVersion":"2012-30","geometryDisplayRepair":false,"villageIds":["v26"],"villageId":"v26","electionIds":["e02"],"electionId":"e02","insideMunicipality":true}},{"type":"Feature","id":"waterways-0016","geometry":{"type":"Polygon","coordinates":[[[102.895695995843,16.5158714917378],[102.895683788061,16.5158589729475],[102.895664735427,16.5158621771924],[102.895595932737,16.5158659326551],[102.895516981034,16.5158810861631],[102.895452158483,16.5158961940848],[102.895395081617,16.51590239027],[102.895322631014,16.5159096251424],[102.895299800825,16.5159115258008],[102.895260821101,16.5159179839377],[102.895240570886,16.5159245695465],[102.895214100268,16.5159377773706],[102.895198708191,16.51595351387],[102.895189213958,16.5159635192722],[102.895188154311,16.5159793183099],[102.895192887006,16.5160031428455],[102.895204350757,16.5160269156507],[102.895222948363,16.5160598951888],[102.895250586335,16.5161087197055],[102.895278029837,16.5161417956694],[102.895304839244,16.5161815825902],[102.895331213211,16.5162337843163],[102.895353904993,16.5162690223576],[102.895379360333,16.516321213261],[102.8953973482,16.5163642578002],[102.895420289983,16.5164119501659],[102.895444757683,16.5164743908814],[102.895460656395,16.516521872842],[102.895476068144,16.5165627531969],[102.895490054147,16.5165877708653],[102.895505151096,16.5166014573246],[102.895543242917,16.5165905505258],[102.895567116964,16.5165794247929],[102.895585450767,16.5165649605063],[102.89559198379,16.5165549021286],[102.895587373759,16.5165424579582],[102.895555268156,16.5164947220593],[102.895523753717,16.5164458238544],[102.895476416167,16.5163662563798],[102.895445210479,16.5163230464126],[102.895432913184,16.5163002906835],[102.895418759083,16.5162572034124],[102.895389251722,16.5161937145821],[102.895378975108,16.5161744308118],[102.895374176449,16.5161585517254],[102.895368450062,16.5161404388821],[102.895358040496,16.5161256678818],[102.895343974095,16.5161119260647],[102.89532581858,16.5161083846355],[102.895305971854,16.5161025479193],[102.895286736259,16.5160944008836],[102.895280154033,16.5160796395954],[102.895275562989,16.5160457244922],[102.895275757157,16.5160321918023],[102.895287949742,16.5160040632638],[102.895300458735,16.5159917468572],[102.895321369059,16.5159762041224],[102.895347327931,16.515963967629],[102.895371034336,16.5159541379696],[102.895418563825,16.5159422032325],[102.895452025007,16.5159391719855],[102.895488360459,16.515932654934],[102.8955588333,16.5159221755046],[102.895598884421,16.5159156973014],[102.895657763113,16.5159095729666],[102.895677712838,16.5159074951002],[102.89568831397,16.5159030132575],[102.89570065827,16.5158940959327],[102.895695995843,16.5158714917378]]]},"properties":{"id":"waterways-0016","label":"หนองน้ำไม่มีชื่อม.4","sourceRecord":16,"sourceFolder":"ลำห้วย","datasetId":"waterways","sourceVersion":"2012-30","geometryDisplayRepair":false,"villageIds":["v04"],"villageId":"v04","electionIds":["e03"],"electionId":"e03","insideMunicipality":true}},{"type":"Feature","id":"waterways-0017","geometry":{"type":"Polygon","coordinates":[[[102.88194406568,16.5076680367664],[102.882002483045,16.507590333508],[102.882018981577,16.5075683860738],[102.882074268617,16.5074668223815],[102.882113926948,16.5073655485568],[102.882162002755,16.5072942794568],[102.882215189167,16.5072178879275],[102.88230453222,16.5071257425574],[102.882493989115,16.5069588479305],[102.882554885945,16.5068958141646],[102.88257980356,16.5068611976513],[102.882597883595,16.506818626908],[102.882600555894,16.5068161167486],[102.882622891324,16.5067604040475],[102.882626943375,16.5067025205817],[102.882625486726,16.5066296603086],[102.882600642573,16.5065597470631],[102.882563073982,16.5065051507771],[102.882507329978,16.506453407225],[102.882396542407,16.5063850938888],[102.882283351204,16.5063268789744],[102.882181130931,16.5062961075429],[102.882131196087,16.5062744135095],[102.882107254288,16.5062497240247],[102.882096035171,16.5062097203347],[102.882097085205,16.5062036728634],[102.882113642198,16.5061660802336],[102.882132426022,16.506139858744],[102.882191930242,16.5061059738611],[102.882371916176,16.5061048800135],[102.882599404454,16.5061750740756],[102.882777166825,16.5062674203559],[102.882916451544,16.5063276640055],[102.882997489062,16.5063412371576],[102.883049572676,16.5063402679634],[102.883109222663,16.5063265914205],[102.883158352782,16.5063080814874],[102.88319160516,16.5062773058969],[102.883216542173,16.506221544762],[102.883223200556,16.50616361372],[102.883204863018,16.5060282304519],[102.883202401549,16.5059051227863],[102.883199432205,16.505849602169],[102.88318783685,16.5058064594331],[102.883168385374,16.505767518499],[102.88311975104,16.5056804532544],[102.88306300161,16.5055784596933],[102.883033096276,16.5055161825841],[102.883013612073,16.5054537088491],[102.883015110668,16.5053983874833],[102.883039145439,16.5052974043603],[102.883051310688,16.5052544492477],[102.88308691915,16.5052110615235],[102.883148716576,16.5051747220673],[102.883257905566,16.5051183468653],[102.883269914357,16.5051121468997],[102.883507651146,16.5050147271145],[102.883634558307,16.5049771776821],[102.883683336401,16.5049410821937],[102.883716137213,16.5048876910822],[102.88373071854,16.5048410215512],[102.883730580326,16.5047668051003],[102.88348516484,16.5042752333311],[102.883404606827,16.5039879538767],[102.883408563424,16.5038965328963],[102.883453147827,16.5037277305723],[102.883506169851,16.5036342444165],[102.883572222605,16.5035754355381],[102.883721749778,16.5035072823677],[102.883759628794,16.5034761617497],[102.883813196573,16.5034118991778],[102.883942479998,16.5031760787078],[102.883981574023,16.5031426789322],[102.884369490136,16.503107262437],[102.884508809695,16.5030572598646],[102.884586792738,16.5030107149264],[102.88463030662,16.5029647438671],[102.884716049083,16.5028368737623],[102.884766136652,16.502596833915],[102.88478427149,16.50236193434],[102.884768089717,16.5022539188011],[102.884725603136,16.5021464623278],[102.884667127652,16.5020629242893],[102.8844549281,16.5018819108584],[102.884441253105,16.5018415795061],[102.884454801823,16.5017894435404],[102.884482299176,16.5017681728535],[102.884510129119,16.5017584375395],[102.884804446455,16.5017615753627],[102.885100640899,16.5018157892817],[102.885325300336,16.5018251284618],[102.885468411892,16.5017943440359],[102.885510566452,16.5017664684056],[102.885539509355,16.5017253185341],[102.885552587289,16.5016747693505],[102.885542574447,16.5016390697462],[102.885515839419,16.5015490061224],[102.885495085132,16.5014790974462],[102.885462578288,16.5014168682292],[102.885425417047,16.5013823741284],[102.885232943597,16.5012678265016],[102.885138538683,16.5012369106196],[102.885096066987,16.5011974852538],[102.885082342804,16.5011625530254],[102.885076528963,16.5011325008863],[102.885083841986,16.5011072317424],[102.885106826743,16.5010841818548],[102.885205083115,16.5010471670958],[102.885271991152,16.5010057057823],[102.885307345338,16.5009497543331],[102.885328269061,16.5008236961485],[102.885337884141,16.5007833030783],[102.885366078859,16.5007601589035],[102.885412905227,16.5007567708974],[102.885491233402,16.5007653675058],[102.885616585233,16.5007806279096],[102.885727881157,16.500771540191],[102.885740268169,16.5007731393539],[102.88588786823,16.5007601880731],[102.88597041754,16.5007372526655],[102.886072551395,16.5006752037993],[102.886129057589,16.5006127439399],[102.886159202384,16.5005568875878],[102.886163558982,16.5005140814615],[102.886162403063,16.5004562932937],[102.886153603525,16.5003872746043],[102.886052694289,16.5002619869082],[102.886032308916,16.5001812498689],[102.886066253245,16.5000609537686],[102.886106323096,16.4999880668036],[102.886181233275,16.4999393673709],[102.886230080323,16.4999282625758],[102.886322816255,16.4999434243119],[102.886499688441,16.5000495530552],[102.88668889815,16.500188132168],[102.886772984788,16.5002113953938],[102.886861264212,16.5002108306704],[102.886907124497,16.500197589769],[102.886947930739,16.5001619481594],[102.886987062402,16.4999318187887],[102.887041686711,16.4998718957494],[102.887067227263,16.499846288977],[102.887111198445,16.4998303891194],[102.887158221839,16.4998370526355],[102.887219025519,16.4998811616902],[102.8872714106,16.4998952654034],[102.887351839215,16.4998786883728],[102.88741113297,16.4998474238655],[102.88743778106,16.4998279560662],[102.887467623922,16.499806157814],[102.887515897324,16.4997449382373],[102.887517975084,16.4997408123676],[102.887566680073,16.4996442356505],[102.887586299431,16.4996179577616],[102.887611437635,16.4995722482746],[102.887626158781,16.4995267327916],[102.88761723744,16.4994716038926],[102.887592947983,16.499429328585],[102.887542562384,16.4993850256102],[102.887476702557,16.4993485526686],[102.887408241025,16.4993121263468],[102.887344230765,16.4992379167459],[102.887295646458,16.499153367029],[102.88725972999,16.4990509875946],[102.887201372011,16.4988685979857],[102.887170264406,16.4987460215049],[102.8871608425,16.4986657670915],[102.887162319708,16.4986052096759],[102.887245264051,16.4984580976599],[102.887277511094,16.4983770691466],[102.887296634278,16.4982912595],[102.887299529224,16.4981755881394],[102.887225237553,16.497863317263],[102.887168766014,16.4973834334963],[102.887200014073,16.4973172168525],[102.887223826719,16.4972959415038],[102.88742332097,16.4972173431762],[102.887675665552,16.4971539955524],[102.887781590393,16.4971024283793],[102.887878288582,16.4969980404775],[102.887934710845,16.4968965436257],[102.887940471226,16.496719417527],[102.887920596316,16.4965990833918],[102.88787885173,16.496469005337],[102.887740630091,16.4962539060723],[102.887660262599,16.4960907264274],[102.887627035633,16.4959503917234],[102.887643926839,16.4958970485916],[102.887666943717,16.4958797137239],[102.887698615103,16.4958834791328],[102.887714982502,16.4958932416255],[102.887770775081,16.495947495975],[102.887852709942,16.4960062926204],[102.888031754018,16.4961009784889],[102.888163220062,16.4961613653458],[102.888246956196,16.4961799142616],[102.88833309378,16.496188361988],[102.888410816677,16.4961668079385],[102.888490892648,16.496132643565],[102.8885682636,16.4960935031381],[102.888647634696,16.4960241624754],[102.888716589844,16.4959550166969],[102.888758999666,16.4958612332897],[102.888829181064,16.4955125346936],[102.888889752006,16.4952604154869],[102.889267031081,16.4948055950476],[102.889418101516,16.4947385547379],[102.889448845748,16.4947344136683],[102.889528991221,16.4947636223017],[102.889620789555,16.4947945879341],[102.889691453534,16.4948108635116],[102.889853673284,16.494829862539],[102.889883076016,16.4948358849135],[102.889960135212,16.4948332610391],[102.890038670033,16.4948126919808],[102.890328330163,16.4946866020849],[102.890532130272,16.4946455168829],[102.890612218495,16.494642946417],[102.890824004303,16.4946958233455],[102.89095360679,16.4947446186786],[102.89099654427,16.4947527895403],[102.891036253271,16.4947492228253],[102.891057771494,16.4947426775491],[102.891091221935,16.4947219495002],[102.891121817295,16.4946887037015],[102.891134286094,16.4946608248053],[102.891149306199,16.4946303847144],[102.891153608671,16.4945850633627],[102.89115250207,16.4945297909236],[102.891115450951,16.494414669474],[102.891127788663,16.4943181178916],[102.89115289675,16.494270970644],[102.891249934086,16.4941788721303],[102.891331264884,16.4941277240689],[102.891408537649,16.4941037459629],[102.891867780751,16.4940985133467],[102.891952669993,16.4940777864254],[102.892026893608,16.4940447306404],[102.892081565077,16.4940009534293],[102.892134333449,16.493922104537],[102.892157378294,16.4938179387915],[102.892153754364,16.4937536719639],[102.892136274935,16.4936731965748],[102.892067263076,16.493507393064],[102.892061146826,16.4934622659318],[102.892073363919,16.4934218261828],[102.892114074631,16.4933733098873],[102.892142365281,16.4933551906536],[102.892254669749,16.4932965105316],[102.892371819028,16.4932352985866],[102.892428303272,16.4931940318735],[102.892453710807,16.4931642877313],[102.892459378167,16.4931511320615],[102.892462950711,16.4931029037942],[102.892447817501,16.4929976262869],[102.89236486417,16.4927578868743],[102.89220723594,16.492431574243],[102.892174276582,16.4923467335906],[102.892131754017,16.4923047995557],[102.892091989521,16.4922703514357],[102.89207115559,16.4922645386248],[102.892063723445,16.4922579319803],[102.892010709644,16.4922442225057],[102.891922319858,16.4922534089913],[102.891860173239,16.4922721591392],[102.891819011736,16.4922980618295],[102.891773093172,16.4923466705851],[102.891727426138,16.4924078437891],[102.89168406258,16.4924538930747],[102.891637590614,16.4924748638023],[102.891588111894,16.4924757858799],[102.89157233653,16.492468539822],[102.891564022252,16.4924435618897],[102.891618834475,16.4921886890266],[102.891614822652,16.4921183897595],[102.891605301157,16.4920860341288],[102.891591402637,16.4920655659105],[102.891553421269,16.4920441326646],[102.891503589633,16.4920274675424],[102.891448753231,16.4920209493606],[102.891378643554,16.4920323104098],[102.891218246604,16.4920880804491],[102.89112765659,16.4921174140764],[102.891070363837,16.4921184816132],[102.891018131006,16.4920965523119],[102.89099455773,16.4920531632702],[102.890992793942,16.4919933593593],[102.891084730229,16.4914927121651],[102.891094088915,16.4913514612363],[102.891099334461,16.4912231818054],[102.891097876049,16.4911503203573],[102.891075736373,16.4910853860915],[102.8910410293,16.491043305211],[102.890980165833,16.4909777173923],[102.89083785048,16.4908775573183],[102.890805755093,16.4908240143434],[102.890796689725,16.4907520127748],[102.890811861764,16.490717908616],[102.890915287747,16.4906031931925],[102.890915859582,16.4906014872235],[102.890979292408,16.4905618878986],[102.891035776349,16.4905206198539],[102.891068924431,16.4904848165819],[102.891083745056,16.4904443247653],[102.891083141619,16.4904141758199],[102.891069115021,16.4903641704718],[102.89104247354,16.4903345048366],[102.891007965004,16.4903024748224],[102.890955483889,16.4902833451826],[102.890926434613,16.4902637816927],[102.890915364353,16.4902313113844],[102.890921790695,16.4902055183232],[102.890929832151,16.4901732360113],[102.89095782455,16.4901400406612],[102.891004193635,16.49011404299],[102.891048413715,16.4901107054908],[102.891124131934,16.4901193484853],[102.891209902131,16.4901396271617],[102.891320291313,16.4901584203441],[102.891416742904,16.4901616505224],[102.891462430939,16.4901507338089],[102.891473781723,16.4901480203921],[102.891499572925,16.4901349733877],[102.89152771232,16.4901093143833],[102.891535174284,16.4900915816077],[102.891537274808,16.4900664095907],[102.891536419867,16.4900236989068],[102.891514380808,16.4899637874036],[102.891474161594,16.4899067291908],[102.891436850365,16.4898646968719],[102.891357722356,16.4898159036308],[102.891207308859,16.4897270201207],[102.891114829122,16.4896545489318],[102.891074714339,16.4896025123504],[102.891047262915,16.4895326515047],[102.89103579232,16.4894800821624],[102.891042648125,16.4894322005017],[102.891080703067,16.4893812257523],[102.891142245512,16.4893323252638],[102.89134820651,16.4892103582335],[102.891453414579,16.489130483947],[102.891540544885,16.4890584864947],[102.891598627823,16.4889669219518],[102.891635326575,16.4888481102185],[102.891646182095,16.4887398318934],[102.891677118049,16.4885934819161],[102.891680970761,16.4885255470352],[102.891669194713,16.4884579060582],[102.891644300141,16.4883854813028],[102.891617153307,16.4883306940449],[102.891561513405,16.4882839767898],[102.891544733634,16.4882264818111],[102.891541325632,16.4881863296308],[102.891547173945,16.4881707679544],[102.891553689858,16.4881534263458],[102.891581731239,16.4881227419172],[102.891641020875,16.4880914770886],[102.891723797899,16.4880622891829],[102.891785942349,16.4880435393716],[102.891824347874,16.4880101472627],[102.891852441406,16.4879819781929],[102.891864806486,16.4879490739836],[102.891864197194,16.4879186337434],[102.891863649842,16.4878912879436],[102.891862644084,16.4878410400363],[102.8918408586,16.4877936884398],[102.891788020599,16.4877569736125],[102.89172246738,16.4877355757597],[102.891646599249,16.4877193937516],[102.891588958652,16.4877028748245],[102.891551998093,16.4876784314534],[102.891538274322,16.4876434978559],[102.891537268646,16.487593249026],[102.891561197708,16.4875087619854],[102.891561600397,16.4875073424728],[102.891591943412,16.4874615359929],[102.891640565066,16.4874179017108],[102.891730950856,16.4873785193092],[102.891850134009,16.4873461385674],[102.8918910925,16.4873101852593],[102.89191633113,16.4872695029579],[102.891915476241,16.4872267913801],[102.891901096932,16.4871591998185],[102.891860277733,16.4870719907859],[102.891857423873,16.4870669535044],[102.891802312401,16.486969666525],[102.891743073775,16.4868127829726],[102.891728093063,16.4867150424101],[102.891718672909,16.4866347883744],[102.891721668147,16.4865241437598],[102.891729867691,16.4864668736114],[102.891730246447,16.4864658470206],[102.891866973824,16.4862049758607],[102.89192072726,16.4861252762641],[102.891971962794,16.4860142940984],[102.892027542097,16.4859278017746],[102.892066197787,16.4859069750897],[102.892126142283,16.485908370974],[102.892309299204,16.4859283498986],[102.89233605867,16.4859267514641],[102.892472868624,16.4859410732996],[102.892490692368,16.4858732949669],[102.892336049048,16.4858691795588],[102.892123442174,16.4858484537309],[102.892030775822,16.4858614104525],[102.891983310415,16.4858836923732],[102.891742551423,16.4862636913086],[102.891681523211,16.4863968318238],[102.891677278435,16.4864113531068],[102.891661522342,16.486512699657],[102.891668992693,16.4866256611454],[102.891682527438,16.4867812371661],[102.891694956937,16.4868815398167],[102.891731071175,16.486993971244],[102.891798433442,16.4871058159541],[102.891833745064,16.4871780466305],[102.891839707032,16.4872156348601],[102.891836079989,16.487224622912],[102.891822333561,16.4872586869686],[102.891819890654,16.4872606795237],[102.891781324735,16.4872921257484],[102.891761208085,16.4872997419508],[102.89171294116,16.4873180184217],[102.891711516568,16.4873185601442],[102.891554883733,16.4873611156754],[102.891487674464,16.4874019058982],[102.891441520344,16.4874614142596],[102.891421610322,16.4875171116319],[102.891442211705,16.4876373514125],[102.891490913968,16.4877075444351],[102.891587587839,16.4878054844846],[102.891599490371,16.4878111886592],[102.891648610713,16.4878198932006],[102.891721674288,16.4878260710554],[102.891753274518,16.4878430778256],[102.891761841783,16.4878806175136],[102.891757538311,16.4879259388556],[102.891737459824,16.4879640113676],[102.891688586644,16.4879950830393],[102.891567402176,16.4880576621364],[102.891503257755,16.4881066120343],[102.891467505743,16.4881424637988],[102.891452785815,16.4881879792156],[102.891453841816,16.4882407416618],[102.891473126233,16.4882931617884],[102.891497972322,16.488363074736],[102.891541495729,16.488455258923],[102.891579157695,16.4885148775741],[102.891600999071,16.4885647381913],[102.891596894832,16.4886201077147],[102.89156755934,16.4887161639198],[102.891543479028,16.4888146340567],[102.891491460596,16.4889488131098],[102.891433327275,16.4890378631166],[102.891387710896,16.4891015461243],[102.891318606075,16.4891631558021],[102.891223462377,16.4892252487854],[102.891115099492,16.4892775352192],[102.891030471764,16.4893444595211],[102.890987007968,16.4893854840367],[102.890959066858,16.4894211911623],[102.890952210097,16.4894690728421],[102.890968738491,16.489514006115],[102.890993382562,16.4895738673845],[102.891031097772,16.4896359987803],[102.89107279786,16.4896909904568],[102.891237685538,16.4898055718696],[102.891329932182,16.4898591498421],[102.891393686427,16.4899207950781],[102.891418030851,16.4899655826563],[102.891429451272,16.4900156374318],[102.891427803358,16.4900634220531],[102.891415435323,16.4900963254262],[102.891392201039,16.4901068138364],[102.891342352724,16.4901077426247],[102.891337514189,16.4901078327771],[102.891225038795,16.4900847919107],[102.891143808345,16.490061174264],[102.891062879546,16.4900526274473],[102.890987514317,16.4900615733989],[102.890968950058,16.4900653757525],[102.890907492492,16.4900982508164],[102.890871938432,16.4901441543831],[102.890828928829,16.4902077887863],[102.890824472473,16.4902455720528],[102.89084070112,16.4902754308134],[102.890886076843,16.4903298794523],[102.89092353894,16.4903794491126],[102.890939866274,16.4904143306151],[102.890938218257,16.4904621152576],[102.890912984814,16.4905028010662],[102.890772223564,16.4906285788147],[102.890700615193,16.4906952614659],[102.890692381361,16.490713868448],[102.890660410049,16.490768899126],[102.890656355922,16.4908267814029],[102.890662723019,16.4908844695362],[102.890697681397,16.4909391122688],[102.8907691988,16.4909981020922],[102.890864453554,16.4910717288318],[102.890925355193,16.4911208617622],[102.890960062263,16.4911629426641],[102.890976793882,16.4912179240108],[102.890983358584,16.4912856648344],[102.890985420352,16.4913886716303],[102.890924441133,16.4915959054191],[102.890892851861,16.4917095965021],[102.890870179258,16.4918784154419],[102.890862530433,16.4920167942734],[102.890866744073,16.4920971435467],[102.890886077392,16.4921520764128],[102.890947180586,16.4922112583068],[102.890986894599,16.4922431930769],[102.891052299486,16.4922570535943],[102.891120104858,16.4922608192739],[102.891195373125,16.4922468485208],[102.891257777446,16.4922216733977],[102.891262708725,16.4922207478362],[102.891360883409,16.4921824236106],[102.891394530464,16.4921752752055],[102.891428585885,16.4921846951919],[102.891460088124,16.4921966745943],[102.891476565783,16.4922390959517],[102.891510391025,16.4924973416329],[102.891550511302,16.4925493751742],[102.891587168362,16.4925587457347],[102.891641602519,16.4925451648675],[102.891703597363,16.4925188748444],[102.891747550972,16.4924798764092],[102.891770147053,16.4924598270093],[102.89182362726,16.4923985090864],[102.891826592004,16.4923974956516],[102.891877960744,16.4923799036525],[102.891950825809,16.492376032907],[102.892010872925,16.4923824529154],[102.89205293904,16.4924017771716],[102.892105045346,16.492475433178],[102.892173894105,16.4926898156072],[102.892301634066,16.4929648632629],[102.892326630068,16.4930588711083],[102.892311961081,16.4931082328184],[102.89226584129,16.493146792664],[102.892176007609,16.4932138138061],[102.892015961372,16.4932871726942],[102.89198286347,16.4933254897856],[102.891965638794,16.493376076552],[102.891950870449,16.4934190802038],[102.891948919131,16.4934517912802],[102.891949623446,16.4934869656046],[102.891968908851,16.4935393864276],[102.892025067276,16.4937419225544],[102.892037343567,16.4938346887471],[102.892033228952,16.493903719305],[102.892013541516,16.4939344819039],[102.891978016007,16.4939599647547],[102.891933242381,16.493969837953],[102.891831781365,16.4939767563425],[102.891724509654,16.4939536201128],[102.891614935449,16.4939456104273],[102.891526444247,16.4939497723936],[102.891187014122,16.4940415512846],[102.891076043535,16.494093889512],[102.890993868488,16.4941532266369],[102.890945295596,16.4941993729473],[102.890920209896,16.4942475943325],[102.890916762396,16.4943356263886],[102.890918132449,16.4945341584308],[102.890900506954,16.4945646470609],[102.890874917285,16.4945877431492],[102.890871422045,16.4945883721829],[102.890843768628,16.4945933526879],[102.890796692534,16.4945841753113],[102.89070031696,16.4945316939941],[102.890636030047,16.4944966866486],[102.890581092325,16.4944851438573],[102.89051849129,16.4944812838875],[102.890445728681,16.4944901787789],[102.890350129813,16.4945296620387],[102.890153872949,16.4946162591487],[102.890048110456,16.4946684972036],[102.889967835264,16.4946926138205],[102.889923463248,16.4946884149737],[102.889803520045,16.4946831067122],[102.889717132767,16.4946620985736],[102.889635750322,16.4946309389422],[102.88955707293,16.4946047579946],[102.88947354048,16.4945962585131],[102.889421507905,16.4945997423088],[102.889354053597,16.4946135652625],[102.889277033538,16.4946702966851],[102.889143527838,16.494768289653],[102.889017743756,16.4949173176816],[102.888963358643,16.4949669066095],[102.888871840547,16.4951111415286],[102.888823198588,16.49516383095],[102.888777681694,16.4952325374623],[102.888745083681,16.4952959805594],[102.88872545939,16.4953566665625],[102.888716900791,16.4954498212783],[102.888701086556,16.4955707586302],[102.888674449541,16.4956717892189],[102.888631635691,16.4957454754038],[102.88858096288,16.4958167943008],[102.888517265889,16.4958883530535],[102.888440498308,16.4959576460792],[102.888419122514,16.4959784277114],[102.888335204347,16.4960263082619],[102.888242416686,16.4960348707965],[102.888145319228,16.495995452729],[102.88809738814,16.4959665089665],[102.887861042463,16.4957588210201],[102.887787143338,16.4957161792143],[102.887700814257,16.4957089013855],[102.887658311658,16.4957209383874],[102.887593515839,16.4957660563009],[102.887578140838,16.4957931871112],[102.887569844857,16.4958004341378],[102.887551424994,16.4958403324866],[102.887544339443,16.4958556826043],[102.887532390224,16.4958815622707],[102.887530739735,16.4959293461885],[102.887529794766,16.496012305475],[102.887550434637,16.4961325641136],[102.887573030275,16.4962201114824],[102.887605435937,16.4962773149913],[102.887657227916,16.4963919671195],[102.887708566654,16.4964840065493],[102.887744581225,16.4965914114537],[102.887759511661,16.4966866415795],[102.887758466321,16.4967645754],[102.887747355955,16.4968602913468],[102.887709850041,16.4969389041235],[102.887661626542,16.497002636335],[102.887553608359,16.4970725083961],[102.887406787957,16.4971184337106],[102.887295247164,16.4971424189485],[102.887255587136,16.4971509464986],[102.88723072616,16.4971563266414],[102.887128484943,16.4971784478343],[102.88709237796,16.4971967139153],[102.88705917789,16.4972300051158],[102.88704675863,16.4972603966458],[102.887045411531,16.4973232568874],[102.88702785232,16.4976176485446],[102.88703538211,16.4978638207656],[102.887057230191,16.4980443757587],[102.887091847642,16.4982121291935],[102.887098214467,16.4982698184804],[102.887093858071,16.4983126272845],[102.887063864576,16.4983760218184],[102.886995209571,16.4984602400767],[102.886970573906,16.4985310749209],[102.886951049437,16.4985967854746],[102.886952557258,16.4986721599548],[102.886969638942,16.4987447307936],[102.887016424562,16.4988695290616],[102.887093111533,16.4990566038734],[102.887168894865,16.499198455014],[102.887251786228,16.4993049870361],[102.88741228268,16.4995131491225],[102.887427632236,16.4995394705109],[102.887444421142,16.4996203888782],[102.887440906007,16.4997050038262],[102.88741587011,16.4997403581234],[102.887350404424,16.4997687430083],[102.88726600093,16.4997624003043],[102.887128832569,16.4997108153461],[102.887039099543,16.4996966744236],[102.886981272724,16.4997011824577],[102.88694087843,16.4997210424069],[102.886892955431,16.4997783305863],[102.886850998382,16.5000193981727],[102.886834919833,16.5000636405846],[102.886810046475,16.5000765547412],[102.886698529461,16.500057125245],[102.886567738455,16.4999738614878],[102.886436666333,16.4998499836983],[102.886334165239,16.4998079472257],[102.886199673158,16.4998081964152],[102.886136144156,16.4998311187846],[102.886067308665,16.4998699319619],[102.885998300088,16.4999365637298],[102.885960243112,16.4999875391204],[102.885917578313,16.5000687642255],[102.88590831604,16.5001267436499],[102.885906918487,16.5001870903258],[102.88591573797,16.5002371930553],[102.885942321821,16.5003138141553],[102.886026962468,16.5004350478333],[102.886012276476,16.5005470050323],[102.885976434402,16.5005994504762],[102.885898094736,16.5006451208336],[102.885825800753,16.5006534591046],[102.885809253312,16.5006544465471],[102.885665627144,16.5006324284497],[102.885325979396,16.5005450650375],[102.885110647294,16.5004713254254],[102.885008594499,16.5005746240427],[102.885017323512,16.5006320439639],[102.88498910163,16.5007397437035],[102.884823846489,16.5010404630548],[102.884806279036,16.5011254182137],[102.884807523114,16.5011409110258],[102.884788715333,16.5012006930802],[102.884782310361,16.5012711876683],[102.884801846431,16.5013361712137],[102.884863603004,16.5014280174358],[102.884948043038,16.5014817409795],[102.885005590141,16.5014932345664],[102.885211473548,16.5014969442251],[102.885318500247,16.5015075203054],[102.885371136031,16.501534184477],[102.885377672363,16.5015462088651],[102.885395481295,16.501578972707],[102.88539648634,16.5016292245439],[102.885389174254,16.5016544918721],[102.885355872768,16.5016827593639],[102.885298630816,16.5016863394793],[102.885275839771,16.5016831637574],[102.885123593113,16.5016619491912],[102.884945749963,16.5016275599183],[102.884676356539,16.5015747659876],[102.884579999114,16.5015765593326],[102.884507280626,16.5015879664521],[102.884445131903,16.5016067169319],[102.884403965471,16.5016326170016],[102.884382302911,16.5016640836728],[102.884358394654,16.5016988122619],[102.884323543403,16.5017798900179],[102.884319640453,16.50184530983],[102.884318041563,16.5018956065761],[102.884321279223,16.5019058003807],[102.884334720983,16.5019480786271],[102.884359365679,16.5020079425304],[102.884425728548,16.5020695409773],[102.884513376197,16.5021533635327],[102.884548135822,16.5021979580574],[102.88456742084,16.5022503824794],[102.884568325186,16.5022956071],[102.884559216067,16.5023611237975],[102.884539737165,16.5024293480632],[102.884515403639,16.502515255629],[102.884506089801,16.5025707223824],[102.884523022437,16.5026357562015],[102.884544086448,16.5026807517749],[102.88455568005,16.5027055237685],[102.884564851142,16.5027732129955],[102.884557940934,16.5028185830614],[102.884540799377,16.5028346273953],[102.884519581676,16.5028544838056],[102.884473508329,16.5028955563517],[102.884393479956,16.5029322326196],[102.884326370132,16.502963643808],[102.884251048406,16.502975098488],[102.884164955868,16.5029691606414],[102.884057780385,16.5029510476863],[102.883976998369,16.5029500382616],[102.883909488443,16.5029613501522],[102.883873379105,16.5029796141741],[102.88383752189,16.503010441831],[102.883820310976,16.5030503383696],[102.883793028175,16.5030964782319],[102.883764747401,16.50323008447],[102.883768057067,16.5033113290751],[102.88374759066,16.5033703588444],[102.883715336182,16.5034048989767],[102.883680599412,16.5034204848291],[102.883645233539,16.5034262162863],[102.883546670527,16.5034481588077],[102.883443103921,16.5034802463539],[102.883404589861,16.5035086088342],[102.883376647605,16.503544318306],[102.883353961823,16.5035824400258],[102.883329974312,16.5036980341752],[102.883309776304,16.5037799932242],[102.883307909283,16.5038916398579],[102.883343089487,16.5042428436536],[102.883371870582,16.5043747303675],[102.883472715588,16.5045705059931],[102.883543601735,16.5046648767408],[102.883558653734,16.50469894978],[102.88355906872,16.5047197046207],[102.883554360933,16.5047449234848],[102.883539236773,16.5047703398],[102.883521360111,16.5047882663361],[102.883191499987,16.504908013112],[102.882987580689,16.5050276834592],[102.882853585972,16.5051429299321],[102.882808333899,16.5052171275429],[102.882792716381,16.5052827581742],[102.8827953227,16.5053538105946],[102.882818336485,16.5054222303849],[102.883045491448,16.5059356144966],[102.883054823358,16.5059692535607],[102.883039687504,16.5060304370738],[102.883013160253,16.506046750745],[102.882943775921,16.5060536204543],[102.882900726478,16.5060478865072],[102.882781858081,16.5059808082257],[102.882708183352,16.5059444758438],[102.882619136042,16.5059210014082],[102.882519818175,16.5059052554188],[102.88240247558,16.5058998985056],[102.882269756514,16.5059073950421],[102.882109141021,16.5059531083086],[102.882013636762,16.5059976138049],[102.881967562162,16.5060386860581],[102.881939818313,16.5060844437386],[102.881922341233,16.5061224685115],[102.881915634167,16.5061778904308],[102.881919493295,16.5062406522886],[102.881941533554,16.5063005649555],[102.881951404091,16.5063102988725],[102.881953609862,16.5063202421451],[102.882019540045,16.5063990623994],[102.882058383998,16.5064241287872],[102.882208837601,16.5065092287656],[102.882311764,16.5065751765947],[102.882380579386,16.5066291897689],[102.882407479305,16.5066714162451],[102.882410836397,16.5067090552168],[102.882390752032,16.5067471312386],[102.882365364484,16.5067802767859],[102.882349379055,16.5067988808661],[102.882250025691,16.5068754185736],[102.882093474305,16.5069939455869],[102.88207032069,16.5070157551786],[102.88200908741,16.5070734312185],[102.881946238644,16.5071877048147],[102.881945883155,16.5071884485671],[102.881901218463,16.5072815382602],[102.881853142512,16.5073528055159],[102.881802212752,16.5074115629172],[102.881767007326,16.5074750515175],[102.881700498121,16.5075366115065],[102.881566881574,16.507629579416],[102.881481692555,16.5076688647096],[102.881339308719,16.5077142403452],[102.881250859366,16.5077209120774],[102.88115459898,16.5077277317717],[102.881074166202,16.5077443081043],[102.881017524666,16.5077780357931],[102.880974304177,16.507831619613],[102.880967243453,16.5078694506235],[102.880962451634,16.5081510431512],[102.880950082161,16.5081839464642],[102.880922036556,16.5082146285863],[102.880891035789,16.5082277735698],[102.880851970028,16.5082285001917],[102.88079442355,16.5082170021744],[102.880563734763,16.5081458906658],[102.880519359347,16.5081416904295],[102.880470128847,16.5081551707837],[102.880429012594,16.5081835831684],[102.880401067314,16.5082192907187],[102.880381085594,16.5082623893826],[102.880372124951,16.5083354471729],[102.880370963318,16.5084091584131],[102.880369641457,16.5084150846278],[102.880369075471,16.508443579253],[102.88036121745,16.5085719083521],[102.880331823164,16.5086654510505],[102.880309237697,16.5087085981423],[102.880283696132,16.5087342062928],[102.880244929622,16.5087500084007],[102.880211073946,16.5087506380281],[102.880163944075,16.5087389497466],[102.880163708092,16.5087387475194],[102.880134795584,16.5087143550721],[102.880107696777,16.5086620790675],[102.880056959123,16.5086001879554],[102.880003718196,16.5085433698239],[102.879943165377,16.5085118207883],[102.87986733711,16.5084981515139],[102.879802077016,16.5084918231124],[102.879711126637,16.5085035690272],[102.879643863322,16.5085274383296],[102.879579508682,16.5085663373917],[102.879517856237,16.5086102126454],[102.879471984995,16.5086613336815],[102.879444491179,16.5087196513336],[102.879396463278,16.508793433748],[102.879350638426,16.5088470675857],[102.879299805035,16.508910848348],[102.879220107549,16.5090018147177],[102.879084023543,16.5091480250752],[102.879032788134,16.5091834500437],[102.878957598071,16.5092565184643],[102.878894596274,16.5093632525163],[102.878853979571,16.5094167912719],[102.87880519841,16.5094528842597],[102.878735434122,16.5094818290089],[102.878682373659,16.5094962680475],[102.878620098732,16.5095173403155],[102.878572903879,16.50953330968],[102.878559390981,16.5095378826825],[102.878517611319,16.509548189875],[102.878471241555,16.509559628101],[102.878388003156,16.5095662037267],[102.878371400828,16.5095592916152],[102.878359103799,16.5095541743536],[102.878337867853,16.5095344614819],[102.878327357128,16.5094923980007],[102.878289730152,16.5093418228435],[102.878263235711,16.5093196958313],[102.878216055506,16.5093054934649],[102.878097776603,16.5093190324644],[102.877905809928,16.5093410092937],[102.877901527843,16.509341500312],[102.877808421791,16.5093759041725],[102.877713314109,16.5094405075662],[102.877687916125,16.5094657428878],[102.877533957123,16.5096187142014],[102.877429747602,16.5097222529411],[102.877363540844,16.5097988857094],[102.877319716794,16.509822319688],[102.877221452146,16.5098593329006],[102.877037495494,16.5099105060337],[102.876959649584,16.509939944209],[102.876840561948,16.5099702028662],[102.876720126173,16.5100299063522],[102.876515748545,16.510096860941],[102.876248088846,16.5101582305229],[102.87623621718,16.5101588670341],[102.875917633952,16.5101582463916],[102.875830127347,16.5101427517681],[102.875549610205,16.5100930759652],[102.87552583412,16.5100888665024],[102.875293703457,16.5100565125581],[102.875054664775,16.5100242893537],[102.874853818691,16.5100013553303],[102.874721846614,16.5099671431625],[102.874446277673,16.5098356058864],[102.874035673535,16.5095898505409],[102.873831668703,16.5094554008519],[102.873595560315,16.50936839219],[102.873449182549,16.5093316757062],[102.873425224722,16.5093064422195],[102.873419918968,16.5093047064309],[102.873339152821,16.5092395424951],[102.873292660396,16.5091604131821],[102.873231290384,16.5090282311494],[102.873148597127,16.5088664430143],[102.873121232232,16.5087069634049],[102.873107906858,16.5086496259133],[102.873083439359,16.5085443453139],[102.873088693476,16.508392411184],[102.873117547243,16.508227270218],[102.873107014105,16.5081820992738],[102.873053543589,16.5081743101348],[102.873035080358,16.508206741686],[102.872997028158,16.5083692978994],[102.872977835366,16.5086196348736],[102.872983416362,16.5087261881852],[102.873033124238,16.5089167437164],[102.873104822927,16.5090606403105],[102.873283096533,16.5093234889814],[102.873333994426,16.5093663929329],[102.873408164086,16.5094082476775],[102.873655172821,16.5094936556781],[102.873791329327,16.5095644568911],[102.873952061603,16.5096547966067],[102.874307682969,16.5098783021275],[102.874619165378,16.5100157130861],[102.874890216309,16.5100940069771],[102.8751328426,16.5101328295954],[102.875427538627,16.5101840164253],[102.875877886437,16.510242074484],[102.87602441466,16.5102548493835],[102.876181126431,16.5102564482023],[102.876258603201,16.5102437341252],[102.876649309575,16.510132888377],[102.877072655923,16.5099752029671],[102.877196963552,16.5099377031202],[102.877269585721,16.5099212723071],[102.877316465055,16.5099204010803],[102.87736895421,16.5099395350392],[102.877438292069,16.5100105133854],[102.877549815061,16.5101246790325],[102.877573256148,16.5101242433577],[102.87760159989,16.5101086353746],[102.878186517205,16.5096528897282],[102.878209606038,16.5096348683922],[102.878238156009,16.5096293112301],[102.87829535064,16.5096232188847],[102.878363811257,16.5096538770248],[102.878403134232,16.5096714861465],[102.878499897838,16.5096897931552],[102.878567559479,16.5096860225362],[102.878681582229,16.5096606417832],[102.878852663055,16.5095944342592],[102.878890995178,16.5096128647093],[102.879001285678,16.509599539621],[102.879363197619,16.5091416461351],[102.879385412039,16.5091277561348],[102.879473399701,16.5089930747898],[102.87951781903,16.5088690922394],[102.879567445736,16.5087450128628],[102.879625791739,16.5086660121144],[102.879682434781,16.5086322855847],[102.879734371442,16.5086237806106],[102.879799529286,16.5086250826729],[102.879851817267,16.5086341614539],[102.879917378613,16.5086555644765],[102.879983339708,16.5086970667375],[102.880062876216,16.5087659606264],[102.880116254856,16.5088087912548],[102.880160845194,16.5088445663822],[102.880207974228,16.508856258284],[102.880262514603,16.5088477047482],[102.880350161255,16.5088008330798],[102.880356542071,16.5087960858558],[102.880376537909,16.508781211171],[102.880419473106,16.5087492768359],[102.880478167384,16.5086878642533],[102.880508316555,16.5086320063018],[102.880513925112,16.5084827065063],[102.880516082061,16.5084751379998],[102.880564055627,16.5084178514029],[102.880611647667,16.5083978213654],[102.880678185634,16.5083976638181],[102.880837135368,16.5084228603778],[102.880941154864,16.5084577771537],[102.880948399701,16.5084585924666],[102.880981699437,16.508462345381],[102.881041598588,16.5084612312044],[102.881082967713,16.5084453805592],[102.881105904467,16.5084198198883],[102.881123082385,16.5083667195497],[102.88114430992,16.5082557357324],[102.881191123333,16.5079909582115],[102.881197114211,16.5079797120892],[102.881208701026,16.5079579553076],[102.881249970559,16.5079370809647],[102.881252234795,16.5079367068181],[102.881335660955,16.5079229186174],[102.881533191301,16.5078991392243],[102.881610867838,16.507875073872],[102.881683087684,16.5078385407498],[102.881925081855,16.507693289365],[102.88194406568,16.5076680367664]]]},"properties":{"id":"waterways-0017","label":"ห้วยปลาหลาย","sourceRecord":17,"sourceFolder":"ลำห้วย","datasetId":"waterways","sourceVersion":"2012-30","geometryDisplayRepair":false,"villageIds":["v08","v05","v01","v07","v04"],"villageId":null,"electionIds":["e03"],"electionId":"e03","insideMunicipality":true}},{"type":"Feature","id":"waterways-0018","geometry":{"type":"Polygon","coordinates":[[[102.792382459297,16.4749868866811],[102.792382178845,16.4749868917692],[102.7923199528,16.4749986546641],[102.792232431142,16.475032147122],[102.792156341734,16.4750867001255],[102.792069649516,16.4751627161342],[102.791972837763,16.4752849996147],[102.791878799353,16.4753611461308],[102.791751432498,16.4754237206396],[102.79150023247,16.4755417148416],[102.791337311747,16.4756651936364],[102.791261843185,16.4757516416401],[102.791245067927,16.4758334798137],[102.791272088723,16.4759003398553],[102.791331610603,16.4759382554715],[102.791386975253,16.4759514305122],[102.791427444526,16.475954241726],[102.791504154904,16.4759315805037],[102.791605055453,16.4758304936502],[102.791709349899,16.4757151650452],[102.791878923928,16.4755561126585],[102.792013914915,16.4755075826146],[102.792430585507,16.4753972197968],[102.792589589663,16.4753912625038],[102.792638571492,16.4753725202521],[102.792653994731,16.4753612644504],[102.792686426271,16.4753287695607],[102.792685804747,16.4752968779948],[102.792670145949,16.4752475329556],[102.792627954149,16.4751561324944],[102.792592315882,16.4750846854867],[102.7925594101,16.4750568536357],[102.792519030018,16.4750340380971],[102.792435473325,16.4749925615331],[102.792382459297,16.4749868866811]]]},"properties":{"id":"waterways-0018","label":"สระน้ำไม่มีชื่อ ม.23","sourceRecord":18,"sourceFolder":"ลำห้วย","datasetId":"waterways","sourceVersion":"2012-30","geometryDisplayRepair":false,"villageIds":["v23"],"villageId":"v23","electionIds":["e01"],"electionId":"e01","insideMunicipality":true}},{"type":"Feature","id":"waterways-0019","geometry":{"type":"Polygon","coordinates":[[[102.869762843184,16.5182219946478],[102.869710385149,16.5182214585962],[102.869686411345,16.518225820175],[102.869666307084,16.5182357256221],[102.869645387281,16.5182490107331],[102.869627092738,16.5182692306311],[102.869604779476,16.5182972520648],[102.869580473849,16.5183308945627],[102.869675287426,16.5186529206803],[102.869686864978,16.5186922411239],[102.86969192208,16.5187001620677],[102.869696003685,16.5187069588506],[102.86970059786,16.5187126778444],[102.86970555839,16.518717209882],[102.869710690116,16.5187229161936],[102.869716222071,16.5187275395826],[102.869722021822,16.5187321309341],[102.869728128277,16.5187366714809],[102.869734271916,16.5187412474279],[102.86974097124,16.5187447501991],[102.869747705697,16.5187481386332],[102.869754335431,16.5187504499061],[102.869761320182,16.5187528348918],[102.869943877581,16.5187029292181],[102.870000337439,16.5186874948854],[102.870297024097,16.5186091826073],[102.870333485099,16.5185971238892],[102.870344071688,16.5185882052521],[102.870349713854,16.5185792674035],[102.870178811487,16.5182872276118],[102.870102519762,16.51823457548],[102.869762843184,16.5182219946478]]]},"properties":{"id":"waterways-0019","label":"สระไม่มีชื่อ ม.7","sourceRecord":19,"sourceFolder":"ลำห้วย","datasetId":"waterways","sourceVersion":"2012-30","geometryDisplayRepair":false,"villageIds":["v07"],"villageId":"v07","electionIds":["e03"],"electionId":"e03","insideMunicipality":true}},{"type":"Feature","id":"waterways-0020","geometry":{"type":"Polygon","coordinates":[[[102.878147140171,16.5140167963804],[102.878991142947,16.5138589741117],[102.87899914661,16.5138505741666],[102.878998616734,16.5138292060357],[102.878977904141,16.5137126655297],[102.878972998167,16.5137070265532],[102.878967498313,16.5137058349991],[102.878941147079,16.5137077632238],[102.878787103148,16.513736683964],[102.878771234428,16.5137396858092],[102.878177035347,16.5138201275582],[102.877949991519,16.5138508651114],[102.877941284636,16.5138662489135],[102.877948621536,16.5138991431273],[102.877961087546,16.5139550261509],[102.877965853506,16.5139679832344],[102.87809388677,16.5139460347537],[102.878109790254,16.5139522614639],[102.878115200762,16.5139704215857],[102.878114039904,16.5139737833128],[102.878111255452,16.5139896470819],[102.87811101022,16.5140025583831],[102.878120061293,16.5140151236102],[102.878147140171,16.5140167963804]]]},"properties":{"id":"waterways-0020","label":"บ่อน้ำไม่มีชื่อ ม.7","sourceRecord":20,"sourceFolder":"ลำห้วย","datasetId":"waterways","sourceVersion":"2012-30","geometryDisplayRepair":false,"villageIds":["v07"],"villageId":"v07","electionIds":["e03"],"electionId":"e03","insideMunicipality":true}},{"type":"Feature","id":"waterways-0021","geometry":{"type":"Polygon","coordinates":[[[102.851870745015,16.4834465328458],[102.851858318393,16.4834427883069],[102.851844676795,16.4834470134386],[102.851622619813,16.4835318899923],[102.85161317382,16.483540013207],[102.851607948606,16.4835533522833],[102.851666562463,16.4836714636988],[102.851676300644,16.4836779059982],[102.851690071516,16.4836803021207],[102.85192978311,16.4835858245547],[102.851939150475,16.4835737318485],[102.851938940749,16.4835631420598],[102.851870745015,16.4834465328458]]]},"properties":{"id":"waterways-0021","label":"แหล่งน้ำ #21","sourceRecord":21,"sourceFolder":"ลำห้วย","datasetId":"waterways","sourceVersion":"2012-30","geometryDisplayRepair":false,"villageIds":["v26"],"villageId":"v26","electionIds":["e02"],"electionId":"e02","insideMunicipality":true}},{"type":"Feature","id":"waterways-0022","geometry":{"type":"Polygon","coordinates":[[[102.790469760336,16.4806001055393],[102.790538527827,16.4805985965094],[102.790583290386,16.4806035531798],[102.790643276541,16.4806019092397],[102.79070339874,16.4805947206836],[102.790732942624,16.4805972193124],[102.790785306859,16.4805932691712],[102.790844766552,16.4805645123936],[102.7908809156,16.4805479990333],[102.790898319314,16.4805289779556],[102.790916233681,16.4804715163444],[102.790920371773,16.4804478957971],[102.790929473321,16.4803960261011],[102.79092907044,16.4803575931173],[102.790924639133,16.4803305069607],[102.790915302127,16.4802976789185],[102.790913981396,16.4802670948354],[102.790905383106,16.4801699016996],[102.790900439393,16.48011680606],[102.790892461158,16.4800692390188],[102.790878515653,16.4800296494699],[102.790868211229,16.4800158998556],[102.790847667641,16.4799976050439],[102.790838034569,16.4799930163684],[102.790805661286,16.4799824751324],[102.790766733264,16.4799821110983],[102.79071055053,16.4799849438997],[102.790689421843,16.4799857683949],[102.790639074317,16.4799909325349],[102.790587466259,16.4799982625693],[102.790551251771,16.4799990304303],[102.790519876276,16.4799953495368],[102.790485725014,16.4799882071033],[102.790457105165,16.479987915011],[102.790398030556,16.4799895360121],[102.790352330179,16.4799912537009],[102.790285698386,16.4799883214074],[102.790254323865,16.4799823864252],[102.790242983045,16.4799822573465],[102.790204600038,16.4799841400587],[102.790176264468,16.4799905678652],[102.790155065936,16.4799937603949],[102.790113075071,16.4800090432138],[102.790088863646,16.480024637014],[102.790076435239,16.4800414563369],[102.790068527241,16.4800605632056],[102.790105928807,16.4802755417678],[102.790166021588,16.4806014738866],[102.790207584475,16.4806232603493],[102.790231279363,16.4806280487823],[102.790257875286,16.4806306316267],[102.790285646805,16.480630865124],[102.790305559713,16.4806344994823],[102.790344839139,16.4806315321051],[102.790405861332,16.4806118308901],[102.790469760336,16.4806001055393]]]},"properties":{"id":"waterways-0022","label":"สระน้ำไม่มีชื่อ ม.23","sourceRecord":22,"sourceFolder":"ลำห้วย","datasetId":"waterways","sourceVersion":"2012-30","geometryDisplayRepair":false,"villageIds":["v23"],"villageId":"v23","electionIds":["e01"],"electionId":"e01","insideMunicipality":true}},{"type":"Feature","id":"waterways-0023","geometry":{"type":"Polygon","coordinates":[[[102.854732286906,16.4858740917302],[102.854722441912,16.4858684040848],[102.854715282579,16.4858699753201],[102.854573960016,16.485954589961],[102.854420023864,16.4860467565274],[102.854410263128,16.4860568797076],[102.854402550308,16.486068036104],[102.854395326305,16.4860860200302],[102.854393078919,16.4861041286804],[102.854398435356,16.4861267663147],[102.854406380819,16.4861471636471],[102.854433068724,16.486194823919],[102.854444790893,16.4862163786602],[102.854539651388,16.4863833026005],[102.854550217127,16.4863860030486],[102.854565144297,16.4863813813499],[102.854840012233,16.486232870906],[102.854845055332,16.4862247439793],[102.854845417288,16.4862184718951],[102.854823488721,16.4861871064997],[102.854779283211,16.4861238777539],[102.854737203637,16.4860464151555],[102.854738474379,16.4860348019699],[102.854780690078,16.4860104826021],[102.854790442835,16.4860048646205],[102.854795567565,16.4859997236257],[102.85479529969,16.4859927675084],[102.854732286906,16.4858740917302]]]},"properties":{"id":"waterways-0023","label":"แหล่งน้ำ #23","sourceRecord":23,"sourceFolder":"ลำห้วย","datasetId":"waterways","sourceVersion":"2012-30","geometryDisplayRepair":false,"villageIds":["v26"],"villageId":"v26","electionIds":["e02"],"electionId":"e02","insideMunicipality":true}},{"type":"Feature","id":"waterways-0024","geometry":{"type":"Polygon","coordinates":[[[102.861855193591,16.4845353336622],[102.861870492691,16.4845264341801],[102.861894636519,16.4845097677729],[102.861903282656,16.484497415575],[102.861908354381,16.4844850500512],[102.86190857441,16.4844726307512],[102.861906633489,16.4844636114496],[102.861906626172,16.4844556607832],[102.861852507026,16.484295862252],[102.86177415421,16.4840748685473],[102.861755553963,16.4840351118702],[102.861597324766,16.4835817702541],[102.861495887116,16.4832995147753],[102.861371537444,16.4829572260029],[102.8613071797,16.4827600304911],[102.861299839687,16.4827452353678],[102.861289353009,16.4827361917226],[102.861274211855,16.482731515367],[102.861257197985,16.4827312388032],[102.8612340348,16.4827355881339],[102.861136478942,16.4827763437955],[102.861031283481,16.4828181645195],[102.860991031081,16.4828336126608],[102.860812650629,16.4828780443442],[102.860594451646,16.4829368476586],[102.860410566546,16.4829563950488],[102.860375960896,16.4829616883536],[102.860299136136,16.4829699442923],[102.86019839666,16.4829813452477],[102.859760361809,16.483035555539],[102.859644028023,16.4830547476122],[102.859445255119,16.4830809924834],[102.859432884288,16.4830886854944],[102.859426061007,16.4830943181005],[102.859408747423,16.4831020329377],[102.859396137189,16.4831075107798],[102.859382854608,16.4831096436861],[102.859362703214,16.4831094592148],[102.859343738011,16.4831092961398],[102.859323778672,16.4831090350331],[102.859306599183,16.4831099821488],[102.859289519702,16.4831121048811],[102.859270453282,16.4831164081121],[102.859258765452,16.4831219510157],[102.859249336368,16.4831275595675],[102.859243415825,16.4831342455892],[102.859242089349,16.4831443565924],[102.859241878585,16.4831589962439],[102.859354414268,16.4834176913515],[102.859510929254,16.483788582581],[102.859735202921,16.4843351735106],[102.85982637135,16.4845551980907],[102.859836896289,16.4845666375297],[102.859848255561,16.4845713477499],[102.859864308766,16.4845736749653],[102.859881283211,16.4845738404592],[102.859899450093,16.4845706193497],[102.85994800168,16.4845756764104],[102.860281110811,16.484615165746],[102.860381616599,16.4846263897477],[102.860532156091,16.484640309956],[102.860687965439,16.4846589074841],[102.860801718568,16.4846430899273],[102.861172652701,16.4846005706583],[102.861530002393,16.4845625190567],[102.861855193591,16.4845353336622]]]},"properties":{"id":"waterways-0024","label":"สระน้ำไม่มีชื่อ ม.25","sourceRecord":24,"sourceFolder":"ลำห้วย","datasetId":"waterways","sourceVersion":"2012-30","geometryDisplayRepair":false,"villageIds":["v25"],"villageId":"v25","electionIds":["e03"],"electionId":"e03","insideMunicipality":true}},{"type":"Feature","id":"waterways-0025","geometry":{"type":"Polygon","coordinates":[[[102.838011719955,16.5089812981661],[102.837977167527,16.5089752910853],[102.837741304178,16.5091751134397],[102.837743325027,16.5091904774614],[102.837750811478,16.5092243795603],[102.837830121168,16.5094296922709],[102.837846951669,16.5094715187333],[102.837897283139,16.5095791032207],[102.838302637011,16.509879461689],[102.838332467709,16.509878912892],[102.838445942441,16.5098170738302],[102.838446020193,16.5098170326991],[102.838447788469,16.5097904241291],[102.838435301051,16.5097660430157],[102.838271207781,16.5093333172555],[102.838253976305,16.5092757983764],[102.838241468012,16.5092597737296],[102.838044370919,16.5090072736085],[102.838011719955,16.5089812981661]]]},"properties":{"id":"waterways-0025","label":"แหล่งน้ำ #25","sourceRecord":25,"sourceFolder":"ลำห้วย","datasetId":"waterways","sourceVersion":"2012-30","geometryDisplayRepair":false,"villageIds":["v02"],"villageId":"v02","electionIds":["e01"],"electionId":"e01","insideMunicipality":true}},{"type":"Feature","id":"waterways-0026","geometry":{"type":"Polygon","coordinates":[[[102.856447024024,16.4736881682148],[102.856427516476,16.4736885280953],[102.85640843151,16.4736902994572],[102.856408035725,16.4736903347292],[102.856394671889,16.4736978247324],[102.85639042739,16.4737109409128],[102.856364175285,16.4738211815871],[102.856252866447,16.4741176194745],[102.856253182063,16.4741335478352],[102.856257942137,16.4741464979012],[102.856264145086,16.4741565223382],[102.85628433534,16.474164328093],[102.856507249432,16.4742273611648],[102.856534348333,16.4742312065686],[102.856552298263,16.4742279791016],[102.856567219828,16.474223358451],[102.85657905375,16.4742144476035],[102.85658918563,16.474195431097],[102.856643418625,16.4740380427976],[102.856671089797,16.4739346314184],[102.856687604948,16.4738590029982],[102.856696876862,16.4737965442829],[102.856693358833,16.4737705352464],[102.856687012412,16.4737532709095],[102.856671775242,16.4737419632073],[102.85665509519,16.4737335802313],[102.856447024024,16.4736881682148]]]},"properties":{"id":"waterways-0026","label":"บ่อน้ำไม่มีชื่อ ม.15","sourceRecord":26,"sourceFolder":"ลำห้วย","datasetId":"waterways","sourceVersion":"2012-30","geometryDisplayRepair":false,"villageIds":["v15"],"villageId":"v15","electionIds":["e03"],"electionId":"e03","insideMunicipality":true}},{"type":"Feature","id":"waterways-0027","geometry":{"type":"Polygon","coordinates":[[[102.840637538721,16.4897123112408],[102.840753049984,16.4896976633893],[102.840828133251,16.4897017893482],[102.84092540857,16.4896892452332],[102.841034233478,16.4896656215168],[102.841047570808,16.4896487479709],[102.841043094765,16.4896080279097],[102.841041537151,16.4895583449836],[102.841036547209,16.4895154228636],[102.841014589413,16.4895129429533],[102.841011644292,16.489515063354],[102.841003087457,16.4895218426068],[102.840978151161,16.4895317228748],[102.840780647754,16.4895726445986],[102.840591696461,16.489602244877],[102.840439237082,16.4896233096621],[102.840316102747,16.4896378015474],[102.840285700963,16.4896385843006],[102.840260774854,16.4896429233486],[102.840253110918,16.4896484626556],[102.840257895889,16.4897761351815],[102.840260672246,16.4897852134933],[102.840268298173,16.4897909119902],[102.840279618109,16.489789886381],[102.840310143948,16.489780090184],[102.84039532152,16.4897561274115],[102.840484571615,16.4897502383599],[102.840555314111,16.4897362983036],[102.840637538721,16.4897123112408]]]},"properties":{"id":"waterways-0027","label":"แหล่งน้ำ #27","sourceRecord":27,"sourceFolder":"ลำห้วย","datasetId":"waterways","sourceVersion":"2012-30","geometryDisplayRepair":false,"villageIds":["v02"],"villageId":"v02","electionIds":["e01"],"electionId":"e01","insideMunicipality":true}},{"type":"Feature","id":"waterways-0028","geometry":{"type":"Polygon","coordinates":[[[102.857454160865,16.4724003628034],[102.857499197706,16.4723898305309],[102.857544521925,16.472393845729],[102.857773735013,16.4725448370135],[102.857809102995,16.4725538855964],[102.858031397154,16.4723557565481],[102.858020386479,16.4723074525997],[102.857896989922,16.4721690607583],[102.857146839263,16.4716056704892],[102.856626845345,16.4712548776833],[102.856619980144,16.4712571553479],[102.856382575895,16.4710910460014],[102.856342373248,16.4710917875527],[102.856276631235,16.4713258323592],[102.856287833476,16.4713838324247],[102.856503510365,16.4715182784615],[102.856537243421,16.4715393062985],[102.856548157552,16.4715827597518],[102.856075410085,16.4730951934469],[102.856081299033,16.473138740521],[102.856096951235,16.4731675546978],[102.856728577177,16.4733305289974],[102.856773707562,16.4733248448356],[102.856803570914,16.473309741979],[102.857375871125,16.472508521184],[102.857454160865,16.4724003628034]]]},"properties":{"id":"waterways-0028","label":"สระน้ำไม่มีชื่อ ม.15","sourceRecord":28,"sourceFolder":"ลำห้วย","datasetId":"waterways","sourceVersion":"2012-30","geometryDisplayRepair":false,"villageIds":["v15"],"villageId":"v15","electionIds":["e03"],"electionId":"e03","insideMunicipality":true}},{"type":"Feature","id":"waterways-0029","geometry":{"type":"Polygon","coordinates":[[[102.902500973681,16.4701328931497],[102.902479536248,16.4701129930309],[102.902201253869,16.4700253788346],[102.902171206276,16.4700259396457],[102.902138507012,16.4700439513342],[102.902080542049,16.4701067487076],[102.902064959452,16.4701236298193],[102.902011108654,16.4701362366939],[102.901968987418,16.4701341221302],[102.901962333161,16.4701310659434],[102.901932583838,16.4701174001382],[102.901591247506,16.469883051283],[102.901522023753,16.4698785407909],[102.901483258137,16.4698937667055],[102.901462921058,16.4699289490127],[102.901448480666,16.4699582217187],[102.901465432834,16.4704463861363],[102.901529448083,16.471148711769],[102.901539113313,16.4711643205029],[102.901541874139,16.4711687801534],[102.901571980053,16.4711711189946],[102.901599196862,16.4711637649082],[102.901919695817,16.4710771741498],[102.90213700034,16.4710184609476],[102.902303285264,16.4709274516349],[102.902328283437,16.4709137700071],[102.902597831057,16.4707662397477],[102.90262446679,16.470745439576],[102.902633130359,16.4707278755695],[102.90262829519,16.4707056274223],[102.902511265639,16.4701965070217],[102.902500973681,16.4701328931497]]]},"properties":{"id":"waterways-0029","label":"สระน้ำไม่มีชื่อ ม.10","sourceRecord":29,"sourceFolder":"ลำห้วย","datasetId":"waterways","sourceVersion":"2012-30","geometryDisplayRepair":false,"villageIds":["v10"],"villageId":"v10","electionIds":["e03"],"electionId":"e03","insideMunicipality":true}},{"type":"Feature","id":"waterways-0030","geometry":{"type":"Polygon","coordinates":[[[102.846416659821,16.5014288727411],[102.846390990443,16.5014252060914],[102.846329874956,16.5014245981005],[102.84628032668,16.5014273950981],[102.846230942012,16.5014269769417],[102.846187949234,16.5014208161604],[102.846166994118,16.5014149602947],[102.846156401052,16.5014137091269],[102.846133683941,16.5014022320186],[102.846097273507,16.501386012182],[102.846064091401,16.5013720995419],[102.846038208053,16.5013628209775],[102.846020946669,16.5013558530935],[102.846009522061,16.5013535570563],[102.84599049799,16.5013601134897],[102.845984809814,16.5013724911543],[102.845963600941,16.5014873735666],[102.84595067518,16.5015832925578],[102.845948819529,16.5016137111393],[102.845947102547,16.501635213509],[102.845936804079,16.501699488838],[102.845935938626,16.5017118489224],[102.845919952845,16.5017828770677],[102.845913588873,16.501802030701],[102.845905284482,16.5018448644223],[102.845896017119,16.5018933371123],[102.845887233107,16.5019316438931],[102.845879118432,16.5019823131572],[102.84587057209,16.5020421214829],[102.84585126669,16.502152530502],[102.845849282019,16.5021683534205],[102.845839926845,16.5021930688052],[102.845838230399,16.5022371513418],[102.845832734703,16.5022653000821],[102.845830776493,16.5022844438183],[102.845828177409,16.5023036706435],[102.845824427401,16.5023273570072],[102.845824454976,16.5023442454393],[102.845825584782,16.5023567185397],[102.845844615473,16.5023739236121],[102.845870200097,16.5023911125845],[102.84588100964,16.5023990438831],[102.845896953269,16.5024071413396],[102.845926613497,16.5024210114973],[102.845952565892,16.5024337228668],[102.845968477892,16.5024440017182],[102.845998252224,16.5024578715656],[102.846023003477,16.5024659862697],[102.846036431635,16.5024730148433],[102.846165509778,16.5025588552232],[102.846240688702,16.5026080058149],[102.846405858857,16.5026461602364],[102.846448631631,16.5026454468713],[102.846492481307,16.5026448968144],[102.846523025343,16.5026394922609],[102.846554404277,16.5026318536033],[102.846585835681,16.5026231808607],[102.846682638959,16.5025789687556],[102.846754973883,16.5025424908001],[102.84681766429,16.5025126166351],[102.84684421162,16.5024970881054],[102.846857498054,16.5024870877483],[102.846896341042,16.5024580943068],[102.846921126986,16.5024425982338],[102.846948572244,16.5024259415325],[102.846979062372,16.5023968484916],[102.846995068312,16.5023789986759],[102.847000603516,16.5023721701399],[102.847018769374,16.502347588285],[102.847044297865,16.5023116418219],[102.847061339008,16.502285899608],[102.847085094165,16.5022477292202],[102.847112596285,16.5022028706259],[102.847132197496,16.5021714293274],[102.847143661806,16.5021466831615],[102.847155055458,16.5021186052674],[102.847160361585,16.502084766623],[102.847164262322,16.5020532095881],[102.847145748956,16.501952469049],[102.847136892072,16.5019015540993],[102.847131890211,16.5018597027998],[102.847116493087,16.5017940496094],[102.847104753808,16.5017702445193],[102.847060658097,16.5017098545443],[102.847041642951,16.5016781324845],[102.847017578918,16.5016393989052],[102.846969745535,16.5015858800942],[102.84688945781,16.5015241251557],[102.846740453858,16.5014705453517],[102.846671889426,16.5014552150497],[102.846637755557,16.5014515230643],[102.846594786731,16.5014442575354],[102.846520526142,16.5014356088901],[102.846472873105,16.5014317193789],[102.846439579108,16.50143133499],[102.846416659821,16.5014288727411]]]},"properties":{"id":"waterways-0030","label":"สระน้ำไม่มีชื่อ ม.17","sourceRecord":30,"sourceFolder":"ลำห้วย","datasetId":"waterways","sourceVersion":"2012-30","geometryDisplayRepair":false,"villageIds":["v17"],"villageId":"v17","electionIds":["e02"],"electionId":"e02","insideMunicipality":true}},{"type":"Feature","id":"waterways-0031","geometry":{"type":"Polygon","coordinates":[[[102.829831109023,16.4881047685373],[102.829807709265,16.48810314574],[102.829793209993,16.4881218554597],[102.829805227296,16.4884085452374],[102.829809759636,16.4884228077776],[102.829828949843,16.4884265541624],[102.830149527824,16.4884186260562],[102.830170719134,16.4884161892608],[102.830187382716,16.4883994880476],[102.830183867521,16.4881147845563],[102.830180539779,16.4881103061143],[102.830164666053,16.4881088981553],[102.830134899974,16.4881073957403],[102.829831109023,16.4881047685373]]]},"properties":{"id":"waterways-0031","label":"สระน้ำไม่มีชื่อ ม.27","sourceRecord":31,"sourceFolder":"ลำห้วย","datasetId":"waterways","sourceVersion":"2012-30","geometryDisplayRepair":false,"villageIds":["v27"],"villageId":"v27","electionIds":["e01"],"electionId":"e01","insideMunicipality":true}},{"type":"Feature","id":"waterways-0032","geometry":{"type":"Polygon","coordinates":[[[102.846775600599,16.4968158369652],[102.846762151046,16.4968156435537],[102.846738416221,16.4968221757805],[102.846725978421,16.4968322741115],[102.846716678469,16.4968502240399],[102.846711859725,16.4968659809645],[102.846705172804,16.4968862467301],[102.846701554522,16.4969009457161],[102.846699628308,16.4969098930534],[102.846695047997,16.4969222457833],[102.846691195816,16.4969290026738],[102.846685582805,16.4969379430489],[102.846677860569,16.4969480970577],[102.846667526026,16.4969604132453],[102.846655131759,16.4969669945759],[102.846662871282,16.4969806758559],[102.846675305957,16.4969932393204],[102.846685726939,16.4970012120765],[102.846707865419,16.4970127783794],[102.846717215539,16.4970184817721],[102.846746035328,16.4970289640376],[102.846793614188,16.4970406904837],[102.84681926124,16.4970455747852],[102.84683158728,16.497046791327],[102.846859342665,16.497053818496],[102.846872746425,16.4970596348652],[102.84688136967,16.4970676425379],[102.84690051702,16.4970847687563],[102.846912067595,16.4970972681892],[102.846926308946,16.4971064671172],[102.846947303334,16.4971180165744],[102.846958673908,16.4971180687227],[102.84696929978,16.4971148006582],[102.846979608898,16.4971013426365],[102.846990961026,16.4970845422891],[102.847003197402,16.4970643637434],[102.847017432349,16.497036342725],[102.847023257525,16.4970250344536],[102.847031666469,16.497004736953],[102.847035220177,16.4969924464455],[102.847038855154,16.4969789228247],[102.847033240973,16.4969427337619],[102.847018945737,16.496934686243],[102.847003490302,16.496930013885],[102.846978686875,16.4969230054254],[102.846967348945,16.4969194048992],[102.846950116256,16.4969158498278],[102.846935776615,16.4969112281852],[102.84691981394,16.4969019554045],[102.846902342839,16.4968905611784],[102.846876833106,16.4968732896213],[102.846852747621,16.4968561073103],[102.8468280607,16.4968400070867],[102.84680965011,16.4968308064668],[102.846795467075,16.4968227568618],[102.846775600599,16.4968158369652]]]},"properties":{"id":"waterways-0032","label":"บ่อน้ำไม่มีชื่อ ม.17","sourceRecord":32,"sourceFolder":"ลำห้วย","datasetId":"waterways","sourceVersion":"2012-30","geometryDisplayRepair":false,"villageIds":["v17"],"villageId":"v17","electionIds":["e02"],"electionId":"e02","insideMunicipality":true}},{"type":"Feature","id":"waterways-0033","geometry":{"type":"Polygon","coordinates":[[[102.853313739827,16.4819715734277],[102.853299963144,16.4819624573365],[102.853230587273,16.4819899722434],[102.853221066736,16.4819995179666],[102.853217390412,16.4820291985167],[102.853212694647,16.4820671338576],[102.853201341056,16.4820823363791],[102.853021670098,16.4821306245693],[102.853008264452,16.4821402401238],[102.853065895467,16.4823040894176],[102.85307952183,16.4823057103649],[102.853092550856,16.4823017247449],[102.853422885815,16.4821869408968],[102.853432447216,16.4821792693437],[102.853434128091,16.4821661201317],[102.853313739827,16.4819715734277]]]},"properties":{"id":"waterways-0033","label":"แหล่งน้ำ #33","sourceRecord":33,"sourceFolder":"ลำห้วย","datasetId":"waterways","sourceVersion":"2012-30","geometryDisplayRepair":false,"villageIds":["v26"],"villageId":"v26","electionIds":["e02"],"electionId":"e02","insideMunicipality":true}},{"type":"Feature","id":"waterways-0034","geometry":{"type":"Polygon","coordinates":[[[102.794791701775,16.4831470105589],[102.794775581163,16.4831254633521],[102.794736117133,16.4831013407514],[102.794694452987,16.4830805470897],[102.794656357346,16.4830598365923],[102.794629809514,16.4830539329393],[102.794610829308,16.4830548334711],[102.79460229774,16.4830536511584],[102.794591585555,16.4830658584155],[102.794580075101,16.4830804830735],[102.794565585841,16.4830939003712],[102.794543486371,16.4831060969651],[102.794521506215,16.4831081582269],[102.794501674545,16.4831067840997],[102.794486496464,16.4831043554557],[102.794465467203,16.4831007490535],[102.794442633229,16.4831004626105],[102.794409264421,16.483100141894],[102.794367415398,16.4830951350726],[102.79431424554,16.4830912226175],[102.79427040433,16.4830885068754],[102.79424761196,16.4830882918415],[102.794211284309,16.4830878831569],[102.794193115112,16.4830910951314],[102.794142475649,16.4831165589611],[102.794121337691,16.4831265102028],[102.794096377898,16.483135281114],[102.794056501102,16.4831393302965],[102.794015574476,16.483136640081],[102.794001221651,16.48313538298],[102.793982212435,16.4831328794911],[102.793948965353,16.4831269097082],[102.793934628622,16.4831244639412],[102.793918459826,16.4831243198974],[102.79390210588,16.4831264305284],[102.793887754582,16.4831329713305],[102.793876175618,16.4831442306096],[102.793867514934,16.4831598754632],[102.793864419373,16.4831778546586],[102.793867995898,16.4831960898807],[102.793871593009,16.4832118803158],[102.793880973182,16.4832369111806],[102.793888425909,16.4832538876505],[102.793902503242,16.4832742954051],[102.793915466645,16.4832891361552],[102.793935228449,16.4833085509918],[102.79395608274,16.4833212615256],[102.793975847517,16.4833349789896],[102.793999165083,16.4833498915921],[102.794014805411,16.4833602911819],[102.794026982666,16.4833659442337],[102.794058168292,16.4833799054693],[102.794072453144,16.4833856357455],[102.794094348687,16.4833927067399],[102.794117069217,16.4834007914073],[102.794141783798,16.4834090293514],[102.794172121071,16.4834206346486],[102.794203281232,16.4834333375707],[102.794224279458,16.4834415356124],[102.794262176095,16.4834520417375],[102.794284949428,16.4834590931595],[102.794315205105,16.4834683367123],[102.79435136559,16.4834800681299],[102.794371561073,16.4834847968364],[102.794399910858,16.4834885301693],[102.794435312472,16.483483269141],[102.794453272675,16.4834788824918],[102.794481985321,16.4834701516582],[102.794524006767,16.483452496906],[102.794553013766,16.4834234763452],[102.794571409515,16.4834022984441],[102.794597434556,16.4833776144918],[102.794614874872,16.4833666177821],[102.794639580688,16.4833544162509],[102.794662546118,16.4833455723123],[102.794688374919,16.4833346073266],[102.794735507497,16.4833136113285],[102.794763110234,16.4832970305021],[102.794789127351,16.4832780782741],[102.794795088157,16.4832713568413],[102.794800719174,16.4832555450138],[102.794803074114,16.4832330676241],[102.794803509004,16.4831923709794],[102.794797106611,16.4831686441025],[102.794791701775,16.4831470105589]]]},"properties":{"id":"waterways-0034","label":"สระน้ำไม่มีชื่อ ม.23","sourceRecord":34,"sourceFolder":"ลำห้วย","datasetId":"waterways","sourceVersion":"2012-30","geometryDisplayRepair":false,"villageIds":["v23"],"villageId":"v23","electionIds":["e01"],"electionId":"e01","insideMunicipality":true}},{"type":"Feature","id":"waterways-0035","geometry":{"type":"Polygon","coordinates":[[[102.900674453789,16.4662015623191],[102.900652851831,16.466223228623],[102.90052491993,16.4664025198785],[102.900393932003,16.4666280129583],[102.900175161887,16.4670474296483],[102.899681856823,16.4679963002718],[102.898820467552,16.4696531613228],[102.898288099798,16.4706675726944],[102.898288736041,16.4706694140272],[102.898375264646,16.470788423443],[102.899830418818,16.4680772760154],[102.89986110356,16.4680182117335],[102.900600186782,16.4665955585853],[102.900823231454,16.4663039077487],[102.900674453789,16.4662015623191]]]},"properties":{"id":"waterways-0035","label":"คลองไม่มีชื่อ ม.10","sourceRecord":35,"sourceFolder":"ลำห้วย","datasetId":"waterways","sourceVersion":"2012-30","geometryDisplayRepair":false,"villageIds":["v10"],"villageId":"v10","electionIds":["e03"],"electionId":"e03","insideMunicipality":true}},{"type":"Feature","id":"waterways-0036","geometry":{"type":"Polygon","coordinates":[[[102.868458395333,16.518894992751],[102.868336413007,16.5187009277232],[102.868074711949,16.5183549012077],[102.867800375869,16.5179921667238],[102.867799200972,16.5179904697035],[102.867527317306,16.5174726595935],[102.867363313301,16.5170603683945],[102.86730136315,16.5168919394668],[102.867283389198,16.5168847460814],[102.867243926594,16.5168945879975],[102.867240641424,16.516906538041],[102.867257297673,16.5169795462122],[102.867438019206,16.517397808191],[102.867586179214,16.5177256904138],[102.867799846607,16.5180714827477],[102.868020102561,16.5183215162589],[102.868039553204,16.5183483550955],[102.868146661585,16.5184961430796],[102.868168347977,16.5185643371368],[102.868169216084,16.5186078885886],[102.868156236826,16.5186346838345],[102.868132438358,16.5186571386793],[102.86810630604,16.5186833351876],[102.868089054987,16.5187093687607],[102.868071889271,16.5187396837912],[102.868059249132,16.5187742024294],[102.86805952403,16.5187751825133],[102.868458395333,16.518894992751]]]},"properties":{"id":"waterways-0036","label":"ห้วยขัว","sourceRecord":36,"sourceFolder":"ลำห้วย","datasetId":"waterways","sourceVersion":"2012-30","geometryDisplayRepair":false,"villageIds":["v07"],"villageId":"v07","electionIds":["e03"],"electionId":"e03","insideMunicipality":true}},{"type":"Feature","id":"waterways-0037","geometry":{"type":"Polygon","coordinates":[[[102.849854884382,16.4855863866896],[102.849837712706,16.4855851990348],[102.849438002433,16.4857098765281],[102.84941804137,16.4857252835603],[102.849418339005,16.4857403200015],[102.849499159856,16.4859644334371],[102.84950718972,16.4859763164824],[102.849530593937,16.4859773893094],[102.849967314502,16.4858324761559],[102.849973278201,16.4858188311403],[102.849870793429,16.4856026359211],[102.849854884382,16.4855863866896]]]},"properties":{"id":"waterways-0037","label":"สระน้ำไม่มีชื่อ ม.26","sourceRecord":37,"sourceFolder":"ลำห้วย","datasetId":"waterways","sourceVersion":"2012-30","geometryDisplayRepair":false,"villageIds":["v26"],"villageId":"v26","electionIds":["e02"],"electionId":"e02","insideMunicipality":true}},{"type":"Feature","id":"waterways-0038","geometry":{"type":"Polygon","coordinates":[[[102.889122543418,16.46913471556],[102.88908685423,16.4690869666755],[102.889012847542,16.4690919179094],[102.888735107548,16.4692813151719],[102.888415151546,16.4695140788128],[102.887952368602,16.4698208974204],[102.887929822891,16.4698733501615],[102.887939218567,16.4703437721695],[102.887971445819,16.4704220707592],[102.887996550577,16.470430980955],[102.888431244722,16.4704598401337],[102.888896994247,16.4704511773525],[102.888927979695,16.4704262998993],[102.889211778799,16.4698195638202],[102.889296253571,16.4696357342609],[102.889122543418,16.46913471556]]]},"properties":{"id":"waterways-0038","label":"กุดสามขา","sourceRecord":38,"sourceFolder":"ลำห้วย","datasetId":"waterways","sourceVersion":"2012-30","geometryDisplayRepair":false,"villageIds":["v10"],"villageId":"v10","electionIds":["e03"],"electionId":"e03","insideMunicipality":true}},{"type":"Feature","id":"waterways-0039","geometry":{"type":"Polygon","coordinates":[[[102.83969554954,16.4716094765895],[102.839680358545,16.4716025480902],[102.83905344558,16.471640113666],[102.838571368162,16.4716611625979],[102.838541686765,16.4716710228183],[102.838521615432,16.4716866175018],[102.838511122233,16.4717158585278],[102.838533065465,16.4721836789662],[102.838543532549,16.4721937972636],[102.838563348735,16.4721986441509],[102.839134827521,16.4721638706795],[102.839701684228,16.4721301757921],[102.839725983692,16.4721055562382],[102.839733777078,16.4720909647271],[102.839699444568,16.4717021668113],[102.839697380729,16.4716264123315],[102.83969554954,16.4716094765895]]]},"properties":{"id":"waterways-0039","label":"บ่อน้ำไม่มีชื่อ ม.14","sourceRecord":39,"sourceFolder":"ลำห้วย","datasetId":"waterways","sourceVersion":"2012-30","geometryDisplayRepair":false,"villageIds":["v14"],"villageId":"v14","electionIds":["e02"],"electionId":"e02","insideMunicipality":true}},{"type":"Feature","id":"waterways-0040","geometry":{"type":"Polygon","coordinates":[[[102.87008208042,16.4582781468601],[102.870040038416,16.4582765976271],[102.869924098916,16.458282139289],[102.869713566515,16.45829704657],[102.869483482722,16.458309359441],[102.869402399385,16.4583130055932],[102.869360541411,16.4583148859353],[102.86934724616,16.4583282904535],[102.86934895144,16.4584141463606],[102.869355710862,16.4585904510167],[102.869358464364,16.4586672703044],[102.86939608442,16.4587567828908],[102.869446995644,16.4588883694334],[102.869491190667,16.4589983482388],[102.869500815822,16.4590277707903],[102.869515781059,16.4590505179646],[102.869542392449,16.4590733826588],[102.86956715404,16.4590916646781],[102.869587057979,16.459106593505],[102.869617402577,16.4591204504035],[102.869664815582,16.4591378640962],[102.869699101228,16.459146210137],[102.869727623081,16.4591532218722],[102.869768543553,16.4591558682787],[102.8698123121,16.459146183084],[102.869844700477,16.4591204938088],[102.86987428314,16.4590903478183],[102.869890746334,16.4590611807604],[102.869902303767,16.4590454426164],[102.869925270905,16.4589813025991],[102.869965570824,16.45887552549],[102.869994427221,16.4587820431851],[102.870056927156,16.4586066048634],[102.870114668227,16.4584343899423],[102.870127389733,16.4583689985431],[102.870125666025,16.4583362169048],[102.870114339433,16.4583021981567],[102.870099104921,16.458285145683],[102.87008208042,16.4582781468601]]]},"properties":{"id":"waterways-0040","label":"สระน้ำไม่มีชื่อ ม.11","sourceRecord":40,"sourceFolder":"ลำห้วย","datasetId":"waterways","sourceVersion":"2012-30","geometryDisplayRepair":false,"villageIds":["v11"],"villageId":"v11","electionIds":["e03"],"electionId":"e03","insideMunicipality":true}},{"type":"Feature","id":"waterways-0041","geometry":{"type":"Polygon","coordinates":[[[102.852249830326,16.4946845897549],[102.852224434089,16.4946843220292],[102.852211765981,16.4946887693793],[102.852203291864,16.4946920629371],[102.852195812367,16.4947032141302],[102.852193921267,16.4947144859893],[102.852193007662,16.4947223707087],[102.852191373802,16.4947404400963],[102.852189408842,16.4947551103949],[102.852189526381,16.4947901066894],[102.852189598735,16.4948149432644],[102.852193388077,16.4948420680155],[102.85219750405,16.4948952508457],[102.85220239495,16.4949291638633],[102.852204282581,16.4949393274869],[102.852204661361,16.4949664122986],[102.852201760738,16.4949901190306],[102.852198288951,16.4950137911862],[102.852198071203,16.4950262556629],[102.852195476465,16.4950555337322],[102.852194562656,16.4950849711707],[102.852194687453,16.4951007515154],[102.85219764553,16.4951245324199],[102.852201522639,16.495140277824],[102.852206296496,16.4951551206466],[102.852214955257,16.4951744004784],[102.852218885169,16.4951834202296],[102.852228432814,16.4951914448864],[102.852236942311,16.4951938043446],[102.852245713019,16.4951938662949],[102.852265651392,16.4951906878458],[102.852289194859,16.495178537399],[102.852304490899,16.4951673881564],[102.852319769456,16.4951517711554],[102.852328362148,16.4951348311554],[102.852333986996,16.4951056027497],[102.852336480574,16.4950864149182],[102.852338417262,16.4950468693399],[102.852338158862,16.494991557254],[102.852338009899,16.4949723405809],[102.852337937542,16.4949531197874],[102.852337668284,16.4949260410794],[102.852340435854,16.4948899133392],[102.852343092262,16.4948594539551],[102.852345836998,16.4948222213459],[102.852349456292,16.4947882983979],[102.852347566611,16.4947488252193],[102.852339866743,16.4947296071009],[102.852332861421,16.4947204230325],[102.852309053071,16.4947055235563],[102.852277627197,16.4946894319489],[102.8522624413,16.4946847622177],[102.852249830326,16.4946845897549]]]},"properties":{"id":"waterways-0041","label":"แหล่งน้ำ #41","sourceRecord":41,"sourceFolder":"ลำห้วย","datasetId":"waterways","sourceVersion":"2012-30","geometryDisplayRepair":false,"villageIds":["v26","v28"],"villageId":null,"electionIds":["e03","e02"],"electionId":null,"insideMunicipality":true}},{"type":"Feature","id":"waterways-0042","geometry":{"type":"Polygon","coordinates":[[[102.871245524814,16.519732147103],[102.87179423457,16.5197369846082],[102.871805720939,16.519726943021],[102.87181090896,16.5196817941778],[102.871811467793,16.5196310037467],[102.871804005136,16.519616247815],[102.871785198833,16.5196048107908],[102.87175482894,16.519591997788],[102.870981821737,16.5195909340189],[102.870961896952,16.5195963348984],[102.870951190678,16.5196052557936],[102.870942215999,16.5196277434076],[102.870944947073,16.5196418663312],[102.871245524814,16.519732147103]]]},"properties":{"id":"waterways-0042","label":"แหล่งน้ำ #42","sourceRecord":42,"sourceFolder":"ลำห้วย","datasetId":"waterways","sourceVersion":"2012-30","geometryDisplayRepair":false,"villageIds":[],"villageId":null,"electionIds":[],"electionId":null,"insideMunicipality":false}},{"type":"Feature","id":"waterways-0043","geometry":{"type":"Polygon","coordinates":[[[102.796200651421,16.4693820617802],[102.795753598928,16.4693536603103],[102.795734374378,16.4693716002025],[102.795734039657,16.4694054652868],[102.795744010002,16.4698166427221],[102.79574983704,16.4701531969244],[102.795975445044,16.4701510980419],[102.796239024559,16.4701538489045],[102.796603573039,16.470156546378],[102.796604765476,16.4698720151064],[102.79660765707,16.4694349928293],[102.796595232038,16.4694223891229],[102.796571649454,16.4694109146938],[102.796200651421,16.4693820617802]]]},"properties":{"id":"waterways-0043","label":"สระน้ำไม่มีชื่อ ม.23","sourceRecord":43,"sourceFolder":"ลำห้วย","datasetId":"waterways","sourceVersion":"2012-30","geometryDisplayRepair":false,"villageIds":["v23"],"villageId":"v23","electionIds":["e01"],"electionId":"e01","insideMunicipality":true}},{"type":"Feature","id":"waterways-0044","geometry":{"type":"Polygon","coordinates":[[[102.864193123129,16.4815573613473],[102.864174964991,16.4815571413534],[102.864162663845,16.481562723801],[102.864149359882,16.4815715837849],[102.864141552708,16.4815816711565],[102.864058477144,16.4817186108248],[102.863989109197,16.4818285537666],[102.86398503591,16.4818512056441],[102.863989033052,16.4818612984831],[102.864218336117,16.4820071402765],[102.86436702861,16.482103548645],[102.864382219044,16.4821104714076],[102.864400342212,16.4821162716435],[102.864526343573,16.481932330103],[102.864608325837,16.4818021306046],[102.864400019166,16.4816645130812],[102.864234865038,16.4815645320615],[102.86421497684,16.4815620965168],[102.864193123129,16.4815573613473]]]},"properties":{"id":"waterways-0044","label":"แหล่งน้ำ #44","sourceRecord":44,"sourceFolder":"ลำห้วย","datasetId":"waterways","sourceVersion":"2012-30","geometryDisplayRepair":false,"villageIds":["v25"],"villageId":"v25","electionIds":["e03"],"electionId":"e03","insideMunicipality":true}},{"type":"Feature","id":"waterways-0045","geometry":{"type":"Polygon","coordinates":[[[102.863961101951,16.5010012749367],[102.863932503579,16.5009964782503],[102.863896399263,16.5009971465873],[102.86386859693,16.5010014336192],[102.863836448239,16.5010011417944],[102.863806149571,16.5009894300076],[102.863775896919,16.5009688868731],[102.863741037022,16.5009436253432],[102.863718312076,16.5009378032013],[102.863678260364,16.5009328855442],[102.863606912854,16.5009298843186],[102.863600091737,16.5009354088422],[102.863597084464,16.500947845421],[102.863592151541,16.5010234393776],[102.863584778542,16.5011803872411],[102.863582483696,16.5012096956681],[102.863587832979,16.5012187600824],[102.863600404515,16.5012268101996],[102.86362319901,16.5012304845668],[102.863781176946,16.5012400188258],[102.863803046762,16.5012458224967],[102.863814297766,16.5012550014184],[102.863825138315,16.5012798918999],[102.863833491714,16.5012935248156],[102.863843988871,16.5012993152395],[102.863854500696,16.5013039622186],[102.86393047274,16.5013081706728],[102.863946720477,16.5013048779815],[102.863953427689,16.5012971062025],[102.863961465824,16.5012891979045],[102.863973522533,16.5011210790307],[102.863978700137,16.5010251145892],[102.863973344777,16.5010081744095],[102.863961101951,16.5010012749367]]]},"properties":{"id":"waterways-0045","label":"แหล่งน้ำ #45","sourceRecord":45,"sourceFolder":"ลำห้วย","datasetId":"waterways","sourceVersion":"2012-30","geometryDisplayRepair":false,"villageIds":["v01"],"villageId":"v01","electionIds":["e03"],"electionId":"e03","insideMunicipality":true}},{"type":"Feature","id":"waterways-0046","geometry":{"type":"Polygon","coordinates":[[[102.800834849417,16.4630163620533],[102.800810028304,16.4630082779843],[102.800663160268,16.463034933181],[102.800541156487,16.4630596187949],[102.800524714576,16.4630943620093],[102.80053868034,16.4633825022961],[102.800549707882,16.4635746010081],[102.800562619041,16.4636199392556],[102.800578354643,16.4636528399588],[102.800603008354,16.463675677396],[102.800647632545,16.4636897630308],[102.800693079509,16.4637003922355],[102.800715735712,16.4637153164669],[102.800746940168,16.4637246569732],[102.80080232969,16.4637229493563],[102.800868202243,16.4637146546452],[102.800906289577,16.4637094545051],[102.800921737058,16.4636903603132],[102.800932117818,16.4636769038841],[102.800903238319,16.4634665778664],[102.800878532114,16.4632664480647],[102.800847741357,16.4630391533264],[102.800834849417,16.4630163620533]]]},"properties":{"id":"waterways-0046","label":"สระน้ำม.19","sourceRecord":46,"sourceFolder":"ลำห้วย","datasetId":"waterways","sourceVersion":"2012-30","geometryDisplayRepair":false,"villageIds":["v19"],"villageId":"v19","electionIds":["e01"],"electionId":"e01","insideMunicipality":true}},{"type":"Feature","id":"waterways-0047","geometry":{"type":"Polygon","coordinates":[[[102.851196270992,16.5217993232222],[102.851288260582,16.5217567094054],[102.851289252888,16.5217562336216],[102.851289649974,16.5217560232745],[102.851469511445,16.5216636236079],[102.851470457416,16.5216631225132],[102.851561017859,16.521613309561],[102.851561808706,16.5216128627614],[102.851563524621,16.5216118042728],[102.851640773907,16.5215611291854],[102.851732242706,16.5215220238627],[102.851862575191,16.5214971188052],[102.851863312106,16.5214969707524],[102.85202133089,16.5214635536432],[102.852190121068,16.5214374912821],[102.852487494293,16.5213934932977],[102.852788980193,16.5213706557944],[102.853069293557,16.5213513472371],[102.853069787614,16.5213513101367],[102.853072220542,16.5213510332929],[102.853072836943,16.5213509397951],[102.853159377867,16.5213368909547],[102.853258409704,16.521325642893],[102.853361268818,16.5213173096859],[102.853442398837,16.5213318049719],[102.853536614596,16.5213835704866],[102.853537048577,16.521383805178],[102.853539228667,16.5213848791968],[102.853540762546,16.5213855347731],[102.85368528642,16.5214435164472],[102.853686000933,16.5214437946763],[102.853687361204,16.5214442802232],[102.853813241811,16.5214865242077],[102.854045878582,16.521570649913],[102.85418156345,16.5216280989132],[102.854182946608,16.5216286535085],[102.854185253828,16.5216294409526],[102.854187612448,16.5216300848871],[102.854190003569,16.5216305757363],[102.854192426275,16.5216309144195],[102.854194868429,16.5216311020632],[102.854197315916,16.521631134417],[102.854199759386,16.5216310116537],[102.85420218949,16.5216307339462],[102.854204597902,16.5216303059597],[102.854206971514,16.5216297270342],[102.854209297218,16.5216289965099],[102.854211571472,16.5216281243772],[102.854213783936,16.5216271081203],[102.854215918842,16.5216259543467],[102.854217974462,16.5216246703066],[102.854219935854,16.5216232571785],[102.854221796654,16.5216217241026],[102.854223550458,16.5216200784157],[102.854225187972,16.5216183229963],[102.85422670664,16.5216164705235],[102.854228091592,16.5216145257836],[102.854229344825,16.5216124950556],[102.854230456357,16.5216103938627],[102.854231424337,16.5216082231414],[102.854232244375,16.5216059974092],[102.854232908237,16.5216037258411],[102.854233420759,16.5216014164682],[102.854233770917,16.5215990794193],[102.854233964555,16.5215967263159],[102.854233999011,16.5215943644254],[102.854233870796,16.5215920064442],[102.854233583811,16.5215896604206],[102.854233141148,16.521587340734],[102.854232537269,16.5215850510956],[102.854231783643,16.5215828039255],[102.854230875848,16.5215806119371],[102.854229822387,16.5215784794847],[102.854228628133,16.5215764164032],[102.854227295243,16.5215744370892],[102.854225834072,16.5215725449602],[102.854224242913,16.5215707481685],[102.854222536886,16.5215690545548],[102.854220719011,16.5215674748907],[102.854218798728,16.5215660135131],[102.854216782654,16.5215646739088],[102.854214677513,16.5215634649761],[102.85421249839,16.5215623927523],[102.854211630347,16.5215620136016],[102.854075006065,16.5215041687361],[102.854073622927,16.5215036150418],[102.854073101897,16.5215034243676],[102.853839086814,16.5214187954216],[102.853838244767,16.5214185006025],[102.853712990437,16.521376469717],[102.853571630768,16.5213197550169],[102.853473935984,16.5212660787289],[102.853473502003,16.5212658440373],[102.853471321951,16.5212647718213],[102.853469073562,16.5212638380142],[102.853466766311,16.5212630487567],[102.853464409603,16.5212624065819],[102.853462233406,16.5212619523534],[102.85336995675,16.521245466026],[102.85336973712,16.521245427678],[102.853367314365,16.5212450862781],[102.853364874138,16.5212449012947],[102.853362424802,16.5212448698666],[102.853360012116,16.5212449884411],[102.853251513633,16.5212537795486],[102.853250285115,16.5212538996975],[102.853149709698,16.5212653206373],[102.853148491246,16.5212654766907],[102.853147875816,16.5212655719753],[102.853062181532,16.5212794860593],[102.852783518702,16.5212986783727],[102.852783256255,16.5212986976585],[102.852480261229,16.521321649634],[102.852480029619,16.5213216674475],[102.852477596689,16.5213219442845],[102.85247751831,16.5213219538531],[102.852178656819,16.5213661750926],[102.852178416235,16.5213662120194],[102.852008448311,16.5213924522114],[102.852006358926,16.5213928372856],[102.851847665832,16.5214263967576],[102.851713622963,16.5214520118577],[102.851712892575,16.5214521588871],[102.85171051897,16.5214527386872],[102.851708191346,16.5214534674158],[102.851705917112,16.521454341327],[102.851705734386,16.5214544186892],[102.851607376349,16.5214964681662],[102.851605348462,16.5214974070012],[102.85160320976,16.5214985590161],[102.851601494817,16.5214996192914],[102.851522677786,16.521551324849],[102.85143386784,16.5216001715891],[102.85125518985,16.5216919709971],[102.85116332906,16.5217345228655],[102.851162338677,16.5217350013201],[102.851162228469,16.5217350565901],[102.851084106694,16.5217743482737],[102.850993519477,16.5217878574983],[102.85088945458,16.5217789188078],[102.850817024714,16.521768561194],[102.850761452965,16.5217551628168],[102.850725377949,16.5217375462088],[102.850678877379,16.5217030925373],[102.850515155761,16.5215797339947],[102.850514328163,16.5215791303152],[102.850512312088,16.5215777897677],[102.850510207932,16.5215765825793],[102.850508121291,16.5215755510118],[102.85043119546,16.5215404563995],[102.850431102018,16.5215404139134],[102.850428853633,16.521539480071],[102.850426546384,16.5215386907779],[102.850424189674,16.5215380485672],[102.850421797619,16.5215375576897],[102.850421121033,16.5215374465719],[102.850318494891,16.5215215839779],[102.850316842483,16.5215213654628],[102.850239213455,16.5215127674331],[102.850239117799,16.521512754763],[102.850236679434,16.5215125697085],[102.850234230068,16.5215125373422],[102.850231785651,16.5215126600763],[102.850229908644,16.5215128598538],[102.850131094395,16.5215258159287],[102.850130539413,16.5215258938475],[102.850128596782,16.5215262274708],[102.850063100954,16.5215392161124],[102.850006103083,16.5215396387826],[102.849940284657,16.5215199663408],[102.849893263292,16.5215021068591],[102.849831499445,16.5214722449671],[102.849820629492,16.5214561053973],[102.849823050492,16.5214412732475],[102.849834796567,16.5214042713618],[102.849835337964,16.5214023774072],[102.849835385809,16.521402196068],[102.849843094175,16.5213714719014],[102.849843558906,16.5213693438676],[102.849843911007,16.5213670076824],[102.849844105599,16.5213646527507],[102.849844132493,16.5213639340401],[102.849845179703,16.5213255904089],[102.849848097684,16.5212983292144],[102.849848256501,16.5212962925454],[102.849848288224,16.5212939315981],[102.849848162868,16.5212915735511],[102.849847875037,16.5212892293313],[102.84984743052,16.5212869078546],[102.849846829496,16.5212846181407],[102.849846074086,16.521282372782],[102.849845458085,16.5212808367474],[102.849828230434,16.5212406452177],[102.849827943326,16.5212399873437],[102.849826889893,16.5212378539564],[102.849825693831,16.5212357917758],[102.849824917339,16.5212346051794],[102.849789676808,16.5211829056193],[102.849789122341,16.5211821137307],[102.849787657488,16.5211802225318],[102.849787321233,16.5211798218124],[102.849700773356,16.5210782333258],[102.849699520379,16.5210768380767],[102.849698240492,16.5210755479888],[102.849620111255,16.5210006675746],[102.849619687075,16.5210002666735],[102.849617870134,16.5209986851389],[102.849615947061,16.5209972228601],[102.849614849017,16.5209964707817],[102.849506192506,16.5209248562391],[102.849420486166,16.520864352674],[102.849307694141,16.5207676290207],[102.84930718328,16.5207671963346],[102.849199687031,16.5206783356493],[102.849199466444,16.520678154754],[102.849197546199,16.5206766933201],[102.849195528289,16.5206753536923],[102.84919376544,16.5206743296652],[102.849054984224,16.5205985826735],[102.849054643886,16.5205984003795],[102.84905246382,16.5205973263065],[102.84905021545,16.5205963924455],[102.849047908179,16.5205956013296],[102.849047581678,16.5205955035944],[102.848946836262,16.5205655524792],[102.848905899625,16.5205368504833],[102.848874252669,16.5204965433158],[102.848854013606,16.520457959158],[102.848846930198,16.5204024057054],[102.848846788052,16.5204014167237],[102.848846612412,16.5204003895621],[102.84883268852,16.5203260966005],[102.848832420577,16.5203248013609],[102.848831816801,16.5203225134964],[102.84883106326,16.5203202671942],[102.848830156429,16.5203180733468],[102.848829103049,16.5203159417548],[102.848827908892,16.5203138804323],[102.84882657883,16.5203118992143],[102.848825113994,16.5203100080051],[102.848824914702,16.5203097689704],[102.848787796935,16.5202656847592],[102.848786407963,16.5202641286997],[102.848784700081,16.5202624332595],[102.84878288132,16.5202608535531],[102.848780961082,16.5202593921138],[102.84877894505,16.5202580524458],[102.848776840881,16.5202568434306],[102.84877513946,16.520255992405],[102.848740446302,16.5202396933508],[102.848739968615,16.520239471184],[102.848737719315,16.5202385373356],[102.848735412103,16.5202377489209],[102.848734545606,16.5202374942302],[102.848674322555,16.520220540331],[102.848672832342,16.5202201518848],[102.848670437481,16.5202196601326],[102.848668014734,16.5202193186735],[102.848665576383,16.5202191335968],[102.848664842578,16.5202191083426],[102.848614388131,16.5202178082367],[102.848510925057,16.5201944693009],[102.848486312417,16.5201878568985],[102.848485265217,16.5201875929098],[102.84848414906,16.5201873419234],[102.848433328718,16.5201767893251],[102.848432049979,16.5201765467527],[102.848429629139,16.52017620706],[102.848427188882,16.5201760202109],[102.848424741435,16.5201759895891],[102.848422295123,16.5201761105293],[102.848419864995,16.5201763872653],[102.848417458461,16.5201768160511],[102.848416338278,16.5201770695133],[102.848336417396,16.5201964466437],[102.848180094495,16.520230211235],[102.84810900749,16.5202255184355],[102.848108185348,16.5202254722526],[102.848107451561,16.5202254478983],[102.848062802837,16.5202242949599],[102.847997696499,16.5202116374007],[102.847922457546,16.5201757679568],[102.847885352939,16.5201513927159],[102.847839418986,16.5200958505003],[102.84783884526,16.5200951717447],[102.847767644971,16.5200132555957],[102.847766630336,16.5200121338353],[102.847764922518,16.5200104410902],[102.847763102831,16.5200088613898],[102.847761181613,16.5200073972503],[102.847759165642,16.5200060602763],[102.84775706335,16.5200048512143],[102.847755801952,16.5200042095093],[102.847702228117,16.5199781891947],[102.847701304768,16.5199777559943],[102.84769946644,16.5199769814717],[102.847628698814,16.5199492870623],[102.847548491892,16.5198873032675],[102.847533917963,16.5198594480758],[102.847532272302,16.5198457475276],[102.847530748611,16.5197949880472],[102.84754196564,16.5197214229261],[102.847542131175,16.5197201954765],[102.847542324917,16.5197178432642],[102.847542359478,16.5197154822594],[102.847542304692,16.5197141343601],[102.847537964513,16.519640108296],[102.84753790514,16.5196392838043],[102.847528232013,16.5195219212299],[102.847528216121,16.5195217329464],[102.847527930195,16.5195193886821],[102.847527486648,16.5195170671763],[102.847527460264,16.5195169629985],[102.847510350885,16.5194426040954],[102.847509936122,16.5194409795216],[102.847501214545,16.5194099594113],[102.847501053769,16.5194093984521],[102.847500296508,16.5194071522099],[102.84749939252,16.5194049592027],[102.847498339197,16.5194028294036],[102.84749714409,16.5194007662825],[102.847497077429,16.5194006592387],[102.847414085349,16.5192689479107],[102.847412818265,16.5192670755957],[102.847411354296,16.5192651798449],[102.847409764183,16.51926338477],[102.847408058264,16.5192616928873],[102.847407871483,16.519261518584],[102.84737672444,16.5192330009931],[102.847375092391,16.5192315910633],[102.847373172137,16.5192301278027],[102.847371156195,16.5192287917244],[102.847369052979,16.5192275826735],[102.847366872001,16.5192265085948],[102.847364620883,16.5192255765661],[102.847362478347,16.5192248374267],[102.84733382213,16.5192158993908],[102.847308648197,16.5192080484149],[102.847308485424,16.5192079999879],[102.847306130582,16.5192073558953],[102.847303735751,16.5192068650258],[102.847301313952,16.5192065235304],[102.847298874676,16.5192063384519],[102.84729642625,16.5192063051256],[102.84729398187,16.5192064287215],[102.847291549844,16.5192067036727],[102.847289144286,16.5192071342302],[102.847286771599,16.5192077130576],[102.847284442138,16.5192084435731],[102.847283683365,16.5192087156244],[102.847244967386,16.519223117514],[102.847243451901,16.5192237184221],[102.847241242213,16.5192247345552],[102.847239106302,16.5192258864739],[102.847237052548,16.519227172219],[102.847235091056,16.5192285825814],[102.847234555045,16.5192290039106],[102.847208432739,16.5192498873271],[102.847207106065,16.5192510008565],[102.84720535224,16.5192526482965],[102.847203713677,16.5192544009815],[102.847202195932,16.5192562561022],[102.84720080904,16.5192582008414],[102.847199556633,16.5192602297185],[102.847198445077,16.5192623335933],[102.847197502827,16.5192644379536],[102.847170095579,16.5193315202243],[102.847169264826,16.5193337759155],[102.847169229555,16.5193338839377],[102.847150287371,16.5193919234676],[102.847132194314,16.5194146185041],[102.847111930623,16.5194263349247],[102.847098701989,16.5194259942979],[102.847090567097,16.5194238092716],[102.847089017494,16.5194216985504],[102.84708774303,16.5194200672784],[102.847086155687,16.5194182703451],[102.847085648621,16.5194177455492],[102.84706506493,16.5193968079873],[102.847019652805,16.5193413812985],[102.847019539758,16.5193412462372],[102.847017952398,16.5193394484012],[102.847016244628,16.5193377574511],[102.847014424918,16.5193361759376],[102.847012504665,16.5193347126732],[102.846951331351,16.5192939636073],[102.846911987078,16.5192881397593],[102.846889349594,16.5192878292256],[102.846848002241,16.5192951425441],[102.846820316513,16.5193065681727],[102.846797329235,16.5193266421143],[102.846781228102,16.5193516815031],[102.846770450134,16.5193788062164],[102.846736277096,16.5195134849972],[102.846735611326,16.5195157592991],[102.846735102397,16.5195180658967],[102.846734840094,16.5195196966471],[102.846726913426,16.5195775113067],[102.84672033168,16.5196170615312],[102.846705373792,16.5196440973327],[102.846647037598,16.5197050461688],[102.846631595713,16.5197128100358],[102.846557472907,16.519713646805],[102.846557342098,16.5197136537294],[102.846557197084,16.519713651893],[102.846554752642,16.5197137727758],[102.846552749738,16.5197139910807],[102.846514289193,16.5197191578071],[102.846513859162,16.5197192162673],[102.846511451706,16.5197196459501],[102.846509079027,16.5197202256724],[102.846506751407,16.5197209552445],[102.846504477138,16.5197218281977],[102.84650226744,16.5197228443249],[102.84650107137,16.5197234691121],[102.846452444885,16.5197499286277],[102.846451504187,16.5197504602805],[102.84644944945,16.5197517442334],[102.846447488,16.5197531572964],[102.846445627102,16.5197546885082],[102.846443872331,16.5197563359613],[102.846442232803,16.5197580877578],[102.846440716935,16.5197599437427],[102.846440263107,16.51976054762],[102.846433628922,16.5197696152171],[102.846432693058,16.5197709570298],[102.846431439705,16.5197729859219],[102.846430327204,16.5197750898121],[102.84642936095,16.5197772577735],[102.846428542687,16.519779483458],[102.846428506516,16.5197795933013],[102.846414556929,16.519822345389],[102.846413926409,16.5198245107666],[102.846413415606,16.5198268173989],[102.846413063514,16.5198291562925],[102.846412869794,16.5198315103105],[102.84641283522,16.519833871318],[102.846412963371,16.5198362311285],[102.846413250166,16.5198385726739],[102.84641369469,16.5198408968733],[102.846414296585,16.5198431856877],[102.846414686625,16.5198444128149],[102.84642945348,16.5198879065186],[102.846429816951,16.5198889257086],[102.846430720949,16.5198911196244],[102.846431774266,16.5198932494308],[102.846431831576,16.5198933566475],[102.846458435528,16.5199425798429],[102.846459589726,16.5199647095749],[102.846454866843,16.5199731373885],[102.846451223144,16.5199757986614],[102.846428260264,16.5199812073445],[102.846414021811,16.5199808392918],[102.846381822038,16.5199748068857],[102.846360526159,16.5199673453387],[102.846321332052,16.5199415944382],[102.846267312536,16.5199018122051],[102.84621568423,16.5198551167736],[102.846187316213,16.5198145717386],[102.846187010304,16.5198141442856],[102.846185549216,16.5198122520806],[102.846184648308,16.5198112049068],[102.846153669206,16.5197765295503],[102.846152980885,16.5197757789153],[102.846151274034,16.5197740870381],[102.846149457165,16.5197725072687],[102.846148564974,16.519771805508],[102.846111039403,16.5197431202348],[102.846110007654,16.5197423614973],[102.846107990688,16.5197410209137],[102.846105887471,16.5197398118495],[102.846103706526,16.5197387395613],[102.846101459127,16.5197378065479],[102.846101323415,16.5197377549141],[102.846057075013,16.5197212156355],[102.846054904441,16.5197204779021],[102.846052547794,16.519719837438],[102.846050156625,16.5197193428781],[102.846047732067,16.5197190041265],[102.846045291829,16.5197188181498],[102.846044558007,16.5197187919839],[102.845967983186,16.5197168216532],[102.845963826051,16.5197169380259],[102.845961393996,16.5197172120613],[102.845959674061,16.519717502738],[102.845889054017,16.5197310807611],[102.845888367411,16.5197312188416],[102.845885974283,16.5197318052503],[102.845644411254,16.5197993343723],[102.845642124536,16.5198000514516],[102.845639850278,16.5198009252983],[102.845637642406,16.519801939579],[102.845635504624,16.519803092421],[102.845633757372,16.5198041758032],[102.845512794876,16.5198837033275],[102.84551249026,16.5198839074473],[102.845510527811,16.5198853178146],[102.845508665105,16.5198868526621],[102.845506912157,16.5198884982708],[102.845505378772,16.5198901317098],[102.845380226973,16.5200319713997],[102.845307667131,16.5199017457765],[102.845306751542,16.5199001935903],[102.845305418674,16.5198982105895],[102.845303954788,16.5198963184284],[102.845303904988,16.519896259796],[102.845269917064,16.519855356265],[102.845268377713,16.5198536206877],[102.845266671767,16.5198519269808],[102.845264852115,16.5198503481559],[102.845262929977,16.5198488840063],[102.845260913984,16.5198475452001],[102.845260145348,16.5198470838708],[102.84523815561,16.5198342005414],[102.845236819197,16.5198334546353],[102.845234639188,16.51983238232],[102.845232390855,16.5198314493138],[102.8452300836,16.5198306581503],[102.845227728822,16.5198300176421],[102.845225334847,16.5198295231243],[102.845223454032,16.5198292474213],[102.845191637949,16.5198253479584],[102.845191096091,16.5198252857676],[102.845188653927,16.5198250971096],[102.845186206494,16.5198250673505],[102.845183763898,16.5198251872812],[102.845181332863,16.5198254658005],[102.845178925346,16.5198258927629],[102.845176552693,16.519826474275],[102.845174734172,16.5198270293279],[102.8451489568,16.5198355999416],[102.845148447657,16.5198357726433],[102.845146173395,16.5198366464851],[102.845143963685,16.5198376625996],[102.845141827751,16.5198388145007],[102.845139773972,16.5198401002294],[102.845138981391,16.519840648996],[102.845109675015,16.5198614465542],[102.845108506079,16.5198623081345],[102.845106645238,16.5198638429445],[102.845106109465,16.5198643238157],[102.84508318348,16.5198852861344],[102.845081966302,16.519886450869],[102.845080326794,16.5198882044616],[102.845003607221,16.5199470034286],[102.844977823069,16.5199592455412],[102.844939825827,16.5199706192795],[102.844892683599,16.5199773109577],[102.844832160686,16.5199687219485],[102.84477569958,16.5199620024497],[102.844733085113,16.5199433809573],[102.844684225744,16.5199142023856],[102.844652344683,16.5198788883284],[102.844612425677,16.5197932667605],[102.844548741004,16.5196352392704],[102.844508839236,16.519458656317],[102.844508233268,16.5194563495218],[102.844508132239,16.5194560184417],[102.844483459618,16.5193764037479],[102.844482806223,16.5193744885158],[102.844481901314,16.5193722946035],[102.844480848003,16.5193701638802],[102.84447965296,16.5193681025389],[102.844478322045,16.5193661231034],[102.844476856265,16.5193642291644],[102.844475266138,16.5193624322577],[102.844473660288,16.519360833241],[102.844426953932,16.5193171440512],[102.844426853882,16.5193170511559],[102.844425034187,16.5193154696153],[102.844423113966,16.5193140072248],[102.844421097948,16.5193126666042],[102.84442014287,16.5193120950204],[102.844346583689,16.5192695712527],[102.844345435598,16.5192689355555],[102.844345247497,16.5192688361628],[102.844175491307,16.5191796339721],[102.844079445593,16.5191274190307],[102.844079162004,16.5191272681632],[102.844076981037,16.5191261940459],[102.844074732698,16.5191252601224],[102.844073838617,16.519124934638],[102.843959979381,16.5190850853751],[102.843958567189,16.5190846214661],[102.843956210516,16.5190839791712],[102.843953816604,16.5190834873419],[102.843951395738,16.5190831457887],[102.843948955506,16.5190829597852],[102.843946508061,16.5190829291076],[102.843945719051,16.5190829499676],[102.843830649866,16.5190874106526],[102.843828991627,16.5190875106942],[102.84382655869,16.5190877874268],[102.843824152164,16.5190882170608],[102.843823050604,16.5190884665457],[102.843740123597,16.5191085271111],[102.843738851535,16.5191088573347],[102.843736522952,16.5191095859919],[102.843734248688,16.5191104598179],[102.843732038039,16.5191114759345],[102.843701847617,16.519119190231],[102.843674928736,16.5191313303813],[102.84359465607,16.5191919980105],[102.843415947216,16.5193612165748],[102.843383227138,16.5193851067007],[102.843336411482,16.5194082866571],[102.843272523108,16.5194306642326],[102.843270148525,16.5194312430518],[102.843269636957,16.5194313878228],[102.84322328437,16.5194449859812],[102.843221468248,16.5194455680417],[102.843219193995,16.5194464427653],[102.843216985191,16.5194474579414],[102.843216628647,16.5194476377512],[102.843171942456,16.5194705212797],[102.843170163017,16.5194714915486],[102.843168109224,16.5194727772597],[102.843166893333,16.5194736297706],[102.843108255463,16.5195164826347],[102.84310750797,16.5195170413909],[102.843105645207,16.5195185744162],[102.843104819149,16.5195193222955],[102.843006571458,16.519611100684],[102.84300564174,16.5196119984482],[102.8430040032,16.5196137547165],[102.843002488158,16.5196156070579],[102.84300109841,16.5196175518302],[102.842999846887,16.5196195806745],[102.842998734327,16.519621683652],[102.842997767114,16.5196238525246],[102.842996948809,16.5196260782037],[102.842996657032,16.5196270724854],[102.842996282021,16.5196283507162],[102.842995772218,16.519630662743],[102.842995419041,16.519632996245],[102.842995227184,16.519635352038],[102.842995193503,16.5196377130364],[102.842995320641,16.5196400710712],[102.842995605561,16.5196424144684],[102.842996050944,16.5196447368627],[102.842996651864,16.5196470257129],[102.842997408143,16.5196492719994],[102.842998313974,16.5196514659041],[102.842999366409,16.5196536002631],[102.843000561369,16.519655658008],[102.843001892327,16.5196576401615],[102.843003358098,16.5196595341134],[102.843004945377,16.5196613292814],[102.843006652187,16.5196630202884],[102.843008470942,16.5196646018604],[102.843010393064,16.5196660660348],[102.843012409045,16.5196674048665],[102.843014512213,16.5196686121622],[102.843016692212,16.5196696845039],[102.843018940556,16.5196706184386],[102.843021247787,16.5196714087269],[102.843023604431,16.5196720492276],[102.843025996535,16.5196725438069],[102.843028419225,16.5196728826294],[102.843030861337,16.5196730686077],[102.843033308827,16.5196731010985],[102.843035753245,16.5196729784528],[102.843038182471,16.5196727026987],[102.843040589978,16.5196722748586],[102.843042964493,16.5196716924334],[102.843045291252,16.5196709656205],[102.843047565509,16.5196700908981],[102.843049774298,16.5196690748211],[102.843051911183,16.519667922922],[102.843053965014,16.5196666390154],[102.843055929318,16.5196652268296],[102.843057790196,16.5196636929368],[102.843058615319,16.5196629450748],[102.843155236648,16.5195726881122],[102.843209673908,16.519532904628],[102.843248510967,16.5195130198114],[102.843285598643,16.5195021404536],[102.84332467421,16.5195031300997],[102.843362178034,16.5195093900791],[102.843364385858,16.5195096949621],[102.84336500442,16.5195097575489],[102.843420417599,16.5195148591347],[102.84342223647,16.5195149826084],[102.843424685863,16.5195150168644],[102.843427130242,16.5195148924107],[102.843429561334,16.519514616618],[102.843431969773,16.5195141887568],[102.843434339609,16.519513606414],[102.843436674779,16.5195128794422],[102.843481163887,16.5194973783772],[102.84348342886,16.519496507431],[102.843485639533,16.5194954922179],[102.843487774542,16.5194943403497],[102.843489830202,16.5194930546013],[102.843491791732,16.519491644268],[102.843493652603,16.5194901103724],[102.84349482294,16.5194890358352],[102.843536134391,16.519449435561],[102.843536718853,16.5194488626651],[102.84353835557,16.5194471091342],[102.84353987341,16.5194452567385],[102.843541261281,16.5194433119984],[102.843599199696,16.5193560858422],[102.843661845462,16.51926172156],[102.843709395995,16.5192069868406],[102.84376329927,16.5191773249956],[102.843837507698,16.519159372253],[102.843941376475,16.5191553462942],[102.844045413054,16.5191917584696],[102.844138998499,16.5192426328672],[102.844139280307,16.5192427882788],[102.844139467437,16.519242885885],[102.84430878419,16.5193318579958],[102.844377976787,16.5193718564784],[102.844414574732,16.5194060911327],[102.844436046818,16.5194753768509],[102.844475415425,16.5196496011649],[102.844488991071,16.5197321336089],[102.844489392918,16.5197341933323],[102.844489995672,16.519736479434],[102.844490750151,16.5197387284518],[102.844490846891,16.5197389847213],[102.844520393164,16.5198161203022],[102.844546180936,16.5198914448098],[102.844557175813,16.5199392192281],[102.844557753192,16.5199414047415],[102.844558508537,16.5199436501335],[102.844558618201,16.5199439449629],[102.844576571738,16.5199906671432],[102.844577367061,16.5199925698325],[102.844578418526,16.5199947014907],[102.844579614492,16.5199967619112],[102.844580641359,16.5199983129522],[102.844595992916,16.5200202567677],[102.844596298877,16.5200206869296],[102.844597763694,16.5200225790797],[102.844599350053,16.520024374249],[102.844601056968,16.5200260697491],[102.844602864266,16.5200276388831],[102.844618479294,16.5200403619134],[102.844620408964,16.5200418286375],[102.844622424974,16.5200431683523],[102.844624526283,16.5200443756633],[102.844626709133,16.5200454497374],[102.844628254295,16.520046109691],[102.844669295573,16.5200625613433],[102.844669997794,16.5200628335176],[102.844672305015,16.5200636228833],[102.844674661737,16.5200642669709],[102.844677050915,16.5200647552673],[102.844845610704,16.5200939030762],[102.844848036185,16.520094240922],[102.844850475512,16.5200944278312],[102.844850913592,16.5200944450176],[102.84490559887,16.5200962725696],[102.844905894615,16.5200962815529],[102.844944172297,16.5200972657308],[102.844948330397,16.5200971502613],[102.844977109626,16.5200944956236],[102.845003400894,16.5200889165417],[102.845031770248,16.5200738377959],[102.845178724446,16.519902039238],[102.845190862773,16.5198980023592],[102.845206128076,16.5198998728117],[102.845215672711,16.5199054651035],[102.845243391122,16.519938819361],[102.845314469131,16.5200663898509],[102.845320065073,16.5200779441536],[102.845320725924,16.5200792438865],[102.845321921916,16.5200813052028],[102.845322290632,16.5200818812782],[102.84532841807,16.520091275639],[102.845329381254,16.5200926807773],[102.845330846077,16.5200945729206],[102.845332433432,16.5200963707714],[102.845334139328,16.5200980617714],[102.845335958102,16.5200996433181],[102.845337881177,16.5201011074492],[102.845339897138,16.52010244445],[102.845341998487,16.5201036535566],[102.845344181304,16.5201047258183],[102.845346428724,16.5201056597416],[102.845348735947,16.5201064490991],[102.845351092616,16.5201070904726],[102.845351769156,16.5201072467235],[102.845367637104,16.5201107355703],[102.845369351683,16.5201110711808],[102.845371774431,16.5201114126798],[102.845374213722,16.5201115977788],[102.845376662128,16.5201116293216],[102.845379106562,16.5201115075495],[102.845381538607,16.5201112326177],[102.845383943249,16.5201108020963],[102.845386316875,16.5201102223679],[102.845388646375,16.5201094927719],[102.845389757018,16.5201090879178],[102.845412342253,16.5201004308689],[102.845413505909,16.5200999636819],[102.845415715656,16.5200989493681],[102.845417853424,16.5200977956255],[102.845419905369,16.5200965117323],[102.845421866849,16.5200950995787],[102.845423729612,16.5200935674373],[102.845425485331,16.5200919199732],[102.845591907499,16.5199405227978],[102.8456283251,16.5199129243593],[102.845670790662,16.5198859434226],[102.845710411959,16.5198677463239],[102.845905242228,16.519801557236],[102.845970181204,16.5197890719816],[102.846036086846,16.5197907680968],[102.846069015197,16.5198030760345],[102.846099318104,16.5198262399281],[102.846126539828,16.5198567086801],[102.846156026432,16.5198988544938],[102.846156332396,16.5198992846527],[102.846157796289,16.5199011768061],[102.846159383594,16.5199029719435],[102.846161090465,16.5199046647222],[102.846161446732,16.5199049901909],[102.846217522799,16.5199557080786],[102.846218986226,16.5199569632287],[102.846220409233,16.5199580666386],[102.846276740051,16.5199995512637],[102.846277240141,16.5199999128773],[102.846278382723,16.5200006948331],[102.84632228963,16.5200295411592],[102.846323163049,16.5200300979976],[102.846325266253,16.5200313061567],[102.84632744722,16.5200323793436],[102.846329694605,16.5200333114515],[102.846330575549,16.5200336344601],[102.846359039137,16.5200436074817],[102.846360466352,16.5200440738016],[102.846362821205,16.5200447179035],[102.846364679119,16.5200451122168],[102.846402797254,16.5200522535343],[102.846403333228,16.5200523492147],[102.84640575504,16.5200526907187],[102.846408198103,16.5200528775404],[102.846408928169,16.5200529028718],[102.84643126516,16.5200534788411],[102.846435426057,16.5200533632906],[102.846437856227,16.5200530883814],[102.846440263668,16.5200526577967],[102.846441139977,16.5200524638826],[102.846476493389,16.52004413513],[102.846477989781,16.5200437502234],[102.846480319328,16.5200430233221],[102.846482593547,16.5200421476626],[102.846484802314,16.5200411315521],[102.846486939174,16.5200399796211],[102.846488992943,16.5200386938806],[102.846490194108,16.520037854256],[102.846506491271,16.5200259556997],[102.846507250711,16.5200253867874],[102.846509111593,16.5200238546727],[102.8465108673,16.5200222072015],[102.846512506811,16.5200204545021],[102.846514021745,16.5200185985337],[102.846515408667,16.5200166546985],[102.84651666202,16.5200146258059],[102.846516821918,16.5200143404421],[102.846530383446,16.5199901383035],[102.846531334143,16.5199883180071],[102.846532300397,16.5199861500453],[102.846533118658,16.5199839243606],[102.846533785438,16.5199816536492],[102.846534295215,16.5199793425244],[102.846534649211,16.5199770054002],[102.846534841059,16.5199746514169],[102.846534873797,16.5199722922481],[102.846534833737,16.5199711678416],[102.846532742636,16.5199310765248],[102.846532655478,16.5199298411041],[102.846532369562,16.5199274968361],[102.846531926007,16.519925174424],[102.846531322241,16.5199228856447],[102.846530568745,16.5199206402301],[102.846529661941,16.5199184463668],[102.846528611392,16.5199163147056],[102.846528554082,16.5199162074889],[102.846499592703,16.519862624655],[102.846489524144,16.5198329619926],[102.846497594805,16.5198082187183],[102.846531645129,16.5197896920503],[102.846560722106,16.5197857847595],[102.846641396403,16.5197848722435],[102.846644119474,16.5197847462197],[102.846646551474,16.5197844694705],[102.846648957042,16.5197840389187],[102.846651329739,16.5197834600966],[102.846653659246,16.5197827313902],[102.846655933497,16.5197818575335],[102.84665814226,16.519780841422],[102.846658243245,16.5197807926404],[102.846687385102,16.5197661451779],[102.846689422861,16.5197650428948],[102.846691474791,16.5197637589915],[102.846693438126,16.519762346794],[102.846695299939,16.5197608146612],[102.846697054708,16.5197591672065],[102.846697587319,16.519758621426],[102.846763597931,16.5196896513769],[102.846764703838,16.5196884417686],[102.846766220709,16.5196865893727],[102.846767606673,16.5196846446521],[102.846768859986,16.5196826139549],[102.846769113887,16.519682163544],[102.846789274766,16.5196457247215],[102.846790132445,16.5196440721606],[102.846791100547,16.519641903262],[102.84679191974,16.5196396775598],[102.846792583693,16.5196374059982],[102.846793095372,16.519635096643],[102.846793207985,16.5196344548479],[102.84680086285,16.5195884560706],[102.846801013458,16.5195874661961],[102.846808263143,16.5195345697319],[102.846836397971,16.5194756370004],[102.846837085072,16.519474108492],[102.84686508626,16.5194075386065],[102.846891579446,16.5193812978505],[102.846913295646,16.5193766547081],[102.846941371178,16.5193794661945],[102.846965802602,16.5193920417233],[102.847007417095,16.519442835793],[102.847007527301,16.5194429691021],[102.847009116479,16.5194447641978],[102.847009619805,16.5194452890629],[102.847029536205,16.5194655459887],[102.847037231063,16.5194760130563],[102.847038506444,16.5194776434095],[102.847040093823,16.519479442147],[102.847041801576,16.5194811321946],[102.84707712707,16.519512873296],[102.847096166826,16.5195219833597],[102.847120328741,16.519522992078],[102.847140631468,16.5195197076565],[102.847172683875,16.5195001945768],[102.847214939018,16.5194290749542],[102.847217839047,16.5194241933435],[102.847218805255,16.5194220235767],[102.847219623507,16.5194197978913],[102.847219658778,16.5194196898691],[102.847240195236,16.5193567684542],[102.847263576523,16.5192995330634],[102.847277586494,16.5192883326227],[102.84729824067,16.519280650304],[102.847331381439,16.5192909844437],[102.847352746022,16.5193105478308],[102.847430394769,16.5194337797872],[102.847437503221,16.5194590613819],[102.847453862079,16.5195301471335],[102.847463293099,16.5196445944053],[102.847467396328,16.5197145492447],[102.847456253601,16.5197876176438],[102.847456090834,16.5197888432379],[102.847455897145,16.5197911981561],[102.847455862584,16.5197935591612],[102.847455872399,16.5197939126743],[102.847457537393,16.5198493938957],[102.847457653835,16.5198513984204],[102.847457769295,16.5198525042912],[102.847460367159,16.5198741318569],[102.847460540431,16.5198753701987],[102.847460983079,16.5198776935257],[102.847461584069,16.5198799832537],[102.847462340343,16.519882226807],[102.847463246222,16.5198844206814],[102.847464131518,16.5198862368798],[102.84748536776,16.5199268248519],[102.847485535809,16.5199271393541],[102.84748672995,16.5199292006879],[102.847488062802,16.5199311818662],[102.847489523901,16.5199330740591],[102.847491115011,16.5199348718206],[102.84749282092,16.5199365627992],[102.84749463877,16.5199381443409],[102.847495374259,16.5199387262759],[102.847586185792,16.5200089056313],[102.847587374289,16.5200097859826],[102.847589390295,16.5200111247625],[102.847591493486,16.5200123320052],[102.847593674475,16.5200134060793],[102.847595512821,16.5200141815047],[102.847669939861,16.5200433088912],[102.847715271621,16.520065324489],[102.847781223774,16.5201412046962],[102.847830395807,16.5202006590133],[102.847831985106,16.5202024595114],[102.847833692908,16.5202041513535],[102.847835508858,16.5202057311217],[102.84783743283,16.5202071925023],[102.847838576406,16.5202079771366],[102.847882495859,16.5202368318694],[102.847883369229,16.5202373859943],[102.847885470553,16.5202385932676],[102.847886976621,16.5202393567758],[102.847968936821,16.5202784280034],[102.847969610847,16.5202787403861],[102.84797185921,16.5202796742607],[102.847974164569,16.5202804636209],[102.847976523113,16.5202811049279],[102.847978119146,16.5202814526284],[102.848051187841,16.5202956568317],[102.848051982966,16.5202958027643],[102.848054406613,16.5202961424094],[102.848056845955,16.5202963301818],[102.848057577908,16.5202963563745],[102.848104672819,16.5202975697349],[102.848180408982,16.5203025710282],[102.848181230154,16.5203026154241],[102.84818367861,16.5203026496391],[102.848186122982,16.520302525128],[102.848188553148,16.5203022501983],[102.848190959649,16.5203018196107],[102.84819113759,16.5203017838448],[102.84835323675,16.5202667712459],[102.848354181835,16.5202665553022],[102.848426115008,16.5202491138997],[102.848467315091,16.5202576686514],[102.848491607119,16.5202641967438],[102.848492654337,16.5202644616343],[102.848493126048,16.520264571127],[102.84860106228,16.5202889174591],[102.848602986367,16.5202892997023],[102.848605408179,16.5202896411793],[102.848607847466,16.5202898262392],[102.848608579419,16.52028985243],[102.848658007338,16.520291128171],[102.848710541071,16.5203059159633],[102.848734943173,16.5203173801707],[102.848760779746,16.5203480671373],[102.848772805912,16.5204122264421],[102.848780558427,16.520473032354],[102.848780697714,16.5204740186818],[102.848781143203,16.5204763428526],[102.848781744139,16.5204786289652],[102.848782501456,16.5204808770024],[102.848783407353,16.5204830708672],[102.848784309185,16.5204849183315],[102.84880902277,16.5205320312663],[102.848809172431,16.5205323145265],[102.848810368459,16.5205343758144],[102.848811699423,16.520536355211],[102.848812580304,16.5205375236451],[102.848849604803,16.5205846827267],[102.848850189749,16.52058540819],[102.848851777082,16.5205872033003],[102.848853484896,16.5205888951314],[102.848855304632,16.5205904766231],[102.84885722491,16.5205919398647],[102.848857431744,16.5205920876299],[102.848907883072,16.5206274596034],[102.848909689434,16.5206286497519],[102.848911794543,16.5206298587474],[102.848913973638,16.5206309310352],[102.848916222943,16.5206318648806],[102.848918530178,16.5206326541941],[102.848918858585,16.5206327536988],[102.849021673064,16.5206633207812],[102.849153763432,16.5207354161634],[102.849258244264,16.5208217826947],[102.849372106879,16.520919429491],[102.849372839173,16.5209200385447],[102.849374760428,16.5209215035667],[102.84937486951,16.5209215800513],[102.849462498735,16.5209834412526],[102.84946348768,16.5209841159455],[102.84956981565,16.521054196313],[102.849644171995,16.5211254596908],[102.849728259722,16.52122416212],[102.849760452079,16.5212713885312],[102.849772709346,16.5212999846198],[102.849770614264,16.5213195522278],[102.849770455429,16.521321587995],[102.84977043044,16.521322308475],[102.849769447941,16.5213582102493],[102.849762934848,16.521384169066],[102.84975073963,16.5214225768729],[102.849750197369,16.5214244744525],[102.849749686626,16.5214267819871],[102.849749557525,16.5214275350668],[102.849744495428,16.5214585523377],[102.849744275249,16.5214601362934],[102.849744081555,16.5214624894041],[102.849744048896,16.5214648503689],[102.849744175204,16.5214672093009],[102.849744462136,16.5214695553421],[102.8497449048,16.5214718777556],[102.849745509511,16.5214741646951],[102.849746262152,16.5214764119098],[102.849747169936,16.5214786057325],[102.849748223334,16.5214807373162],[102.849749415621,16.5214827977622],[102.849750079409,16.5214838195181],[102.849774293274,16.5215197748882],[102.849774964243,16.5215207342541],[102.849776425376,16.5215226264235],[102.849778014632,16.5215244232926],[102.849779722497,16.5215261169165],[102.849781540344,16.5215276966271],[102.849783462472,16.5215291580183],[102.849785480395,16.5215304976376],[102.849787581778,16.52153170669],[102.849788903604,16.5215323761367],[102.849861240034,16.5215673491279],[102.84986210014,16.5215677528065],[102.849864297587,16.521568665039],[102.84991420195,16.5215876216973],[102.849916535558,16.5215884195325],[102.849916808462,16.5215885029168],[102.849989507909,16.5216102336249],[102.849991591733,16.5216107933583],[102.849993987547,16.5216112850737],[102.84999640657,16.5216116265822],[102.849998848677,16.5216118115703],[102.85000086888,16.5216118518636],[102.850067336633,16.5216113580902],[102.850067529117,16.52161134822],[102.850067764898,16.5216113519868],[102.850070208382,16.5216112292715],[102.850072642278,16.5216109533459],[102.850074583975,16.5216106197402],[102.850142424805,16.521597163718],[102.850235337441,16.5215849797845],[102.850307481788,16.5215929717056],[102.850404026419,16.521607893645],[102.850472380861,16.5216390790815],[102.850632947167,16.5217600588722],[102.850633186438,16.5217602385181],[102.850682575756,16.5217968331889],[102.850683164119,16.5217972590254],[102.85068518018,16.5217985986686],[102.85068728157,16.5217998077101],[102.850688467399,16.5218004110886],[102.85073141271,16.5218213836105],[102.850732408748,16.5218218497385],[102.850734658072,16.5218227835593],[102.850736965361,16.5218235746519],[102.850739238412,16.5218241958462],[102.850800660664,16.5218390038053],[102.850800742474,16.5218390257536],[102.850803137356,16.5218395174759],[102.850804246356,16.5218396900813],[102.850879563433,16.5218504608475],[102.850880875257,16.5218506260974],[102.850881729011,16.5218507095798],[102.850991415598,16.521860131818],[102.850993004024,16.5218602369195],[102.850995451469,16.5218602666046],[102.850997895941,16.5218601465665],[102.851000325144,16.521859869814],[102.851000449176,16.5218598512821],[102.851101640767,16.5218447584788],[102.851103922358,16.52184434911],[102.851106297789,16.5218437665751],[102.851108623586,16.5218430396902],[102.85111089781,16.5218421648821],[102.851113107495,16.5218411487061],[102.851113218657,16.5218410943208],[102.851196270992,16.5217993232222]]]},"properties":{"id":"waterways-0047","label":"ห้วยหว้า","sourceRecord":47,"sourceFolder":"ลำห้วย","datasetId":"waterways","sourceVersion":"2012-30","geometryDisplayRepair":false,"villageIds":["v02","v17","v07"],"villageId":null,"electionIds":["e03","e02","e01"],"electionId":null,"insideMunicipality":true}},{"type":"Feature","id":"waterways-0048","geometry":{"type":"Polygon","coordinates":[[[102.834547533944,16.4959239774156],[102.834680698802,16.4958983843365],[102.834749418383,16.4959070438555],[102.834824339383,16.4958825203961],[102.83497310242,16.4956053293995],[102.835025703924,16.4954919348109],[102.835027958054,16.4954323700208],[102.834996405098,16.4953965753995],[102.834951732768,16.4953907829748],[102.834848816798,16.4953860602563],[102.834482018908,16.4953828749565],[102.834211218068,16.4953812349439],[102.834153233369,16.4953955273421],[102.83406183449,16.4954534203906],[102.833995134687,16.4955472340709],[102.833942141296,16.4956407969675],[102.833830446604,16.4957122875478],[102.833752947693,16.4957798460078],[102.833757547755,16.4958392813978],[102.833892636874,16.4960789081614],[102.833910141105,16.4960917764827],[102.833951074985,16.4960936559293],[102.834036339641,16.4960722487923],[102.834213265156,16.4960061704177],[102.834366790052,16.4959702856214],[102.834486642627,16.4959647767627],[102.834547533944,16.4959239774156]]]},"properties":{"id":"waterways-0048","label":"บ่อน้ำ หมู่ 2","sourceRecord":48,"sourceFolder":"ลำห้วย","datasetId":"waterways","sourceVersion":"2012-30","geometryDisplayRepair":false,"villageIds":["v02"],"villageId":"v02","electionIds":["e01"],"electionId":"e01","insideMunicipality":true}},{"type":"Feature","id":"waterways-0049","geometry":{"type":"Polygon","coordinates":[[[102.878165361709,16.5125240972135],[102.878122648985,16.5124187185589],[102.877884613094,16.5124253199692],[102.877669707648,16.5126500893276],[102.877641005515,16.5126802664364],[102.877634070527,16.5126994672029],[102.877631763629,16.5127220105051],[102.877624641777,16.512754706155],[102.877626187922,16.5128032692256],[102.877634253103,16.5128428509757],[102.877646205393,16.5128734479985],[102.877660458335,16.5128849349115],[102.877674798615,16.5128895098337],[102.877914433445,16.512732799683],[102.878130109278,16.5125982953151],[102.878160720023,16.5125793924247],[102.878169619787,16.5125648179718],[102.87817164255,16.5125490757347],[102.878165361709,16.5125240972135]]]},"properties":{"id":"waterways-0049","label":"บ่อน้ำไม่มีชื่อ ม.7","sourceRecord":49,"sourceFolder":"ลำห้วย","datasetId":"waterways","sourceVersion":"2012-30","geometryDisplayRepair":false,"villageIds":["v07"],"villageId":"v07","electionIds":["e03"],"electionId":"e03","insideMunicipality":true}},{"type":"Feature","id":"waterways-0050","geometry":{"type":"Polygon","coordinates":[[[102.856495065897,16.4663595717807],[102.856212548512,16.4663116230917],[102.856177331799,16.4663151083334],[102.856148389627,16.4663383414719],[102.85603373395,16.4669824890222],[102.856010314662,16.4670870967408],[102.855940051024,16.4675480370113],[102.855943610524,16.4675791820024],[102.855958640599,16.4675959271876],[102.856158325627,16.4676226886009],[102.856607607268,16.4677002896435],[102.85663100997,16.4676941827109],[102.856648309447,16.4676768413253],[102.856762960847,16.4670817316094],[102.856765076289,16.4669661400075],[102.856835334153,16.4664306548932],[102.856826123599,16.4664109629787],[102.856805321795,16.4663999969033],[102.856495065897,16.4663595717807]]]},"properties":{"id":"waterways-0050","label":"สระน้ำไม่มีชื่อ ม.13","sourceRecord":50,"sourceFolder":"ลำห้วย","datasetId":"waterways","sourceVersion":"2012-30","geometryDisplayRepair":false,"villageIds":["v13"],"villageId":"v13","electionIds":["e02"],"electionId":"e02","insideMunicipality":true}},{"type":"Feature","id":"waterways-0051","geometry":{"type":"Polygon","coordinates":[[[102.828018206332,16.5032938559937],[102.828002738324,16.5032903680823],[102.827986656445,16.5032946945122],[102.827970416739,16.5033103287427],[102.827868995508,16.5034493383667],[102.827713840781,16.503661113167],[102.827712887964,16.5036769777268],[102.827710660037,16.5036882215368],[102.827717100431,16.503709727026],[102.827996594561,16.5039271954098],[102.828011677709,16.5039307995491],[102.828048107555,16.5039266178091],[102.828119578675,16.5038889415259],[102.828178084388,16.5038681306065],[102.828220103449,16.503850472444],[102.828262174975,16.5038272668804],[102.828316786041,16.5037837659747],[102.828355459987,16.5037265501088],[102.828382449844,16.5036749028051],[102.828399010335,16.5036366799236],[102.828399403268,16.50360052482],[102.828380425907,16.5035664664648],[102.828354033553,16.5035469222519],[102.828088425424,16.5033443862253],[102.828031911604,16.5033030995182],[102.828018206332,16.5032938559937]]]},"properties":{"id":"waterways-0051","label":"แหล่งน้ำ #51","sourceRecord":51,"sourceFolder":"ลำห้วย","datasetId":"waterways","sourceVersion":"2012-30","geometryDisplayRepair":false,"villageIds":["v02"],"villageId":"v02","electionIds":["e01"],"electionId":"e01","insideMunicipality":true}},{"type":"Feature","id":"waterways-0052","geometry":{"type":"Polygon","coordinates":[[[102.839556179193,16.4973636796945],[102.839370707426,16.4973311650064],[102.83934228775,16.4973353888259],[102.839325849234,16.4973465176936],[102.839311339012,16.4973802657828],[102.839305931284,16.4974785270988],[102.839293022265,16.4977482999955],[102.83930075138,16.4977573576015],[102.839309196073,16.4977619718067],[102.839324463258,16.4977633169702],[102.839377530893,16.4977717663674],[102.839450823375,16.497789417094],[102.839537589075,16.4978050424968],[102.839630674861,16.497826240558],[102.839682153413,16.4978279149351],[102.839704095971,16.4978044885652],[102.839711988519,16.4977751480403],[102.839716408566,16.4977255040106],[102.839722477573,16.4976566505981],[102.83972016491,16.497597968552],[102.83971798737,16.4975245415195],[102.839720390489,16.497471460772],[102.839713134392,16.4974126467764],[102.839702767148,16.4973978702738],[102.839688487869,16.4973943613208],[102.839676109089,16.4973942181418],[102.839556179193,16.4973636796945]]]},"properties":{"id":"waterways-0052","label":"แหล่งน้ำ #52","sourceRecord":52,"sourceFolder":"ลำห้วย","datasetId":"waterways","sourceVersion":"2012-30","geometryDisplayRepair":false,"villageIds":["v02","v17"],"villageId":null,"electionIds":["e02","e01"],"electionId":null,"insideMunicipality":true}},{"type":"Feature","id":"waterways-0053","geometry":{"type":"Polygon","coordinates":[[[102.862615347872,16.4818450058569],[102.86260516785,16.4818416093287],[102.862380539492,16.4819623195621],[102.862002955569,16.4821617719673],[102.861741283995,16.482301390387],[102.861719168326,16.4823181320268],[102.861693076891,16.482342715691],[102.861660589293,16.4823694765474],[102.861629589112,16.4823996565822],[102.861611077319,16.4824243518877],[102.861601586105,16.4824400138674],[102.861591735506,16.4824569330356],[102.86158865478,16.4824715165228],[102.861588547212,16.4824895557944],[102.861652157879,16.4826528369278],[102.861849774281,16.4831913828206],[102.862044924467,16.4837489666647],[102.862233892391,16.4842647557668],[102.862396762672,16.4847238158848],[102.86249527302,16.4849992484336],[102.862531132606,16.4850402702766],[102.862550754233,16.485067591822],[102.862579897659,16.4850983536104],[102.862610058947,16.4851336088213],[102.862626831549,16.4851529916341],[102.862658041602,16.4851872331431],[102.862688064787,16.4852157220679],[102.862734437064,16.4852399630707],[102.862779851423,16.4852584905603],[102.8628024233,16.4852745486323],[102.862817501971,16.4852836949239],[102.862828903308,16.4852906598533],[102.863037549681,16.4852949673137],[102.863283272972,16.4852986619991],[102.863380416462,16.4853008616829],[102.863414770126,16.4852932761999],[102.863445165454,16.4852844754757],[102.86346357352,16.4852700497352],[102.863478935823,16.4852566141682],[102.86348953775,16.4852465454803],[102.863501165951,16.4852342851502],[102.863507935993,16.4852241411597],[102.863533063254,16.4851972950397],[102.863552393928,16.4851715062075],[102.863561115095,16.4851535684296],[102.863575708791,16.4851265814692],[102.863589500417,16.4850996093419],[102.863592235403,16.485090648862],[102.863635381639,16.485002964287],[102.863856257933,16.4846065478594],[102.864049848908,16.4842731216751],[102.864182364234,16.4840373262241],[102.86426098598,16.4839071518226],[102.864318289241,16.4838049405101],[102.864349633938,16.4837498511535],[102.864362123789,16.4837286270766],[102.864388403676,16.4836848312465],[102.864400114924,16.4836589667715],[102.864468508435,16.4835252470449],[102.864548099716,16.4833882551875],[102.864550643493,16.483352213076],[102.864550082662,16.4833239869882],[102.864545308216,16.4833034864577],[102.864537008256,16.4832809136654],[102.864531629764,16.4832706289526],[102.864518324315,16.4832603095053],[102.864508922815,16.4832534592477],[102.864490990316,16.4832397056365],[102.864303328295,16.4830944314734],[102.863948334808,16.4828265143283],[102.863488580333,16.4824796406543],[102.863090386287,16.4821864258799],[102.862711842913,16.4819014256088],[102.862665770063,16.4818670238665],[102.862647649779,16.4818612252158],[102.862629641747,16.4818531679126],[102.862615347872,16.4818450058569]]]},"properties":{"id":"waterways-0053","label":"สระน้ำไม่มีชื่อ ม.25","sourceRecord":53,"sourceFolder":"ลำห้วย","datasetId":"waterways","sourceVersion":"2012-30","geometryDisplayRepair":false,"villageIds":["v25"],"villageId":"v25","electionIds":["e03"],"electionId":"e03","insideMunicipality":true}},{"type":"Feature","id":"waterways-0054","geometry":{"type":"Polygon","coordinates":[[[102.855847597471,16.4739506079112],[102.8558276331,16.4739504257788],[102.855810696202,16.4739536218628],[102.855800917952,16.4739648154058],[102.855798400694,16.4739828947218],[102.855755367644,16.4742196218805],[102.855705792509,16.4745262481247],[102.855699994423,16.4745680447293],[102.855701930251,16.4745770200507],[102.855715968627,16.4745817191093],[102.855743362108,16.4745898576179],[102.855810086337,16.4745939881457],[102.855858569225,16.4745956084594],[102.855896654131,16.4745959760258],[102.855930058144,16.474596356848],[102.855977507505,16.4745900841441],[102.85601044793,16.4745768374147],[102.856031558076,16.4745634380815],[102.856058423019,16.4745468368788],[102.856080958134,16.4745244642911],[102.856100601687,16.4744930203318],[102.85611766071,16.4744570043994],[102.856137825636,16.4744075594482],[102.856152847197,16.474369285713],[102.856167033212,16.4743333940601],[102.85617921602,16.4742871568781],[102.856194644959,16.474236502725],[102.856205046896,16.4741891588228],[102.856210151322,16.4741282639273],[102.856215797808,16.4740921301015],[102.856220011973,16.474037981702],[102.856217502553,16.4740176618342],[102.856197032625,16.4739937583189],[102.85617631096,16.4739878255533],[102.856137540403,16.4739739428474],[102.856094870626,16.4739678555401],[102.856055781935,16.4739628823408],[102.856012250541,16.4739601736907],[102.855912199692,16.473955775507],[102.855883877346,16.4739510151152],[102.855847597471,16.4739506079112]]]},"properties":{"id":"waterways-0054","label":"บ่อน้ำไม่มีชื่อ ม.15","sourceRecord":54,"sourceFolder":"ลำห้วย","datasetId":"waterways","sourceVersion":"2012-30","geometryDisplayRepair":false,"villageIds":["v15"],"villageId":"v15","electionIds":["e03"],"electionId":"e03","insideMunicipality":true}},{"type":"Feature","id":"waterways-0055","geometry":{"type":"Polygon","coordinates":[[[102.830534692354,16.4966838848561],[102.830499502096,16.4966710727124],[102.830428965461,16.4966704097158],[102.830371949565,16.4966697936973],[102.83031838733,16.4966635696857],[102.830276542073,16.4966665191129],[102.830240376726,16.4966763120237],[102.830183982787,16.4966700984195],[102.830137547357,16.4966695832893],[102.830118484487,16.496676185012],[102.830102997261,16.4966872587944],[102.830139942835,16.4969485748813],[102.830149311967,16.4969712040645],[102.830154988184,16.4969927595873],[102.830182367994,16.4970020923428],[102.830219495111,16.4970025156445],[102.830259553411,16.4970040373991],[102.830293746816,16.4970088807258],[102.83031660617,16.4970102668482],[102.830336590514,16.4969980783151],[102.830361931001,16.4969486430296],[102.830372745021,16.4969024662658],[102.830409169061,16.4968711587122],[102.830461731071,16.4968479861467],[102.830505765765,16.4968371609567],[102.830531550369,16.4968159540048],[102.830537859816,16.4967708948203],[102.830541002901,16.4967223901082],[102.830534692354,16.4966838848561]]]},"properties":{"id":"waterways-0055","label":"แหล่งน้ำ #55","sourceRecord":55,"sourceFolder":"ลำห้วย","datasetId":"waterways","sourceVersion":"2012-30","geometryDisplayRepair":false,"villageIds":["v02"],"villageId":"v02","electionIds":["e01"],"electionId":"e01","insideMunicipality":true}},{"type":"Feature","id":"waterways-0056","geometry":{"type":"Polygon","coordinates":[[[102.871939574173,16.5085605129966],[102.872000606379,16.5083091098077],[102.871950930772,16.5082806197909],[102.871921815039,16.5082845940941],[102.871871107299,16.5084388687041],[102.871699174716,16.5084386603585],[102.871404719826,16.5083550565662],[102.871178409861,16.5081732139519],[102.870980499498,16.507863385391],[102.870861000997,16.5076778671132],[102.870846300165,16.5076745578572],[102.870811292662,16.5076937965645],[102.870810722691,16.5077210373673],[102.871179617568,16.5083220888695],[102.871240652986,16.5083976449601],[102.871415131413,16.508469910577],[102.871687884588,16.5085122271991],[102.871847859278,16.5085622149632],[102.871918167315,16.5085722994746],[102.871939574173,16.5085605129966]]]},"properties":{"id":"waterways-0056","label":"แหล่งน้ำ #56","sourceRecord":56,"sourceFolder":"ลำห้วย","datasetId":"waterways","sourceVersion":"2012-30","geometryDisplayRepair":false,"villageIds":["v07"],"villageId":"v07","electionIds":["e03"],"electionId":"e03","insideMunicipality":true}},{"type":"Feature","id":"waterways-0057","geometry":{"type":"Polygon","coordinates":[[[102.859340124294,16.4945714725377],[102.859396769371,16.4942091939076],[102.859387716692,16.4941877202417],[102.859373685968,16.4941763267297],[102.859268423018,16.4941723894342],[102.859240294636,16.4941689799127],[102.859216358362,16.4941653620796],[102.85918877505,16.49416505351],[102.85915548131,16.4941647873158],[102.859130568941,16.4941678706398],[102.859114444187,16.4941699416133],[102.859071920002,16.4941853596607],[102.859053781671,16.4942054663636],[102.859039418726,16.4942347100751],[102.859036848622,16.494251611111],[102.859032246968,16.494278671379],[102.85903124803,16.4943034869802],[102.85903127107,16.4943294701817],[102.859032544214,16.4943494112236],[102.85901884984,16.4945541046977],[102.859025949196,16.4945639607398],[102.859036462356,16.4945720899],[102.859037577361,16.4945720079386],[102.859307618036,16.494585388169],[102.859331632357,16.4945782864537],[102.859340124294,16.4945714725377]]]},"properties":{"id":"waterways-0057","label":"สระน้ำหมู่ 28","sourceRecord":57,"sourceFolder":"ลำห้วย","datasetId":"waterways","sourceVersion":"2012-30","geometryDisplayRepair":false,"villageIds":["v28"],"villageId":"v28","electionIds":["e03"],"electionId":"e03","insideMunicipality":true}},{"type":"Feature","id":"waterways-0058","geometry":{"type":"Polygon","coordinates":[[[102.900435118736,16.5215536038044],[102.900398199018,16.5215351851681],[102.900126478056,16.5215945961219],[102.900116773575,16.5216227523102],[102.900207721243,16.5220132230966],[102.900540437405,16.5219352631333],[102.900435118736,16.5215536038044]]]},"properties":{"id":"waterways-0058","label":"แหล่งน้ำ #58","sourceRecord":58,"sourceFolder":"ลำห้วย","datasetId":"waterways","sourceVersion":"2012-30","geometryDisplayRepair":false,"villageIds":["v04"],"villageId":"v04","electionIds":["e03"],"electionId":"e03","insideMunicipality":true}},{"type":"Feature","id":"waterways-0059","geometry":{"type":"Polygon","coordinates":[[[102.862302731024,16.4719577651281],[102.862285730438,16.4719576379979],[102.862263763833,16.4719608219108],[102.86202223347,16.4720204207616],[102.861884145846,16.472056380032],[102.861878060428,16.4720743438668],[102.861878142394,16.4720935562014],[102.861942103494,16.472290689166],[102.861965524726,16.472368825296],[102.861991801635,16.4723939850973],[102.862244852316,16.4723220161693],[102.862379219877,16.4722917419962],[102.862399231051,16.4722807263979],[102.862412849006,16.4722683916003],[102.862414866254,16.4722447022264],[102.862401215163,16.4721858620711],[102.862376377111,16.4720692721852],[102.86236436464,16.4720217098984],[102.862356794216,16.4719933921665],[102.862346312702,16.4719841985949],[102.862335063385,16.4719694395698],[102.86232673378,16.4719625683834],[102.862302731024,16.4719577651281]]]},"properties":{"id":"waterways-0059","label":"สระน้ำไม่มีชื่อ ม.15","sourceRecord":59,"sourceFolder":"ลำห้วย","datasetId":"waterways","sourceVersion":"2012-30","geometryDisplayRepair":false,"villageIds":["v15"],"villageId":"v15","electionIds":["e03"],"electionId":"e03","insideMunicipality":true}},{"type":"Feature","id":"waterways-0060","geometry":{"type":"Polygon","coordinates":[[[102.807243451304,16.4822299370562],[102.80722151836,16.4821992175221],[102.807202471876,16.4821990060224],[102.807194836512,16.4822023267172],[102.807155954133,16.4822018504205],[102.807117840933,16.4822059844855],[102.80705587004,16.48220648467],[102.806991120888,16.4822136846418],[102.806917903699,16.4822186450222],[102.806841678832,16.4822246518219],[102.806761700072,16.482232759909],[102.80666661796,16.4822419191125],[102.8065542782,16.4822621853035],[102.806467727306,16.4822748560297],[102.806381897793,16.4822852514661],[102.806249675598,16.4823053653694],[102.806181174262,16.4823125612645],[102.806090874729,16.4823296132139],[102.806035772382,16.4823381260111],[102.805998562532,16.4823455603529],[102.80596155221,16.482356548901],[102.80585944467,16.4823768882344],[102.805803409017,16.4823909961151],[102.805685352363,16.4824281464408],[102.805569399034,16.4824574163366],[102.805544681236,16.4824707678887],[102.805533235846,16.4824807331274],[102.805527540894,16.4824874923608],[102.805523604478,16.4824976168018],[102.80551893357,16.4825212027989],[102.805519134015,16.4825393836056],[102.805521129563,16.4825630376761],[102.805523013816,16.4825811941323],[102.805534490954,16.4826310259706],[102.80554217121,16.4826694332058],[102.805549805833,16.4826933184294],[102.80556126646,16.4827193130722],[102.805569847623,16.4827329749125],[102.805578288088,16.4827376287466],[102.80558992374,16.4827411163368],[102.80562689474,16.4827335618811],[102.805749712184,16.482714550799],[102.805994246451,16.4826708043113],[102.806331160263,16.4826111153785],[102.806587103484,16.4825674644911],[102.806913748109,16.4825053748141],[102.807253261178,16.4824491408392],[102.807267564153,16.4824458520446],[102.807272353,16.4824402958343],[102.807280040844,16.4824358336482],[102.80728956974,16.4824213203753],[102.807290305498,16.4824065919579],[102.807290483357,16.4823918845339],[102.807288441645,16.4823636845787],[102.807283780983,16.4823410058076],[102.807274040656,16.4823171951458],[102.807268455694,16.4822978916451],[102.807260712009,16.4822798149287],[102.807253824057,16.482262790965],[102.807247354707,16.4822435026748],[102.807243451304,16.4822299370562]]]},"properties":{"id":"waterways-0060","label":"สระน้ำ ม.19","sourceRecord":60,"sourceFolder":"ลำห้วย","datasetId":"waterways","sourceVersion":"2012-30","geometryDisplayRepair":false,"villageIds":["v19"],"villageId":"v19","electionIds":["e01"],"electionId":"e01","insideMunicipality":true}},{"type":"Feature","id":"waterways-0061","geometry":{"type":"Polygon","coordinates":[[[102.877129177779,16.4834801819809],[102.877181646912,16.4834761388129],[102.877203557739,16.4834763610728],[102.877218818074,16.4834731202806],[102.877241892723,16.4834564343138],[102.877255195897,16.4834362629145],[102.877260618365,16.4834024233214],[102.877256383651,16.4833515045907],[102.877235821686,16.4832270843063],[102.87721333665,16.4831173694834],[102.877212189653,16.483059736602],[102.877211962523,16.4830020884546],[102.877212439437,16.482959211611],[102.877212768682,16.4829332268402],[102.877210250747,16.4829241445383],[102.877200611455,16.4829150446137],[102.877186220283,16.4829138012946],[102.877092052671,16.4829128103959],[102.876996929611,16.4829118795897],[102.876981668061,16.4829207342194],[102.876969022522,16.482931910533],[102.876967031757,16.4829454750032],[102.876962934619,16.4829725275925],[102.876956784639,16.4829983957171],[102.876959481667,16.4830221868931],[102.876959438719,16.4830334965713],[102.876955483445,16.4830424734313],[102.876942786625,16.4830513589655],[102.87692190791,16.4830624273008],[102.87690350322,16.4830848325937],[102.876887734369,16.4831084431123],[102.87688276873,16.4831320363266],[102.876879489045,16.4831692773665],[102.87688390888,16.4831930365765],[102.876890425706,16.4832145652938],[102.876904169654,16.4832678294049],[102.876916058453,16.4833051498795],[102.876921281082,16.4833289311828],[102.876926860584,16.4833628282778],[102.876936820086,16.4833878507052],[102.876949025258,16.4834162248461],[102.876961077754,16.4834422406139],[102.876976063431,16.4834582942739],[102.87700929266,16.4834710202174],[102.877071795238,16.4834818684932],[102.877129177779,16.4834801819809]]]},"properties":{"id":"waterways-0061","label":"สระน้ำม.22","sourceRecord":61,"sourceFolder":"ลำห้วย","datasetId":"waterways","sourceVersion":"2012-30","geometryDisplayRepair":false,"villageIds":["v22"],"villageId":"v22","electionIds":["e03"],"electionId":"e03","insideMunicipality":true}},{"type":"Feature","id":"waterways-0062","geometry":{"type":"Polygon","coordinates":[[[102.859805630587,16.4692082980678],[102.859771407,16.469203502663],[102.85974760151,16.4692156581146],[102.85971615115,16.4692254725335],[102.859678111638,16.4692363424323],[102.859649225375,16.4692553126907],[102.859626237821,16.4692686350096],[102.859604336084,16.469286447744],[102.859596629921,16.4692977114048],[102.859591473121,16.4693157365557],[102.859597067494,16.4693349220723],[102.859611067012,16.4693689969297],[102.85962227011,16.4693894142756],[102.859635340455,16.4694245411882],[102.859640731026,16.469441511776],[102.859656729932,16.469475547915],[102.8596696817,16.4694971943534],[102.85969877931,16.4695392995213],[102.859721124652,16.4695823919017],[102.859731399787,16.4696039686439],[102.859740026962,16.4696165196981],[102.859749271913,16.4696244803147],[102.85976160912,16.4696212606325],[102.859774276893,16.4696168862546],[102.859797177035,16.4696068885965],[102.859818962593,16.4695947704197],[102.85985453558,16.4695769290447],[102.859905209555,16.4695481656849],[102.859937650004,16.4695326351018],[102.859968308169,16.4695104542868],[102.859992231421,16.469484619087],[102.860016550288,16.4694611459489],[102.860033735889,16.4694376962258],[102.86005095505,16.4694096199331],[102.86004859381,16.469389191871],[102.860034440906,16.469366578747],[102.860019450359,16.4693504828588],[102.859988056277,16.4693298879021],[102.859957871941,16.4693104119809],[102.859904179257,16.4692680868948],[102.859870239073,16.4692429219899],[102.8598266442,16.4692153042781],[102.859805630587,16.4692082980678]]]},"properties":{"id":"waterways-0062","label":"บ่อน้ำไม่มีชื่อ ม.9-15","sourceRecord":62,"sourceFolder":"ลำห้วย","datasetId":"waterways","sourceVersion":"2012-30","geometryDisplayRepair":false,"villageIds":["v15","v09"],"villageId":null,"electionIds":["e03"],"electionId":"e03","insideMunicipality":true}},{"type":"Feature","id":"waterways-0063","geometry":{"type":"Polygon","coordinates":[[[102.851292774104,16.5080468309943],[102.85125500872,16.5080434867454],[102.851136876473,16.5081062812871],[102.851133131372,16.5081285753306],[102.851375992947,16.5084413021235],[102.851390849278,16.5084511307069],[102.851409809319,16.5084568422367],[102.851724418212,16.5083742581422],[102.851741046393,16.5083678878783],[102.851743869252,16.5083606834119],[102.851749020015,16.5083475377822],[102.851715126803,16.508328217698],[102.851292774104,16.5080468309943]]]},"properties":{"id":"waterways-0063","label":"สระน้ำไม่มีชื่อ ม.17","sourceRecord":63,"sourceFolder":"ลำห้วย","datasetId":"waterways","sourceVersion":"2012-30","geometryDisplayRepair":false,"villageIds":["v17"],"villageId":"v17","electionIds":["e02"],"electionId":"e02","insideMunicipality":true}},{"type":"Feature","id":"waterways-0064","geometry":{"type":"Polygon","coordinates":[[[102.876897600301,16.5139127888922],[102.876860438024,16.513912373442],[102.876809174149,16.5139197593227],[102.876751761491,16.513925962029],[102.876707920642,16.5139390475135],[102.876691846379,16.5139443122759],[102.876638109526,16.513955160017],[102.876488713578,16.5141012859623],[102.876149784318,16.5143104495658],[102.876092331096,16.5143303202386],[102.876031179056,16.5143545588808],[102.87599560584,16.5143688575238],[102.875980142051,16.5143868056361],[102.875971534382,16.5144047788248],[102.87596916143,16.514423929089],[102.875997606282,16.5146207500087],[102.876029265455,16.5148537584001],[102.876050591322,16.5149928390953],[102.876142922849,16.5156476892104],[102.876147521764,16.5156534079513],[102.876152745772,16.5156579719171],[102.876158315137,16.5156625944268],[102.876164652535,16.5156671313843],[102.876171391041,16.5156706314135],[102.876178327407,16.5156729394948],[102.876185667969,16.5156741311917],[102.87619297444,16.5156752549505],[102.876206461494,16.5156754518133],[102.876329503979,16.5156597457923],[102.876489542739,16.5156376263698],[102.876563883913,16.5156293739569],[102.876593642934,16.5156195411402],[102.876600425242,16.5156116538799],[102.876600717596,16.5155880328192],[102.876565826382,16.5155424533839],[102.876538772575,16.5155178843511],[102.876359638718,16.515249159366],[102.876343996,16.5152256937045],[102.876289431295,16.5150976933803],[102.876272644361,16.5150012411668],[102.876274641905,16.5149151956363],[102.876309343328,16.5147927020253],[102.876449588987,16.5143743787118],[102.876482437808,16.5143450999583],[102.876530356356,16.5143262887937],[102.876806975533,16.5142859343844],[102.876843963423,16.5142713395482],[102.876883397045,16.5142525759429],[102.876909401497,16.5142234902174],[102.876933562883,16.5141864158963],[102.876945591063,16.5141289812459],[102.87694985706,16.5140872195809],[102.876950372693,16.5140420449199],[102.876945324523,16.513994537584],[102.876931425162,16.5139526642318],[102.87691647572,16.5139310326353],[102.876897600301,16.5139127888922]]]},"properties":{"id":"waterways-0064","label":"สระน้ำไม่มีชื่อ ม.7","sourceRecord":64,"sourceFolder":"ลำห้วย","datasetId":"waterways","sourceVersion":"2012-30","geometryDisplayRepair":false,"villageIds":["v07"],"villageId":"v07","electionIds":["e03"],"electionId":"e03","insideMunicipality":true}},{"type":"Feature","id":"waterways-0065","geometry":{"type":"Polygon","coordinates":[[[102.867006430848,16.4613967037441],[102.866980703132,16.4611445375689],[102.866956724674,16.460953440517],[102.866949922725,16.4609386725469],[102.866937654283,16.4609362764528],[102.866862403998,16.4609366623883],[102.866604526195,16.4609475637671],[102.866317122824,16.4609604938817],[102.866119169266,16.4609708789673],[102.866079980645,16.4609705268458],[102.866057355475,16.4609769721452],[102.866038082942,16.4609994618519],[102.866025527327,16.461017363902],[102.866019030217,16.4610353344341],[102.866022415328,16.4611190139989],[102.866038967454,16.4612659048588],[102.866051956118,16.4613587589253],[102.866062416807,16.461374609704],[102.866075756807,16.4613793129886],[102.866090954045,16.4613828044875],[102.866212728906,16.4613954095936],[102.866272480648,16.461393676317],[102.866471559532,16.4613878176277],[102.866667660603,16.461380750622],[102.866839802195,16.4613723597107],[102.8669065281,16.4613707571829],[102.866935103785,16.4613766963693],[102.866951186122,16.4613825705663],[102.866954826581,16.4613961058348],[102.866971600317,16.4615194107474],[102.866982652437,16.4616132252884],[102.866998732551,16.4616303363434],[102.867015124627,16.4616339139507],[102.867025542278,16.4616147674511],[102.86702559574,16.461588779389],[102.867006430848,16.4613967037441]]]},"properties":{"id":"waterways-0065","label":"สระน้ำไม่มีชื่อ ม.16","sourceRecord":65,"sourceFolder":"ลำห้วย","datasetId":"waterways","sourceVersion":"2012-30","geometryDisplayRepair":false,"villageIds":["v16"],"villageId":"v16","electionIds":["e03"],"electionId":"e03","insideMunicipality":true}},{"type":"Feature","id":"waterways-0066","geometry":{"type":"Polygon","coordinates":[[[102.844796273683,16.5103069232708],[102.844786468856,16.51030710396],[102.844446997965,16.510340967741],[102.844438917354,16.5103458491228],[102.844436529316,16.5103490493173],[102.844428686608,16.5105724198566],[102.844432095714,16.5105794562089],[102.844440332473,16.5105824606191],[102.844805327433,16.5105575931517],[102.844811017148,16.5105559092996],[102.844814995451,16.5105503140063],[102.844802169342,16.5103116725184],[102.844800099725,16.5103084227361],[102.844796273683,16.5103069232708]]]},"properties":{"id":"waterways-0066","label":"บ่อน้ำม.17","sourceRecord":66,"sourceFolder":"ลำห้วย","datasetId":"waterways","sourceVersion":"2012-30","geometryDisplayRepair":false,"villageIds":["v02","v17"],"villageId":null,"electionIds":["e02","e01"],"electionId":null,"insideMunicipality":true}},{"type":"Feature","id":"waterways-0067","geometry":{"type":"Polygon","coordinates":[[[102.864056715296,16.5104383923772],[102.863553826237,16.5095518106115],[102.862807496134,16.5100801110838],[102.86311457565,16.5109522846658],[102.863119527836,16.5109568856578],[102.863124780887,16.5109625529722],[102.863130273629,16.5109671051566],[102.863136372852,16.5109717255099],[102.863142761015,16.5109751206469],[102.863149153401,16.5109785869846],[102.863156159604,16.510982114137],[102.863163096739,16.5109844263116],[102.863170400733,16.5109856219037],[102.863177768474,16.5109880000898],[102.86318531322,16.5109880399299],[102.863195239922,16.5109881168653],[102.863761829841,16.5109080566441],[102.863860898192,16.5108942424397],[102.863891331888,16.5108637307398],[102.86407342484,16.5104979789635],[102.864072888644,16.5104710363849],[102.864056715296,16.5104383923772]]]},"properties":{"id":"waterways-0067","label":"หนองอีเริง","sourceRecord":67,"sourceFolder":"ลำห้วย","datasetId":"waterways","sourceVersion":"2012-30","geometryDisplayRepair":false,"villageIds":["v07"],"villageId":"v07","electionIds":["e03"],"electionId":"e03","insideMunicipality":true}},{"type":"Feature","id":"waterways-0068","geometry":{"type":"Polygon","coordinates":[[[102.840931702054,16.5062205045795],[102.840994919812,16.5061940994905],[102.8410464597,16.5061675051098],[102.841144975714,16.5061142433249],[102.841198906384,16.5060674225445],[102.841272404692,16.5060298157356],[102.841315908521,16.5060076144878],[102.841368913566,16.505979916646],[102.841478946622,16.5059280406836],[102.84150613737,16.5058831900292],[102.841516097499,16.5058289732184],[102.84152407159,16.505769248414],[102.841538205481,16.505685837969],[102.841538585598,16.5056180493645],[102.841534499454,16.5055390364169],[102.841523663094,16.5054812838014],[102.841502053038,16.5054652699011],[102.841478021984,16.5054570322616],[102.841321899744,16.5054757971658],[102.841110884548,16.5055006666484],[102.841063218233,16.5054979619155],[102.841037684189,16.5055067491778],[102.841026854753,16.5055303051165],[102.841018913024,16.505587843994],[102.841010902362,16.5057233354656],[102.840979141877,16.5057658276904],[102.84094964287,16.5057814099699],[102.840898992616,16.5057943895593],[102.840844638972,16.5058164177682],[102.840722366068,16.5058321258106],[102.840518393432,16.5058547989234],[102.840279157627,16.5058704026064],[102.840167548169,16.5058850966288],[102.839991457675,16.5059013813564],[102.839958606606,16.5059043850371],[102.839941568927,16.5059064778599],[102.839912071581,16.5059083848969],[102.839893843613,16.5059128591026],[102.839881424742,16.5059239141782],[102.839876423821,16.5059577851734],[102.839892415159,16.5059917508155],[102.83994535832,16.5060420374239],[102.839995521754,16.5060876823624],[102.840043475392,16.5061469627267],[102.840120131499,16.5061917555885],[102.840199509133,16.5061937325779],[102.840283961071,16.5062024482806],[102.840387845897,16.5062058996751],[102.840549781078,16.5062177052492],[102.840574414938,16.5062156999469],[102.840624053353,16.5062229150924],[102.840672610879,16.5062279692893],[102.84075636144,16.5062321961879],[102.84086864286,16.5062322752381],[102.840931702054,16.5062205045795]]]},"properties":{"id":"waterways-0068","label":"สระน้ำหมู่ 17","sourceRecord":68,"sourceFolder":"ลำห้วย","datasetId":"waterways","sourceVersion":"2012-30","geometryDisplayRepair":false,"villageIds":["v02","v17"],"villageId":null,"electionIds":["e02","e01"],"electionId":null,"insideMunicipality":true}},{"type":"Feature","id":"waterways-0069","geometry":{"type":"Polygon","coordinates":[[[102.864508752909,16.4780367718108],[102.864506545452,16.4780366484168],[102.864500836571,16.4780375434657],[102.864277780269,16.4783408509848],[102.864276318683,16.4783495614373],[102.864277260121,16.4783558590032],[102.864421213275,16.4784360840204],[102.864431042228,16.4784366917545],[102.864440761435,16.4784317742247],[102.864657789478,16.4781546283078],[102.864661690106,16.4781450841711],[102.864659127545,16.4781396060713],[102.864517192311,16.4780372410265],[102.864508752909,16.4780367718108]]]},"properties":{"id":"waterways-0069","label":"แหล่งน้ำ #69","sourceRecord":69,"sourceFolder":"ลำห้วย","datasetId":"waterways","sourceVersion":"2012-30","geometryDisplayRepair":false,"villageIds":["v25"],"villageId":"v25","electionIds":["e03"],"electionId":"e03","insideMunicipality":true}},{"type":"Feature","id":"waterways-0070","geometry":{"type":"Polygon","coordinates":[[[102.874181218799,16.4775158219679],[102.87417937427,16.4775155620239],[102.874164215864,16.4775206168709],[102.874115088866,16.4775369931637],[102.874060650093,16.4775653272043],[102.873701358923,16.477676174482],[102.873678253225,16.4776947201185],[102.873674100708,16.4777219767524],[102.873785974075,16.4779649351654],[102.873906577794,16.4781978347474],[102.873916279324,16.4782135094149],[102.873942090971,16.4782130309521],[102.874213118379,16.4781491190638],[102.874243450491,16.4781445633665],[102.874435089328,16.4780974414728],[102.874444294889,16.4780882085226],[102.874446326494,16.4780723172683],[102.874354552938,16.4778501420336],[102.874352696956,16.4778498236572],[102.874226755686,16.477537333109],[102.874207622255,16.4775195695284],[102.874181218799,16.4775158219679]]]},"properties":{"id":"waterways-0070","label":"แหล่งน้ำ #70","sourceRecord":70,"sourceFolder":"ลำห้วย","datasetId":"waterways","sourceVersion":"2012-30","geometryDisplayRepair":false,"villageIds":["v08"],"villageId":"v08","electionIds":["e03"],"electionId":"e03","insideMunicipality":true}},{"type":"Feature","id":"waterways-0071","geometry":{"type":"Polygon","coordinates":[[[102.860263679247,16.469261461761],[102.860234891701,16.4692594704888],[102.860208968549,16.4692700355821],[102.86004562271,16.4694672219866],[102.860046222506,16.4694974713183],[102.860067566992,16.4695172953824],[102.860078169677,16.4695271419293],[102.860691102481,16.4698612987884],[102.860867435006,16.4699236072117],[102.860901447758,16.4699254982785],[102.860927372855,16.4699149357604],[102.860967805575,16.4698618393399],[102.860993595766,16.469827974541],[102.860997744575,16.4698136348228],[102.860994895539,16.4697980844559],[102.86092313677,16.4697414738124],[102.860263679247,16.469261461761]]]},"properties":{"id":"waterways-0071","label":"บ่อน้ำไม่มีชื่อ ม.9","sourceRecord":71,"sourceFolder":"ลำห้วย","datasetId":"waterways","sourceVersion":"2012-30","geometryDisplayRepair":false,"villageIds":["v09"],"villageId":"v09","electionIds":["e03"],"electionId":"e03","insideMunicipality":true}},{"type":"Feature","id":"waterways-0072","geometry":{"type":"Polygon","coordinates":[[[102.806448121325,16.4813960672212],[102.80643195883,16.4813845665177],[102.806427125411,16.4813879886329],[102.805978047172,16.4814611030496],[102.805661101519,16.4815176942605],[102.805442074148,16.4815549038707],[102.805277517989,16.4815905041338],[102.805196644331,16.4816053537742],[102.805172847047,16.4816107805676],[102.805133825477,16.4816250828039],[102.805123433783,16.4816306354286],[102.805107100236,16.4816473451678],[102.80509875866,16.4816653855708],[102.80509544053,16.4817522997586],[102.805093288754,16.4818166085268],[102.805090792714,16.4819882906838],[102.805087804305,16.4820706890696],[102.805087182415,16.4820955024786],[102.805089114429,16.4821847564234],[102.805090097266,16.4822231439939],[102.805089262839,16.4822491397036],[102.805089177341,16.4822604500436],[102.805089347013,16.4822729007815],[102.805095957267,16.4822819524945],[102.805110214475,16.4822843529057],[102.80543272722,16.4822538263636],[102.805755609934,16.4822188937915],[102.806123877395,16.4821798099061],[102.806435255271,16.4821480491028],[102.806693090745,16.482116922211],[102.806965242201,16.4820892003116],[102.80706130613,16.4820789890425],[102.8070994385,16.4820759311094],[102.807122291376,16.4820751005693],[102.807134524788,16.4820741070972],[102.807144318677,16.4820673516517],[102.80714711006,16.4820516230052],[102.807134739475,16.4820322283787],[102.807108890909,16.4820150301301],[102.807076607344,16.4820034243911],[102.807025947342,16.4819769593073],[102.80697450486,16.4819436743015],[102.806925961064,16.4819138085921],[102.806871594295,16.481878135156],[102.806827845659,16.4818427473895],[102.806782963644,16.4818038738469],[102.806744704134,16.4817730023202],[102.806706740112,16.4817375885404],[102.806674281548,16.4817056151564],[102.806639956255,16.4816702433496],[102.806600920765,16.4816291536232],[102.806579813277,16.4815996036959],[102.8065456424,16.4815506626835],[102.806526307964,16.4815255532452],[102.806495780279,16.4814766911267],[102.806484398786,16.4814528769102],[102.806474876179,16.4814380818006],[102.806467065642,16.4814245160431],[102.806448121325,16.4813960672212]]]},"properties":{"id":"waterways-0072","label":"สระน้ำ ม.19","sourceRecord":72,"sourceFolder":"ลำห้วย","datasetId":"waterways","sourceVersion":"2012-30","geometryDisplayRepair":false,"villageIds":["v19"],"villageId":"v19","electionIds":["e01"],"electionId":"e01","insideMunicipality":true}},{"type":"Feature","id":"waterways-0073","geometry":{"type":"Polygon","coordinates":[[[102.823830732995,16.4988629834043],[102.823842218528,16.4988607798406],[102.823893749658,16.4988612760325],[102.823966973999,16.498854166354],[102.824023222493,16.498849146948],[102.824086174023,16.4988475525975],[102.824118821212,16.4988343530083],[102.824132206871,16.4988118895045],[102.824137210038,16.4987803119985],[102.824129338167,16.4987011482852],[102.824132753411,16.4986334130106],[102.824123256084,16.4986220167509],[102.824110031624,16.4986252501271],[102.824087287614,16.4986182389863],[102.824045158367,16.4986166818442],[102.823946221993,16.4986134727597],[102.823910744545,16.4986209593439],[102.823860410864,16.4986249437036],[102.823847057087,16.4986395710093],[102.823839225705,16.4986642119821],[102.823829761382,16.498769125584],[102.8238241771,16.4988550116314],[102.823830732995,16.4988629834043]]]},"properties":{"id":"waterways-0073","label":"แหล่งน้ำ #73","sourceRecord":73,"sourceFolder":"ลำห้วย","datasetId":"waterways","sourceVersion":"2012-30","geometryDisplayRepair":false,"villageIds":["v03"],"villageId":"v03","electionIds":["e01"],"electionId":"e01","insideMunicipality":true}},{"type":"Feature","id":"waterways-0074","geometry":{"type":"Polygon","coordinates":[[[102.850595210526,16.5077848223268],[102.850522053611,16.507779551429],[102.850487378074,16.5077984543443],[102.850459817327,16.5079291581813],[102.850439899139,16.5079582804695],[102.850405635476,16.5079884768228],[102.850396875174,16.5080335458082],[102.850408162514,16.5080731433624],[102.850415337879,16.5080913001479],[102.850422753904,16.5081309339501],[102.8504154449,16.5081816975059],[102.850391225974,16.5082084927811],[102.850359854111,16.5082376026631],[102.850336527474,16.5082530795213],[102.850322706435,16.5082631982784],[102.850295534639,16.5082821070782],[102.850274282412,16.5083270646157],[102.850277102525,16.5083687763695],[102.850283701795,16.5083982556633],[102.850294966852,16.5084446532097],[102.850302375756,16.5084819935556],[102.850311244421,16.5085103608661],[102.850358764587,16.5085458133172],[102.850413253098,16.5085464337067],[102.850532527964,16.5085012841142],[102.850602450689,16.5084534316217],[102.85062401773,16.5084356268448],[102.850631768391,16.5083939798857],[102.850626399783,16.5083452981611],[102.8506269188,16.5083001565971],[102.850635154021,16.5082731356585],[102.850638550884,16.5082551149156],[102.850647424434,16.5082484466292],[102.85066473989,16.5082406986156],[102.850709987726,16.5082253747797],[102.850748561587,16.5082077009588],[102.850757047646,16.5082031881456],[102.850766004009,16.5081909332219],[102.850775388908,16.5081368046587],[102.850760215794,16.508030533688],[102.850738750159,16.5079026122681],[102.850722039223,16.5078517001051],[102.850674794499,16.5078048964773],[102.850595210526,16.5077848223268]]]},"properties":{"id":"waterways-0074","label":"สระน้ำไม่มีชื่อ ม.17","sourceRecord":74,"sourceFolder":"ลำห้วย","datasetId":"waterways","sourceVersion":"2012-30","geometryDisplayRepair":false,"villageIds":["v17"],"villageId":"v17","electionIds":["e02"],"electionId":"e02","insideMunicipality":true}},{"type":"Feature","id":"waterways-0075","geometry":{"type":"Polygon","coordinates":[[[102.852232216014,16.4827258557252],[102.852211448912,16.4827256097201],[102.852185602011,16.4827298938722],[102.852160669728,16.4827397047588],[102.852144172741,16.4827497634429],[102.852111607417,16.4827630047601],[102.852067523699,16.4827750120772],[102.852042584121,16.4827825664872],[102.852013785975,16.4827925226174],[102.851988755728,16.4828068791685],[102.851958204264,16.4828212319389],[102.851937000879,16.4828301223064],[102.851926661095,16.4828321625992],[102.851907041258,16.4828410228681],[102.85187442345,16.482855440791],[102.85184262716,16.4828709208858],[102.851816683468,16.4828819359779],[102.851793782201,16.4828975507394],[102.851770783411,16.4829356304341],[102.851773090792,16.4829627546149],[102.851783897881,16.4829979590068],[102.851803870681,16.4830432352909],[102.851817311161,16.4830739528215],[102.851836440611,16.4831136640517],[102.851849277111,16.4831408458547],[102.851859290594,16.4831612855403],[102.851911221921,16.4831799563177],[102.85193142481,16.4831789558711],[102.851980128074,16.4831624990742],[102.852068682952,16.4831217273884],[102.852123435298,16.4830895270604],[102.852195796501,16.4830529327877],[102.852241671105,16.4830330886064],[102.852289902774,16.4830177547578],[102.852324280532,16.4830090978509],[102.852343279126,16.4830013560931],[102.852354262988,16.4829913241526],[102.852357368266,16.4829722306271],[102.852352117341,16.4829449847969],[102.852343050157,16.4828952216906],[102.852325160508,16.4828351999317],[102.85230705607,16.4827875631948],[102.852274695699,16.4827454730384],[102.852257025466,16.4827351519417],[102.852243595424,16.4827315937424],[102.852232216014,16.4827258557252]]]},"properties":{"id":"waterways-0075","label":"แหล่งน้ำ #75","sourceRecord":75,"sourceFolder":"ลำห้วย","datasetId":"waterways","sourceVersion":"2012-30","geometryDisplayRepair":false,"villageIds":["v26"],"villageId":"v26","electionIds":["e02"],"electionId":"e02","insideMunicipality":true}},{"type":"Feature","id":"waterways-0076","geometry":{"type":"Polygon","coordinates":[[[102.845722879822,16.4550484018497],[102.845708778718,16.455048116927],[102.845541701913,16.4551224409708],[102.845531060367,16.4551374105656],[102.845535052258,16.4551531064541],[102.845533049072,16.4551544145887],[102.845784580982,16.4556256049833],[102.845800322829,16.4556474784998],[102.845819138131,16.4556587414914],[102.84584428309,16.4556582793385],[102.845872374705,16.4556408776523],[102.845995684524,16.4555868019865],[102.846005532514,16.4555719425986],[102.846003302315,16.4555516596113],[102.846002868275,16.4555477182858],[102.845983387562,16.4555026958995],[102.84575731189,16.4550752075467],[102.845723686026,16.4550490285581],[102.845722879822,16.4550484018497]]]},"properties":{"id":"waterways-0076","label":"แหล่งน้ำ #76","sourceRecord":76,"sourceFolder":"ลำห้วย","datasetId":"waterways","sourceVersion":"2012-30","geometryDisplayRepair":false,"villageIds":["v13"],"villageId":"v13","electionIds":["e02"],"electionId":"e02","insideMunicipality":true}},{"type":"Feature","id":"waterways-0077","geometry":{"type":"Polygon","coordinates":[[[102.865635318532,16.4603177334088],[102.865628654484,16.4603119809877],[102.865526600686,16.4603335660322],[102.865411328941,16.4603628624418],[102.865343769154,16.4603825080473],[102.865280996703,16.4603998916121],[102.865253296062,16.4604165549469],[102.865229347287,16.4604412080121],[102.865219835686,16.4604557920775],[102.865221578456,16.4604817488024],[102.865243049267,16.4605757365241],[102.865301353371,16.4607886744385],[102.865366131844,16.4610502376914],[102.865413823414,16.4612280135527],[102.865432045785,16.4612450427689],[102.865448924508,16.4612577370547],[102.865468975909,16.4612646884234],[102.865626210064,16.4612290025127],[102.865774684326,16.461195510289],[102.865804352765,16.46118339222],[102.865824190826,16.4611598553698],[102.865830212791,16.4611452211828],[102.865792475206,16.460982235562],[102.865720561129,16.4606584893078],[102.86565690945,16.4604060336459],[102.865635318532,16.4603177334088]]]},"properties":{"id":"waterways-0077","label":"แหล่งน้ำ #77","sourceRecord":77,"sourceFolder":"ลำห้วย","datasetId":"waterways","sourceVersion":"2012-30","geometryDisplayRepair":false,"villageIds":["v16"],"villageId":"v16","electionIds":["e03"],"electionId":"e03","insideMunicipality":true}},{"type":"Feature","id":"waterways-0078","geometry":{"type":"Polygon","coordinates":[[[102.86537264126,16.5179681055076],[102.865372645558,16.5179681067988],[102.865478288127,16.5178714303237],[102.865820717056,16.5175580629882],[102.865821990779,16.5175569747049],[102.865895780934,16.5174938693896],[102.865937392174,16.5174735098643],[102.865970643614,16.5174733391862],[102.866094146797,16.5175025721214],[102.866159137341,16.5174968812479],[102.86618071058,16.5174894355291],[102.866256179436,16.5174288650319],[102.866316656623,16.5173516008566],[102.86634239934,16.5172287504033],[102.866331716081,16.5171770962325],[102.866312082087,16.5171385942869],[102.866248922859,16.5170646029425],[102.866199409083,16.5170385142664],[102.866189095717,16.5170330798385],[102.866085487569,16.5170089106336],[102.865953268664,16.5169142725232],[102.865910300763,16.5168418195515],[102.865871498291,16.5167422033647],[102.865882783984,16.5166066571638],[102.866039922467,16.5162754914566],[102.866063887301,16.5161611832382],[102.866070717602,16.5160617218053],[102.866039255346,16.5158627366996],[102.866029896023,16.5155391667986],[102.865914848778,16.5151928401007],[102.86582686017,16.5146756668405],[102.865683789919,16.5143343624034],[102.865566255045,16.5137105662258],[102.865486192011,16.5135090465615],[102.865450610855,16.5133382628858],[102.865339010543,16.5125756582712],[102.865323393555,16.5123514676135],[102.865319122258,16.5120752595393],[102.865380933807,16.5114199799067],[102.865374837466,16.51127922667],[102.865364383531,16.5112667606788],[102.865337019453,16.5112731161758],[102.865307290495,16.5113344580428],[102.865291141198,16.511963020978],[102.865263759193,16.512348142466],[102.865288304053,16.5126746768007],[102.865379516892,16.5133192883624],[102.865376462096,16.5134005416335],[102.865330263427,16.5134295168196],[102.864893743121,16.5134648058797],[102.864863114363,16.5134811576165],[102.864841164113,16.5135255064652],[102.864849281134,16.5135524069031],[102.864903383121,16.5135682948967],[102.865156849666,16.5135264169227],[102.865392251557,16.5135163687888],[102.865420871078,16.5135203461612],[102.865460020617,16.5135760176723],[102.865586945772,16.5141342248474],[102.865808194291,16.5149139418534],[102.865909239108,16.5153497441623],[102.86593161043,16.5155015605189],[102.865980430979,16.5160465428936],[102.865973823899,16.5161594204797],[102.865928416185,16.5163125563286],[102.865814482455,16.5165763646901],[102.865786213321,16.5166863586697],[102.865797470192,16.5167501981843],[102.865860816421,16.5169248735876],[102.865881743231,16.5169584622608],[102.86603232209,16.5170876533511],[102.866136419137,16.5171893712665],[102.866148040289,16.5172097473128],[102.866165223522,16.5172504908232],[102.866165513791,16.5172874575332],[102.86615029169,16.5173492452891],[102.866122114787,16.5173904751057],[102.866084569328,16.5174079685854],[102.865931422775,16.5174100622911],[102.865858631986,16.5174409779345],[102.865836188977,16.5174627018428],[102.865834770482,16.5174636123567],[102.865779842044,16.5174988895451],[102.865769231127,16.5175057052502],[102.865387967956,16.5178546116125],[102.865290809705,16.517943523877],[102.86537264126,16.5179681055076]]]},"properties":{"id":"waterways-0078","label":"ห้วยหว้า","sourceRecord":78,"sourceFolder":"ลำห้วย","datasetId":"waterways","sourceVersion":"2012-30","geometryDisplayRepair":false,"villageIds":["v07"],"villageId":"v07","electionIds":["e03"],"electionId":"e03","insideMunicipality":true}},{"type":"Feature","id":"waterways-0079","geometry":{"type":"Polygon","coordinates":[[[102.834473603061,16.4632860100077],[102.83449510407,16.4632846253197],[102.834547365402,16.4632896151503],[102.834586166021,16.4632956331332],[102.834633845013,16.4633029256938],[102.834673012551,16.4633101496172],[102.834699582139,16.4633115473934],[102.834740424004,16.4633142399586],[102.834776783591,16.4633145342851],[102.834804375259,16.4633058193341],[102.834842480632,16.4632746294421],[102.834936380178,16.4632269737995],[102.835000961815,16.4631824732283],[102.835056027164,16.4631469463058],[102.835106461935,16.4631136472266],[102.835147450046,16.4630868735045],[102.835195789427,16.4630500677139],[102.835241325689,16.4630110900596],[102.835284105343,16.4629798522994],[102.835321295929,16.4629486078386],[102.835339279412,16.4629342302617],[102.835348817685,16.4629206779441],[102.835360984904,16.4629005014978],[102.8353695234,16.462876873543],[102.83537322007,16.4628566629351],[102.835377898941,16.4628318181782],[102.835380703447,16.4628148785061],[102.835380705848,16.4628069283448],[102.835385469491,16.4628058087711],[102.83538256793,16.4627810209043],[102.835362226437,16.4627322098178],[102.835356516985,16.4627028221075],[102.835348790185,16.4626801564879],[102.835340294459,16.4626529646204],[102.835330633618,16.4626313748079],[102.835317271162,16.4625985001964],[102.835309703169,16.4625702229982],[102.835304742939,16.4625418907653],[102.835302853658,16.4625216400189],[102.835296106156,16.4625056830449],[102.835289277301,16.4624875891238],[102.835285551311,16.4624716949478],[102.835280532009,16.4624287285768],[102.835280599728,16.4623971235622],[102.835283286324,16.4623643661203],[102.83528310888,16.4623260092185],[102.835278522125,16.4622954162027],[102.835267635524,16.4622445793198],[102.835256208043,16.4621913468347],[102.835244723786,16.4621449177884],[102.835232059543,16.4621007237043],[102.835226415954,16.4620826080449],[102.835218570975,16.4620497116543],[102.835214785491,16.4620249065997],[102.83520598824,16.4619965021472],[102.835197411733,16.4619750340977],[102.835180335534,16.4619443091481],[102.83516786126,16.4619272363572],[102.835124092775,16.4619200237464],[102.835100385463,16.4619220843399],[102.83507749275,16.4619263848307],[102.835060502402,16.4619329763066],[102.835045080442,16.4619474178655],[102.835031936535,16.4619801071757],[102.835028174907,16.4620183910376],[102.835026514471,16.4620409608069],[102.835023475915,16.4620714698715],[102.83502264014,16.4620951758498],[102.835022619154,16.4621234108467],[102.835025779251,16.462159575538],[102.83503150962,16.4621878927656],[102.835038299886,16.4622116745743],[102.835043001637,16.4622365702095],[102.8350431226,16.4622523536406],[102.835035673344,16.4622669070855],[102.835017597433,16.4622825729963],[102.834996725962,16.4622982540685],[102.834974899932,16.4623103335352],[102.834939668153,16.4623224774192],[102.834912085143,16.4623278257393],[102.834889305783,16.4623320447391],[102.834857847803,16.4623373910091],[102.834827428981,16.4623427525106],[102.834793914673,16.4623446265432],[102.834780587486,16.4623445018346],[102.834753878207,16.4623420337754],[102.834728264292,16.4623405832709],[102.834711213889,16.4623403752297],[102.834692135231,16.4623458617613],[102.834679908528,16.4623491519092],[102.834668319409,16.4623557598372],[102.834662621864,16.4623680994114],[102.834659895659,16.4623793784539],[102.834657906793,16.4624008940527],[102.834656322776,16.4624155213263],[102.834660931308,16.4624415258035],[102.834668627505,16.462460789472],[102.834671526252,16.4624698621436],[102.834681121313,16.4624981834284],[102.834687889991,16.4625231494614],[102.834688088695,16.4625332415994],[102.834686192312,16.4625457289415],[102.834675632893,16.4625658821983],[102.834664167432,16.4625770615959],[102.83465296696,16.462583700297],[102.834638578584,16.4625881417027],[102.834613903878,16.4625935521686],[102.834546128453,16.462606392763],[102.834507228002,16.4626127271946],[102.83447025973,16.4626179858523],[102.834446615083,16.4626204431043],[102.834473603061,16.4632860100077]]]},"properties":{"id":"waterways-0079","label":"สระน้ำม.21","sourceRecord":79,"sourceFolder":"ลำห้วย","datasetId":"waterways","sourceVersion":"2012-30","geometryDisplayRepair":false,"villageIds":["v21"],"villageId":"v21","electionIds":["e02"],"electionId":"e02","insideMunicipality":true}},{"type":"Feature","id":"waterways-0080","geometry":{"type":"Polygon","coordinates":[[[102.842803246437,16.4953644056768],[102.842905281398,16.4953518474089],[102.843009089971,16.4953517513092],[102.843039569427,16.4953509304664],[102.843070927046,16.495344622895],[102.843090982617,16.4953357190357],[102.843106939178,16.4953234132093],[102.843123111938,16.4953100278776],[102.843128761385,16.4953033480339],[102.843132687416,16.4952965835162],[102.84313338747,16.4952853055891],[102.843123843907,16.4952716555154],[102.843108592018,16.4952557483215],[102.84308553256,16.4952441272242],[102.84306746234,16.4952371801703],[102.843048492288,16.4952347186998],[102.84302358908,16.4952344741691],[102.843002819539,16.4952342293469],[102.842976215959,16.495235160205],[102.842903783182,16.4952219665067],[102.842857904046,16.4952146812897],[102.842813167681,16.4952130684574],[102.842775911321,16.4952138263096],[102.842749349006,16.4952169390098],[102.842719718468,16.4952177459875],[102.842692262051,16.4952163637029],[102.842645452202,16.4952125702711],[102.842608389016,16.49520763111],[102.842573050145,16.4952027747997],[102.842533199991,16.4952023288702],[102.84248841164,16.4952018240292],[102.842395014938,16.4952054222144],[102.842369293207,16.4952085266166],[102.842327420476,16.4952103672683],[102.84229232245,16.4952077594872],[102.842271283894,16.4952052611173],[102.842245502448,16.4952015606532],[102.842222450585,16.4951980328227],[102.842200633115,16.4951932226825],[102.84219293876,16.4951954314072],[102.84219028862,16.4951988041981],[102.842178800703,16.4952088505168],[102.842168324284,16.4952234176282],[102.842158936023,16.4952346036971],[102.842157217975,16.4952526729301],[102.842157162903,16.4952593959814],[102.842160243905,16.4952719045361],[102.842162981511,16.4952922575765],[102.842165162201,16.4953035988972],[102.842172651002,16.4953160651411],[102.842187123995,16.4953274410286],[102.842213772613,16.4953480876317],[102.842241434838,16.4953641364722],[102.842270917153,16.4953690284228],[102.842313907284,16.4953694942113],[102.842367099708,16.495374499327],[102.842427313163,16.4953819332071],[102.842454786282,16.4953844899926],[102.842487263108,16.4953859251831],[102.842537842769,16.4953887668309],[102.842583534347,16.4953902529596],[102.842613978916,16.4953895113188],[102.842666382545,16.4953877321428],[102.842710072235,16.4953791648158],[102.84273770257,16.4953737803535],[102.842803246437,16.4953644056768]]]},"properties":{"id":"waterways-0080","label":"บ่อน้ำไม่มีชื่อ ม.17","sourceRecord":80,"sourceFolder":"ลำห้วย","datasetId":"waterways","sourceVersion":"2012-30","geometryDisplayRepair":false,"villageIds":["v17"],"villageId":"v17","electionIds":["e02"],"electionId":"e02","insideMunicipality":true}},{"type":"Feature","id":"waterways-0081","geometry":{"type":"Polygon","coordinates":[[[102.846598930348,16.4547178027695],[102.846577950646,16.4547076343965],[102.846555013802,16.4547091107956],[102.846525787179,16.4547244238586],[102.846499149006,16.4547392318793],[102.846497655028,16.4547397149953],[102.846041551104,16.4549582705723],[102.845874695986,16.4550382237389],[102.845838992907,16.4550578766485],[102.845831778828,16.4550801711746],[102.845834382199,16.4551006503244],[102.845852843399,16.4551401649787],[102.846020887768,16.4554554234469],[102.846052303419,16.4555035387495],[102.846076605592,16.4555157565404],[102.846104925288,16.4555099594414],[102.846794837882,16.4551767044835],[102.84680675503,16.4551625099141],[102.846811846164,16.4551434196176],[102.846811367136,16.4551191551606],[102.846799913465,16.4550929820136],[102.846780440638,16.4550596838707],[102.846779947186,16.4550589855509],[102.846747749309,16.4549989574554],[102.846614653195,16.4547386199954],[102.846598930348,16.4547178027695]]]},"properties":{"id":"waterways-0081","label":"แหล่งน้ำ #81","sourceRecord":81,"sourceFolder":"ลำห้วย","datasetId":"waterways","sourceVersion":"2012-30","geometryDisplayRepair":false,"villageIds":["v13"],"villageId":"v13","electionIds":["e02"],"electionId":"e02","insideMunicipality":true}},{"type":"Feature","id":"waterways-0082","geometry":{"type":"Polygon","coordinates":[[[102.801838775749,16.4704046707041],[102.801870447869,16.4703711969754],[102.801886071281,16.4703373951663],[102.801889382982,16.4702776092264],[102.801879026882,16.4701825897267],[102.801867779742,16.4700910242801],[102.801855221852,16.4700129769184],[102.801855742076,16.469963288209],[102.80186290409,16.4699238698962],[102.801850470398,16.4698401617992],[102.801838221744,16.4697621449013],[102.801834767868,16.4696931690881],[102.801829132788,16.4696242645149],[102.801817321315,16.4695529258826],[102.801801155822,16.4694861816423],[102.801790545456,16.4693923072786],[102.801776293562,16.4693075241667],[102.801767732053,16.4692339509298],[102.801759463206,16.46919322599],[102.8017351353,16.4691670569654],[102.801703749205,16.4691508100897],[102.801671732442,16.4691312866051],[102.801646204649,16.4691186634165],[102.801621411404,16.4691104699137],[102.801578559226,16.4691144576621],[102.801538375623,16.4691220702483],[102.801489741796,16.4691384762097],[102.801448457067,16.4691583731915],[102.80141386444,16.4691896359969],[102.801377448946,16.4692275892875],[102.801343606259,16.4692792057193],[102.801330047501,16.4693129085986],[102.801328227078,16.4693626832312],[102.801329595449,16.4694247175236],[102.80133003532,16.4694653962386],[102.801336157676,16.4695275615639],[102.80134413648,16.4695615288854],[102.801354077493,16.4696113152754],[102.801377696765,16.4696499926145],[102.801401779052,16.4696965297999],[102.801433637713,16.4697431511827],[102.801459975199,16.4697740091727],[102.801474831509,16.4698068516692],[102.801483295502,16.4698363075587],[102.80149427499,16.4698747653188],[102.801501930157,16.4699392307539],[102.801508115516,16.4699913042215],[102.801512245147,16.4700478156992],[102.801521986117,16.4701190070305],[102.801538574197,16.4701779881386],[102.801555805486,16.4702560669708],[102.801567316597,16.4703239001431],[102.801581206215,16.4703624493497],[102.801600072278,16.4703773718492],[102.801615939596,16.4703955629483],[102.801639901139,16.4704026273952],[102.801682647786,16.4703984890067],[102.801719784837,16.4703978137636],[102.801757919238,16.4703892151187],[102.801775931385,16.4703995332267],[102.801804185173,16.4704122457561],[102.801838775749,16.4704046707041]]]},"properties":{"id":"waterways-0082","label":"สระน้ำ ม.19","sourceRecord":82,"sourceFolder":"ลำห้วย","datasetId":"waterways","sourceVersion":"2012-30","geometryDisplayRepair":false,"villageIds":["v19"],"villageId":"v19","electionIds":["e01"],"electionId":"e01","insideMunicipality":true}},{"type":"Feature","id":"waterways-0083","geometry":{"type":"Polygon","coordinates":[[[102.86003881304,16.4695833997567],[102.860019914116,16.4695786833016],[102.860004686884,16.4695797015732],[102.859984760891,16.4695828430169],[102.859958035898,16.4695892841698],[102.859941878847,16.4695993396183],[102.859924335202,16.4696127500486],[102.859893761662,16.4696316071321],[102.859869954752,16.4696460507949],[102.859845149416,16.4696638079859],[102.859839156831,16.4696727861455],[102.859825845412,16.4696851151136],[102.859812338117,16.4696973746131],[102.859795168781,16.4697084890608],[102.859783701071,16.4697152395275],[102.85979014429,16.469739034411],[102.859803077311,16.4697594504811],[102.85982272335,16.4697844443648],[102.859835097,16.469798106422],[102.859848220494,16.4698073307941],[102.859858805584,16.469809687011],[102.859870141578,16.469815534693],[102.859880581837,16.469816670101],[102.859898855184,16.4698033228926],[102.859915999346,16.4697966922917],[102.859935980517,16.4697844955292],[102.859961112973,16.4697655512126],[102.859985901417,16.4697410002093],[102.860003295616,16.4697275979452],[102.86002329793,16.4697164681743],[102.860037800688,16.4697041893834],[102.860051090024,16.4696964064589],[102.860068426745,16.4696842558013],[102.860081774872,16.4696718927588],[102.860088607573,16.4696629360775],[102.860086715547,16.4696482991604],[102.860083065,16.469632360248],[102.860074796638,16.4696153643115],[102.860064409814,16.4695995217907],[102.860053030645,16.4695914490096],[102.86003881304,16.4695833997567]]]},"properties":{"id":"waterways-0083","label":"บ่อน้ำไม่มีชื่อ ม.15","sourceRecord":83,"sourceFolder":"ลำห้วย","datasetId":"waterways","sourceVersion":"2012-30","geometryDisplayRepair":false,"villageIds":["v15"],"villageId":"v15","electionIds":["e03"],"electionId":"e03","insideMunicipality":true}},{"type":"Feature","id":"waterways-0084","geometry":{"type":"Polygon","coordinates":[[[102.799347016216,16.4628358653388],[102.799339736037,16.4628358450811],[102.799332101285,16.4628368707436],[102.799324766629,16.4628378927597],[102.799317468234,16.4628389520146],[102.799310135483,16.4628399758002],[102.798799488389,16.4629475209992],[102.798366702591,16.4630333244298],[102.797894558217,16.4631277911803],[102.797884283251,16.4631333050869],[102.797878065023,16.4631366257669],[102.797872468139,16.4631422703893],[102.797867423435,16.4631466922572],[102.797863003231,16.4631534560568],[102.797858819022,16.463159038936],[102.797855542224,16.4631657909981],[102.797852762005,16.4631724970484],[102.797850667592,16.463179222228],[102.797849496363,16.4631860073433],[102.797848775404,16.4631939681372],[102.797848907113,16.4632007223765],[102.797849802709,16.4632074717692],[102.797880031159,16.4634810537017],[102.797942884268,16.4640091303561],[102.798004923221,16.4645292785059],[102.798006185233,16.4645371699046],[102.798008162654,16.4645440088307],[102.798011049743,16.4645507897309],[102.798014494509,16.4645565336554],[102.798018882894,16.464563289098],[102.79802372017,16.4645679366726],[102.798028959721,16.4645736001816],[102.798035066664,16.4645781886067],[102.798041369159,16.4645815842127],[102.798048102919,16.4645850847779],[102.798454882752,16.4645520489101],[102.799047245729,16.4645097672784],[102.799651102332,16.4644675251488],[102.799960880319,16.4644436070889],[102.799972559832,16.4644415451237],[102.799979603234,16.4644393481234],[102.79998668207,16.4644371459674],[102.79999348009,16.4644339229687],[102.799999922127,16.4644304754421],[102.800006499728,16.4644260680845],[102.800012560971,16.4644227059784],[102.800018183528,16.4644182834886],[102.800023782478,16.4644127470552],[102.800028838309,16.4644070761173],[102.800033673544,16.4644015535593],[102.800038082911,16.4643959629434],[102.800042261953,16.46439030974],[102.80004576957,16.4643835534607],[102.800048822793,16.4643768487487],[102.800051561103,16.464370107349],[102.800053996037,16.4643632974705],[102.800055551057,16.4643565847882],[102.800056990485,16.4643497948014],[102.800046279537,16.4641114153565],[102.800031626879,16.4638018517451],[102.800018427196,16.4634415176202],[102.800017049199,16.4634334839825],[102.800015957294,16.4634267417895],[102.800014250912,16.4634198979692],[102.800012875749,16.4634120095544],[102.800010975904,16.4634051710535],[102.800009240804,16.4633984369363],[102.800006960542,16.4633916071512],[102.800004648935,16.4633848483168],[102.800002102458,16.4633779854703],[102.799999634976,16.4633711933747],[102.799997082198,16.4633644389217],[102.799993922351,16.4633575790974],[102.799990995226,16.4633507610637],[102.799987652299,16.4633440552537],[102.799984163806,16.4633383238932],[102.799980739454,16.4633314706785],[102.799977029627,16.4633258498133],[102.799973293257,16.4633189643693],[102.799969237333,16.4633133858845],[102.799965223358,16.4633076568514],[102.799960870972,16.4633007825982],[102.799956205583,16.4632950717155],[102.799951654781,16.463289386723],[102.799947058898,16.4632837395447],[102.799942197049,16.4632780241097],[102.799937247548,16.4632734237371],[102.799932266983,16.4632677104584],[102.799926816721,16.4632632292666],[102.79987990907,16.4632186583393],[102.799766572689,16.4631282757501],[102.799624303859,16.4630036484071],[102.799475251214,16.4628790304623],[102.799466576226,16.4628721264319],[102.79946020307,16.4628675510013],[102.799454121654,16.4628640774256],[102.799447698567,16.4628606813397],[102.7994409689,16.4628571482548],[102.799434237782,16.4628536846752],[102.799427233267,16.4628502991497],[102.799420560463,16.4628479073764],[102.799413391225,16.4628455210109],[102.799406299056,16.4628432505476],[102.799399114861,16.4628420149194],[102.799391751468,16.4628397421635],[102.799384532242,16.4628385802595],[102.799377115503,16.4628373118591],[102.799369527257,16.4628372701283],[102.799362187518,16.4628360661985],[102.799354641077,16.4628359145263],[102.799347016216,16.4628358653388]]]},"properties":{"id":"waterways-0084","label":"หนองไผ่","sourceRecord":84,"sourceFolder":"ลำห้วย","datasetId":"waterways","sourceVersion":"2012-30","geometryDisplayRepair":false,"villageIds":["v23"],"villageId":"v23","electionIds":["e01"],"electionId":"e01","insideMunicipality":true}},{"type":"Feature","id":"waterways-0085","geometry":{"type":"Polygon","coordinates":[[[102.878969582431,16.4803762006956],[102.878952698419,16.4803727047944],[102.87894498919,16.4803760274459],[102.878927717073,16.4803814873091],[102.878694852175,16.4804344061684],[102.87836517479,16.4805203117387],[102.878206461912,16.4805593250934],[102.878179726368,16.4805669897108],[102.878154683208,16.480582572688],[102.87814438321,16.4805926264027],[102.878134585839,16.4806083324416],[102.878133446803,16.4806241367352],[102.878157480048,16.4808422855202],[102.878197112309,16.4813317362578],[102.878237595557,16.4817002978081],[102.878273993876,16.4820677026551],[102.878306896564,16.4824407609162],[102.87833469324,16.4827301278021],[102.878371372423,16.4830941312378],[102.878380951084,16.4832388601059],[102.878388363845,16.4832626358703],[102.878397764986,16.4832807518698],[102.878412756353,16.483304683791],[102.878432384683,16.4833285982039],[102.878449209074,16.4833366407664],[102.87847620905,16.4833346228599],[102.878769643002,16.4833150957694],[102.879006025685,16.4832926702167],[102.879131060658,16.4832836576448],[102.879137754557,16.4832814662961],[102.87914401938,16.4832770317892],[102.87914990628,16.483272590765],[102.879154924716,16.4832669911302],[102.879159721392,16.4832614317029],[102.879163519001,16.4832558547349],[102.879166865201,16.4832490717137],[102.879169535213,16.4832423310217],[102.879171077175,16.483235576086],[102.879172036195,16.4832277249077],[102.879172049248,16.4832209243743],[102.879170250854,16.4832073201901],[102.879016810491,16.4822989370843],[102.878997598873,16.4821846884743],[102.878955852267,16.4819312415307],[102.878918454213,16.4817094975522],[102.878908489495,16.4816631162727],[102.878910809195,16.4816394648141],[102.878915692495,16.4816191176409],[102.878919557713,16.4816112107074],[102.879024537865,16.4815896729763],[102.879162459224,16.4815527420059],[102.879033864225,16.4807337384374],[102.879000298728,16.4805391939332],[102.878976226446,16.4803864253211],[102.878969582431,16.4803762006956]]]},"properties":{"id":"waterways-0085","label":"บึงหนองหิน","sourceRecord":85,"sourceFolder":"ลำห้วย","datasetId":"waterways","sourceVersion":"2012-30","geometryDisplayRepair":false,"villageIds":["v22"],"villageId":"v22","electionIds":["e03"],"electionId":"e03","insideMunicipality":true}},{"type":"Feature","id":"waterways-0086","geometry":{"type":"Polygon","coordinates":[[[102.896922969696,16.5274427138977],[102.898016018359,16.5269449326604],[102.898249180181,16.5268458509868],[102.898271492537,16.5268363698427],[102.898338543892,16.5267914160666],[102.898399657716,16.5267329170943],[102.898485806663,16.5266520995525],[102.898549367328,16.5265744355305],[102.898593224807,16.5265026039513],[102.898644861144,16.5263951203286],[102.898670970281,16.5262853821894],[102.898692637024,16.5261340168284],[102.898660741191,16.5258951359201],[102.89783576297,16.5235005032746],[102.896759854982,16.5204901812574],[102.896388538195,16.5194054107064],[102.895955697926,16.5182270747558],[102.895666396365,16.5173878259882],[102.895542810623,16.5170822187776],[102.895334231902,16.5167127126787],[102.893700621037,16.5141516560452],[102.893498807347,16.5138554113736],[102.89326775448,16.5133826258287],[102.893192250795,16.5131460051272],[102.893150151848,16.5129416475686],[102.89313853959,16.5126779652988],[102.893166887749,16.5124045148271],[102.893594417278,16.5097224996823],[102.893687087974,16.5090378565706],[102.894056629067,16.5067121331061],[102.894251534484,16.5054193449758],[102.894353820756,16.5048359959208],[102.894507350382,16.5037758251425],[102.894674086844,16.5027874509884],[102.894711125715,16.5025480200357],[102.894936997957,16.5015240959505],[102.895115268941,16.5006317406279],[102.895476171075,16.4990053785376],[102.895533614476,16.4987639582689],[102.895571318016,16.4986676597693],[102.895628774156,16.4985682624881],[102.895689280864,16.4984797352874],[102.895737077144,16.4984384455971],[102.895792138488,16.4983925659679],[102.895793699464,16.4983912673875],[102.895875655762,16.4983151146649],[102.896007293802,16.4982443756634],[102.896114283306,16.498215065458],[102.896252729422,16.4982015572624],[102.896473300354,16.4981892472166],[102.896884185257,16.4982088911237],[102.897946938689,16.498265523688],[102.899332571556,16.498329777079],[102.900610614778,16.498393300307],[102.902095513685,16.4984666043063],[102.903260138888,16.4985213066316],[102.903734668804,16.4985485343902],[102.903736275033,16.4985479088806],[102.904589227645,16.498589312491],[102.905354286311,16.4986241619068],[102.905355237689,16.4985889553347],[102.905355909754,16.4985640466275],[102.903641572002,16.4984841290913],[102.901675153157,16.4983979880502],[102.899807667623,16.4983045150251],[102.898362386265,16.498230454414],[102.897175173793,16.4981788758033],[102.896387252626,16.4981334952877],[102.896237486705,16.4981472166366],[102.896130278269,16.4981656048743],[102.896012077396,16.4982005855664],[102.895922231529,16.4982377699119],[102.895849583046,16.498285556691],[102.895777046783,16.498338802608],[102.895707556421,16.4984029186796],[102.895641116575,16.4984779021176],[102.895575116443,16.4985747268565],[102.895523480246,16.4986822087549],[102.895499271409,16.4987454797966],[102.895480992923,16.4988222946572],[102.895438833084,16.4989787636211],[102.895435193726,16.4989955761867],[102.895420579867,16.499043126213],[102.894656302217,16.5025512977758],[102.893153607147,16.5121509516354],[102.89310322963,16.5125827224577],[102.893110123005,16.5129265043933],[102.893160508354,16.5131906494544],[102.893254247063,16.5134674322878],[102.89336185316,16.5137022420106],[102.895255645449,16.5166679822909],[102.89545155197,16.5170207640369],[102.895636459446,16.5174097456981],[102.897402036582,16.522458597014],[102.897816555334,16.5235933613998],[102.898400727985,16.5252910064215],[102.898596530887,16.5259044975614],[102.898620252274,16.5260159391399],[102.898625111953,16.5261169048635],[102.898615436762,16.5261990231779],[102.898605870347,16.5262865997837],[102.898582210006,16.5263771746674],[102.8985277444,16.5264847102944],[102.898450744501,16.5265981313102],[102.898353549299,16.5266928107558],[102.898267236592,16.5267654381224],[102.898177338058,16.5268146708029],[102.898021855348,16.526899819102],[102.896870091505,16.5274268390887],[102.896922969696,16.5274427138977]]]},"properties":{"id":"waterways-0086","label":"คลองไม่มีชื่อ ม.4-6","sourceRecord":86,"sourceFolder":"ลำห้วย","datasetId":"waterways","sourceVersion":"2012-30","geometryDisplayRepair":false,"villageIds":["v06","v05","v04"],"villageId":null,"electionIds":["e03"],"electionId":"e03","insideMunicipality":true}},{"type":"Feature","id":"waterways-0087","geometry":{"type":"Polygon","coordinates":[[[102.852324210269,16.4831389352137],[102.852296739467,16.4831330463658],[102.852254572496,16.4831449462136],[102.852221021089,16.4831605291073],[102.8521853974,16.4831759715527],[102.852153651982,16.4831879769896],[102.852128697594,16.4831968634556],[102.852107810757,16.4832056370303],[102.852089649777,16.4832133660359],[102.85206431289,16.4832277291609],[102.852043089323,16.4832411268009],[102.852023063468,16.4832510664801],[102.851995216461,16.4832530975144],[102.8519647292,16.4832650761219],[102.851947380303,16.483272824432],[102.851936254194,16.483293099845],[102.851934431711,16.4832998590309],[102.851935619539,16.4833269253462],[102.851949222641,16.4833621214806],[102.851969363251,16.4834040616217],[102.851999501218,16.4834947588451],[102.852004161627,16.483509565033],[102.852010495993,16.4835140318239],[102.852055544236,16.483506615543],[102.852098189912,16.4834743081766],[102.85214189098,16.483437543037],[102.852178378085,16.4834209784767],[102.852307369326,16.4833873010257],[102.85235440281,16.4833753502257],[102.85238700264,16.4833643197024],[102.852405295552,16.4833555560312],[102.852414214758,16.4833397244125],[102.852418570893,16.4833217925141],[102.852405444228,16.4832606074375],[102.852391313913,16.4832142355229],[102.852373875919,16.4831733851825],[102.852366886318,16.4831529276733],[102.85233856998,16.483139145951],[102.852324210269,16.4831389352137]]]},"properties":{"id":"waterways-0087","label":"แหล่งน้ำ #87","sourceRecord":87,"sourceFolder":"ลำห้วย","datasetId":"waterways","sourceVersion":"2012-30","geometryDisplayRepair":false,"villageIds":["v26"],"villageId":"v26","electionIds":["e02"],"electionId":"e02","insideMunicipality":true}},{"type":"Feature","id":"waterways-0088","geometry":{"type":"Polygon","coordinates":[[[102.856792735182,16.4655083389521],[102.856507171914,16.4654893889014],[102.856482214716,16.4654964537796],[102.856471158831,16.4655142691709],[102.856350155538,16.4662011707153],[102.856344008798,16.4662365061987],[102.856353524922,16.4662561437881],[102.856652778651,16.4663049719404],[102.856680998379,16.4662920055246],[102.856695593383,16.4662786217895],[102.856707228217,16.4662550067069],[102.856820582404,16.4655320424639],[102.856811069059,16.4655124030416],[102.856792735182,16.4655083389521]]]},"properties":{"id":"waterways-0088","label":"สระน้ำไม่มีชื่อ ม.13","sourceRecord":88,"sourceFolder":"ลำห้วย","datasetId":"waterways","sourceVersion":"2012-30","geometryDisplayRepair":false,"villageIds":["v13"],"villageId":"v13","electionIds":["e02"],"electionId":"e02","insideMunicipality":true}},{"type":"Feature","id":"waterways-0089","geometry":{"type":"Polygon","coordinates":[[[102.871446946066,16.4494389837335],[102.871432284724,16.44943888769],[102.871124687702,16.449457936607],[102.87110171635,16.4494624090045],[102.871093617519,16.4494767162],[102.871109443122,16.4496402790181],[102.871120080969,16.44964817377],[102.871471755478,16.4496234625738],[102.871486261991,16.4496151036637],[102.871484112332,16.4494608348242],[102.871479439836,16.4494551639088],[102.871474025033,16.4494505316939],[102.871467922015,16.4494459898028],[102.87146123415,16.4494426000914],[102.871454254465,16.4494402876656],[102.871446946066,16.4494389837335]]]},"properties":{"id":"waterways-0089","label":"แหล่งน้ำ #89","sourceRecord":89,"sourceFolder":"ลำห้วย","datasetId":"waterways","sourceVersion":"2012-30","geometryDisplayRepair":false,"villageIds":["v11"],"villageId":"v11","electionIds":["e03"],"electionId":"e03","insideMunicipality":true}},{"type":"Feature","id":"waterways-0090","geometry":{"type":"Polygon","coordinates":[[[102.876200133583,16.476468742273],[102.876179133681,16.4764605548747],[102.876154630307,16.4764592381755],[102.876138240022,16.4764590567286],[102.876118253783,16.4764633097971],[102.876086908283,16.47646865864],[102.8760400164,16.4764715953314],[102.876007664745,16.476466805207],[102.875973526052,16.4764562376788],[102.875950722925,16.4764481261017],[102.87593468383,16.4764467976722],[102.875902196825,16.476452159536],[102.875882202627,16.4764598160461],[102.875868660854,16.4764642455239],[102.875570144092,16.476574181348],[102.875423962519,16.4766211684422],[102.875521260377,16.4768525203798],[102.875585147724,16.4770045517276],[102.87596972407,16.4768616500952],[102.876171478986,16.4767857657296],[102.876202910573,16.476784923848],[102.87623644107,16.4767683374417],[102.876258494273,16.4767584700714],[102.876291052474,16.4767452274109],[102.876321621927,16.476731948548],[102.876331411096,16.4767252635209],[102.876339957963,16.4767140478421],[102.876344821076,16.4767062388365],[102.876279630318,16.4765813177533],[102.876224596716,16.4764836233472],[102.876200133583,16.476468742273]]]},"properties":{"id":"waterways-0090","label":"บ่อน้ำไม่มีชื่อ ม.8","sourceRecord":90,"sourceFolder":"ลำห้วย","datasetId":"waterways","sourceVersion":"2012-30","geometryDisplayRepair":false,"villageIds":["v08"],"villageId":"v08","electionIds":["e03"],"electionId":"e03","insideMunicipality":true}},{"type":"Feature","id":"waterways-0091","geometry":{"type":"Polygon","coordinates":[[[102.860620416314,16.4734076569734],[102.86058881235,16.4734073518975],[102.860565081224,16.4734082376871],[102.860547729169,16.4734159504514],[102.860536236103,16.473429350303],[102.860530265118,16.4734564375908],[102.860509008415,16.4735374724793],[102.860486268678,16.473609552643],[102.86048631148,16.4736253343874],[102.860486193218,16.4736367205323],[102.860491630805,16.4736480807666],[102.860498369451,16.4736559693933],[102.860738393292,16.4737747877337],[102.860762056858,16.4737840699572],[102.860801858985,16.4737980490839],[102.860838055344,16.4738153736525],[102.860866623894,16.4738269373405],[102.860887635229,16.4738316795815],[102.860901885345,16.4738126428274],[102.860906899001,16.4737833536318],[102.860916601512,16.4737416338616],[102.860918639522,16.4737167675208],[102.860924972597,16.4736806905312],[102.860926941865,16.4736603250868],[102.860923313301,16.4736377748731],[102.860920781825,16.4736106632653],[102.860928312109,16.4735846876471],[102.860931525415,16.4735633031183],[102.860933340099,16.4735486735604],[102.860913736804,16.4735258653015],[102.860861248354,16.4735095345854],[102.860815704583,16.4734978080057],[102.860756090209,16.4734700453593],[102.860704923293,16.4734390652738],[102.860653644947,16.4734181647004],[102.860620416314,16.4734076569734]]]},"properties":{"id":"waterways-0091","label":"แหล่งน้ำ #91","sourceRecord":91,"sourceFolder":"ลำห้วย","datasetId":"waterways","sourceVersion":"2012-30","geometryDisplayRepair":false,"villageIds":["v25"],"villageId":"v25","electionIds":["e03"],"electionId":"e03","insideMunicipality":true}},{"type":"Feature","id":"waterways-0092","geometry":{"type":"Polygon","coordinates":[[[102.880089090471,16.4519606671536],[102.879927550714,16.4523643741261],[102.87947457844,16.4534964044953],[102.878933450534,16.4547629162676],[102.878003887834,16.457088740935],[102.877719039851,16.4577492619407],[102.877512178466,16.4582832693499],[102.877087710372,16.4592970519312],[102.875775538972,16.4625751664967],[102.875436346705,16.4633866983527],[102.875342855418,16.4636244660391],[102.87501861729,16.4644490615789],[102.874882174137,16.4648484329012],[102.874840825637,16.4652033501343],[102.8748442115,16.4654909248903],[102.874968850269,16.465942031297],[102.877743243601,16.4716481650092],[102.878691822432,16.4735251788688],[102.878728263355,16.4737681143198],[102.878730803453,16.4738955639663],[102.87868800406,16.4741276368132],[102.878647351709,16.4742287219162],[102.878549427024,16.474415473295],[102.878055395283,16.4750505325272],[102.877973447846,16.4751648448121],[102.877966621331,16.4751988935767],[102.877988420569,16.475210831992],[102.878034088645,16.4751885489065],[102.878650743178,16.4743988874825],[102.878695685175,16.4743112403633],[102.878767114501,16.4741091703804],[102.878796624625,16.4739755410655],[102.878810573224,16.4737971139193],[102.878773451649,16.4735451333942],[102.878731411842,16.4734286148605],[102.87791337494,16.4718230992672],[102.875044663924,16.4659044847134],[102.87497324657,16.4656318145629],[102.874938160338,16.465396715231],[102.874931292252,16.4651690031406],[102.874959964401,16.4649643655637],[102.874979940155,16.4648557487261],[102.875045187245,16.4646661391023],[102.875439213204,16.4636582178697],[102.875506641576,16.4634857342084],[102.876963061592,16.4599039692331],[102.879671580569,16.4533270061491],[102.880159753694,16.4520834851819],[102.880089090471,16.4519606671536]]]},"properties":{"id":"waterways-0092","label":"คลองไม่มีชื่อม.8-16","sourceRecord":92,"sourceFolder":"ลำห้วย","datasetId":"waterways","sourceVersion":"2012-30","geometryDisplayRepair":false,"villageIds":["v16","v08"],"villageId":null,"electionIds":["e03"],"electionId":"e03","insideMunicipality":true}},{"type":"Feature","id":"waterways-0093","geometry":{"type":"Polygon","coordinates":[[[102.881854090867,16.4701988665832],[102.881901136286,16.470180840376],[102.881960550873,16.4701879080187],[102.882035474601,16.4701755265429],[102.882060842624,16.4701657154022],[102.882119915062,16.4701114127366],[102.882158979384,16.469947273262],[102.882146660569,16.4697541285778],[102.882145448923,16.4696933717512],[102.882134010168,16.4696696383649],[102.882102166801,16.4696460122605],[102.882054144875,16.4696441818003],[102.881981164783,16.4696646005111],[102.881940035318,16.4697252818354],[102.881931517545,16.4698643426554],[102.881879809001,16.469960626592],[102.88184115627,16.4699950875826],[102.881820190532,16.470003445536],[102.88178325385,16.4699970287804],[102.88176400433,16.4699715032484],[102.881755390447,16.4699493188875],[102.881754825535,16.4698600767393],[102.881778987788,16.4698009591664],[102.881820571231,16.4696467491464],[102.881857141518,16.4695081879409],[102.881875943993,16.4693716537532],[102.881878636917,16.4692802118876],[102.881884697693,16.469228429164],[102.881887371676,16.4691245013772],[102.881908246539,16.4690400329025],[102.881920248501,16.4689813486224],[102.881934855681,16.468926235812],[102.881955420631,16.4688608800951],[102.882022414087,16.4687633650525],[102.882026555829,16.4687521300003],[102.882041245071,16.4687240642934],[102.882049377727,16.4687037371322],[102.88205602077,16.4686777796023],[102.882058258901,16.4686631765968],[102.882056702038,16.4686484996893],[102.882050932438,16.4686337133276],[102.882040722479,16.4686133576961],[102.882017124919,16.4685746930882],[102.881992125272,16.4685292533272],[102.881958639768,16.4684633555373],[102.881927879981,16.468411151147],[102.881902633666,16.4683612164125],[102.88186982853,16.4682907956043],[102.881843997572,16.4682172119392],[102.881834796783,16.4681684941889],[102.881839042815,16.4681086528539],[102.881846222147,16.4680635855862],[102.881909472988,16.4680009868982],[102.882035033662,16.467896177112],[102.882158416757,16.4678239257822],[102.882292572215,16.4677293412428],[102.882422903115,16.4676391142518],[102.882530903113,16.4675792755441],[102.882596917605,16.4675324797772],[102.882643132274,16.467485537352],[102.882711871194,16.4674410269034],[102.882768803593,16.4673670903766],[102.882903785591,16.4671640900794],[102.882939421368,16.467116979545],[102.88300072361,16.4670453672489],[102.883177269564,16.4669025042555],[102.883274714307,16.4668606320353],[102.883372120382,16.4668265279771],[102.883474052518,16.4668140597201],[102.88358139279,16.4668174292442],[102.883643378174,16.4668258825277],[102.883706263544,16.4668277497871],[102.883801841804,16.4667823652651],[102.883877267543,16.4667333986308],[102.883975663429,16.466697129484],[102.884019447668,16.4666840447443],[102.884058643189,16.4666810620139],[102.884097483441,16.4666927997792],[102.884130520445,16.4667167995454],[102.884141547239,16.4667745363654],[102.884132130851,16.4668647396417],[102.884091607195,16.4669433565709],[102.884065444825,16.4670029408376],[102.884038067478,16.4670682264371],[102.884012824845,16.4671277945222],[102.883996234371,16.4671716696554],[102.883993135515,16.4672179269633],[102.883998696228,16.4672507838004],[102.884016583809,16.4672757732211],[102.884057366707,16.4672909070495],[102.884105762063,16.4672958817812],[102.884160857799,16.4672987389707],[102.884218271905,16.4672913513343],[102.884248886235,16.4672747108773],[102.884273955945,16.4672219453462],[102.88428162628,16.4670921260122],[102.884292294043,16.4669703044892],[102.884318945222,16.4668508143285],[102.884360038532,16.4667394053294],[102.884400740209,16.4666562675018],[102.884464967294,16.466589146112],[102.884536657442,16.4665254725226],[102.884601928532,16.4664719250164],[102.884628796278,16.4664435355558],[102.88467531528,16.4663558343322],[102.884682152491,16.4663350349652],[102.884683294019,16.466329824919],[102.884703143543,16.4662392555299],[102.884707378829,16.4661692614889],[102.884690939692,16.4660922503441],[102.884662897341,16.4660343451495],[102.884629967537,16.4659922334994],[102.884597698191,16.4659818200605],[102.884547307926,16.4659553385054],[102.884512354486,16.4659368366112],[102.8844794776,16.4658958752159],[102.884446493218,16.4658356978758],[102.884419547433,16.4657519020311],[102.884384451687,16.4656441918315],[102.88438093237,16.4655153959827],[102.88437181215,16.4653233192614],[102.884372940209,16.4651991260839],[102.884353374664,16.4650555101558],[102.88433994379,16.4649525737317],[102.884327806432,16.4649027630544],[102.884324658345,16.4648429129898],[102.88437576474,16.4646401438649],[102.88440078796,16.4644890122882],[102.884433539743,16.4643606417013],[102.884441452413,16.4643041789687],[102.8844546217,16.4642405377425],[102.884463361965,16.4640624389831],[102.884517835694,16.4639633805775],[102.884709420672,16.4638045782424],[102.8849404535,16.46364232006],[102.885159979603,16.4634693825793],[102.885267735469,16.4633529891553],[102.885336371941,16.4632563914519],[102.885412058639,16.4630888478992],[102.885461663405,16.4627706160349],[102.885464535531,16.4625323777994],[102.885469904171,16.4623642042998],[102.885484227876,16.4622524770058],[102.88548465802,16.4621858793831],[102.885460430378,16.4621291529744],[102.885413877979,16.4621050362351],[102.885379786815,16.4620933970992],[102.885368549275,16.4620960455257],[102.885358261356,16.4621063625776],[102.885344106727,16.4621438442109],[102.885343243827,16.4622522132184],[102.885293422814,16.4625001881935],[102.88525711761,16.4626421494882],[102.885236860187,16.4627751583096],[102.885238623069,16.4629152684203],[102.885254815152,16.463006909603],[102.885258419557,16.4630588808077],[102.885247149255,16.4631219905092],[102.885217251121,16.4631860724015],[102.885183376985,16.4632580623859],[102.885126527222,16.4633184693073],[102.885064230526,16.4633731398412],[102.884949415413,16.4634713188596],[102.884921207078,16.4634916399949],[102.884757685847,16.4636094417204],[102.884653446077,16.4636671450418],[102.884599711029,16.4637151512363],[102.884521168333,16.4637730773718],[102.884443624249,16.463833349738],[102.884383237268,16.4638913861514],[102.88434001342,16.463934878009],[102.884288465394,16.4640244715731],[102.884231677469,16.4641920257804],[102.88409581953,16.4645976375687],[102.884054860281,16.4649497356227],[102.884089210426,16.465256859914],[102.884146139895,16.4658468146798],[102.884163948438,16.4661035766295],[102.88418198461,16.4661814875114],[102.884203616382,16.4662149805729],[102.884222958488,16.4662648441882],[102.884224534878,16.4663111960017],[102.884216754949,16.4663550960523],[102.884204928168,16.4663956688833],[102.884187236017,16.4664248595951],[102.884159275384,16.4664708388367],[102.884133336592,16.4665146295577],[102.884087213402,16.4665559557969],[102.884006293708,16.4665754505503],[102.88393271678,16.4665849554162],[102.883875577355,16.4665889011603],[102.883769000995,16.4665991172061],[102.883680476731,16.4666140288902],[102.883560318906,16.4666364383613],[102.88345348499,16.4666659518754],[102.883349251338,16.4666998227462],[102.883271978858,16.4667216513024],[102.883196469783,16.4667491493167],[102.883125704258,16.4667788085359],[102.883084092628,16.4668065053252],[102.883032857058,16.466862686254],[102.882939879372,16.466944197958],[102.882790013092,16.4671131412291],[102.882699525072,16.4672195899945],[102.882581358042,16.467355082778],[102.882523435189,16.4674335128268],[102.882446735185,16.4675129086427],[102.882363240517,16.4675741780339],[102.882267495794,16.46763756235],[102.882165340612,16.4676986647553],[102.882104945788,16.467735341082],[102.882004567336,16.4677930793256],[102.881948896385,16.4678286330355],[102.881882716821,16.4678866259584],[102.881835745256,16.4679223059651],[102.881807043303,16.4679559514706],[102.88178592225,16.4679839912961],[102.881745442617,16.4680456475307],[102.881729415707,16.4681233980401],[102.881725186666,16.4681877512299],[102.881747286618,16.4682512006068],[102.881772543149,16.4683001030042],[102.881803547918,16.4683568123402],[102.881866891661,16.4684240776507],[102.881891297535,16.4684705976281],[102.881922162514,16.4685296716264],[102.88192921234,16.4685816521442],[102.881923154375,16.4686312784288],[102.881910006691,16.4687114260087],[102.881869503936,16.4687742231636],[102.881810415232,16.4688820485275],[102.881771529102,16.4689832976416],[102.881761822378,16.4690170669108],[102.881755381592,16.4690474958591],[102.88175195318,16.4690904264353],[102.88175351244,16.4691400664977],[102.881756884343,16.4691784768542],[102.881760214225,16.4692226109791],[102.881759682062,16.469274469711],[102.881762328576,16.4692960087771],[102.881755240218,16.4694303279036],[102.881738796845,16.4694946010929],[102.881717225632,16.4695598609091],[102.881696754086,16.4696183704068],[102.881685672195,16.4696770096415],[102.881663410101,16.4697286781186],[102.881633962044,16.4698266771507],[102.881555224289,16.4702444582272],[102.8815182185,16.4703704293719],[102.881518165241,16.4705093294779],[102.881523105098,16.4705525134219],[102.881536034777,16.4705763148041],[102.881539526786,16.4705785895144],[102.881564750722,16.4705950294325],[102.881618016124,16.4706033932661],[102.881635383952,16.4706020765318],[102.881716599914,16.4705519471605],[102.881730793382,16.4705115333956],[102.881760562225,16.4704267617258],[102.881799398975,16.4703161841891],[102.881828372715,16.4702241785855],[102.881854090867,16.4701988665832]]]},"properties":{"id":"waterways-0093","label":"แหล่งน้ำ #93","sourceRecord":93,"sourceFolder":"ลำห้วย","datasetId":"waterways","sourceVersion":"2012-30","geometryDisplayRepair":false,"villageIds":["v16","v10"],"villageId":null,"electionIds":["e03"],"electionId":"e03","insideMunicipality":true}},{"type":"Feature","id":"waterways-0094","geometry":{"type":"Polygon","coordinates":[[[102.874928601782,16.4767980214752],[102.874918181539,16.4767922254753],[102.874627276393,16.4769033940653],[102.874324133413,16.4770120399864],[102.874186379863,16.4770649341798],[102.874167112366,16.477086130816],[102.874141928328,16.4771118762392],[102.874133241697,16.477127633712],[102.874190445899,16.477333202401],[102.874207966371,16.4773597071986],[102.874236162019,16.4773685075716],[102.874265175762,16.4773698347017],[102.874560621079,16.4773102853145],[102.874854189639,16.4772535664364],[102.875025447868,16.4772168280981],[102.875079090353,16.4771934593057],[102.875100693327,16.4771622935557],[102.875109701631,16.4771294963587],[102.87510681981,16.4771092210096],[102.875105811815,16.4771070165346],[102.875100101642,16.4770933783074],[102.875048261271,16.4769923734623],[102.874968100949,16.4768311021908],[102.874952087196,16.476817431227],[102.87493711969,16.4768026265747],[102.874928601782,16.4767980214752]]]},"properties":{"id":"waterways-0094","label":"บ่อน้ำไม่มีชื่อ ม.8","sourceRecord":94,"sourceFolder":"ลำห้วย","datasetId":"waterways","sourceVersion":"2012-30","geometryDisplayRepair":false,"villageIds":["v08"],"villageId":"v08","electionIds":["e03"],"electionId":"e03","insideMunicipality":true}},{"type":"Feature","id":"waterways-0095","geometry":{"type":"Polygon","coordinates":[[[102.882002483045,16.507590333508],[102.88194406568,16.5076680367664],[102.881972247214,16.5076953965172],[102.882011833914,16.5077535327715],[102.88202356236,16.5077841065739],[102.882029454746,16.5078106034148],[102.882051079303,16.5078737989281],[102.882060109115,16.5079372847062],[102.882061025576,16.5079831281511],[102.882076426057,16.5080836067681],[102.882110183115,16.5082315450751],[102.882117504117,16.5083967715353],[102.882102760152,16.508530108871],[102.882108428811,16.5086126829311],[102.882157579231,16.5087267467088],[102.882177588256,16.5088568551621],[102.882174885113,16.5089820692519],[102.882171107818,16.5091073051328],[102.882160217635,16.5092952552608],[102.882134489911,16.5095783630389],[102.88205362373,16.5101390699755],[102.881976210923,16.5105583958971],[102.881838528381,16.5115218989613],[102.881801578102,16.5118718351269],[102.881801504188,16.5119727748923],[102.88182078035,16.5120995983488],[102.881912688369,16.5125097212285],[102.881966370992,16.5127873146187],[102.882081376186,16.513306018231],[102.882109391775,16.5135558261835],[102.882112249991,16.5135941294533],[102.882125366355,16.5136221474284],[102.882140251339,16.5136339849122],[102.882171711888,16.5136374369529],[102.882244804813,16.5136300206595],[102.882277433214,16.5136271911364],[102.882625891939,16.5136410961385],[102.882802102203,16.5136600899587],[102.886375746177,16.5138032806013],[102.886856569785,16.5138247405686],[102.886862485224,16.5138312726734],[102.886870437365,16.5138751558993],[102.886595666553,16.5218026152687],[102.886593379121,16.5218686048645],[102.886631915131,16.5220709261059],[102.886914458154,16.5229013439913],[102.887371577745,16.524139006542],[102.887378999196,16.5241423517214],[102.887409542236,16.5241285922584],[102.887411714541,16.5241156415267],[102.88684695245,16.5225665981506],[102.886690052593,16.5219706160449],[102.886651336218,16.5219122460912],[102.886641626378,16.5218815982584],[102.886643278248,16.5218114764979],[102.886662423051,16.5209989693409],[102.886751334137,16.5191048252026],[102.886848927147,16.5162903927767],[102.886875251393,16.5160026505447],[102.886888925596,16.5155360599899],[102.886907190653,16.515089568927],[102.886929627918,16.5145380265126],[102.886944191695,16.5141158324426],[102.88695558902,16.5137975278418],[102.88695165319,16.5137720613096],[102.886937368349,16.513752233584],[102.886928709651,16.5137483113704],[102.886904167665,16.5137471645057],[102.882449606605,16.5135771038404],[102.88233153428,16.5135718786629],[102.882276115685,16.5135627625166],[102.882257894576,16.5135597633222],[102.882233377592,16.5135401346382],[102.882226012235,16.5135274101441],[102.882193019075,16.5134472755136],[102.882176116226,16.5133345372421],[102.882172411465,16.513253856599],[102.882111448446,16.5130309046886],[102.882029401165,16.512695295842],[102.881885306288,16.5120822482317],[102.881868403949,16.5119695116645],[102.881851138496,16.5118386132278],[102.88186851136,16.511765613662],[102.881923720176,16.5113870729484],[102.881972778639,16.511014705313],[102.88204423318,16.5105066600662],[102.882116946203,16.5101661537826],[102.882191979036,16.5096277606854],[102.882240467731,16.5092271398452],[102.882265914815,16.5089299062644],[102.882266029185,16.5088309841115],[102.882251743219,16.5087444426187],[102.882217495779,16.5084967688131],[102.882171038327,16.5081942415763],[102.882149194599,16.5079724444519],[102.88213777605,16.5078063603995],[102.882126250302,16.5077592139069],[102.882123939705,16.5077542277521],[102.88211638541,16.5077379311027],[102.882002483045,16.507590333508]]]},"properties":{"id":"waterways-0095","label":"คลองไม่มีชื่อ ม.4-7","sourceRecord":95,"sourceFolder":"ลำห้วย","datasetId":"waterways","sourceVersion":"2012-30","geometryDisplayRepair":false,"villageIds":["v07","v04"],"villageId":null,"electionIds":["e03"],"electionId":"e03","insideMunicipality":true}},{"type":"Feature","id":"waterways-0096","geometry":{"type":"Polygon","coordinates":[[[102.854821672928,16.4871093491567],[102.854789578641,16.4871056131982],[102.8547569379,16.487113277652],[102.854724397491,16.4871218993693],[102.854690829072,16.4871328670224],[102.854661161953,16.487141653158],[102.854647482059,16.4871471144343],[102.854630429557,16.487152603658],[102.854602410205,16.4871749296148],[102.854580680131,16.4871995332535],[102.854561446702,16.4872241711237],[102.854553432813,16.4872297173204],[102.854536051093,16.4872396870012],[102.854492843239,16.4872573712971],[102.854446620114,16.4872828735075],[102.85441559591,16.4873119407609],[102.854417987207,16.487332183419],[102.854425046433,16.4873538187746],[102.854434990611,16.4873764421228],[102.854444236251,16.487400293726],[102.854459635765,16.4874252525546],[102.854481014817,16.4874525723786],[102.854504649762,16.4874663651502],[102.854539553207,16.487480282923],[102.854548962728,16.4874815475188],[102.854585693355,16.4874660200672],[102.854638355173,16.4874383959532],[102.854692506704,16.4874106775698],[102.854742659727,16.4873841066712],[102.854791350429,16.487363211899],[102.854826906794,16.4873466648559],[102.854857076568,16.4873242685074],[102.854874496047,16.4873063923624],[102.854884800413,16.4872794425015],[102.854888307883,16.4872478188667],[102.854885112249,16.487216205246],[102.854877307446,16.4871799830436],[102.854874191486,16.4871539449197],[102.854871714477,16.4871336262614],[102.854850283461,16.4871130727056],[102.854821672928,16.4871093491567]]]},"properties":{"id":"waterways-0096","label":"สระน้ำไม่มีชื่อ ม.26","sourceRecord":96,"sourceFolder":"ลำห้วย","datasetId":"waterways","sourceVersion":"2012-30","geometryDisplayRepair":false,"villageIds":["v26"],"villageId":"v26","electionIds":["e02"],"electionId":"e02","insideMunicipality":true}},{"type":"Feature","id":"waterways-0097","geometry":{"type":"Polygon","coordinates":[[[102.851897284085,16.4819402998381],[102.851883104939,16.4819405612254],[102.851860856101,16.4819431215032],[102.851489034902,16.4820855285309],[102.851476042941,16.4821051318248],[102.851476383617,16.4821223374247],[102.851741357036,16.4827780015949],[102.851761676416,16.4827905359168],[102.851777321925,16.4827923985266],[102.852182325661,16.4826364691903],[102.852190943728,16.482621250369],[102.852188332689,16.4826019329022],[102.851908410847,16.4819472606186],[102.851897284085,16.4819402998381]]]},"properties":{"id":"waterways-0097","label":"สระน้ำไม่มีชื่อ ม.26","sourceRecord":97,"sourceFolder":"ลำห้วย","datasetId":"waterways","sourceVersion":"2012-30","geometryDisplayRepair":false,"villageIds":["v26"],"villageId":"v26","electionIds":["e02"],"electionId":"e02","insideMunicipality":true}},{"type":"Feature","id":"waterways-0098","geometry":{"type":"Polygon","coordinates":[[[102.86018045247,16.4696955376017],[102.860159696618,16.4696919607285],[102.860149074333,16.4696952263682],[102.860124357281,16.4697062582272],[102.860098431211,16.4697217723356],[102.860083181704,16.4697330327173],[102.860069425483,16.4697520250701],[102.86005313973,16.4697710578061],[102.860033113294,16.4697865829937],[102.860027464964,16.4697933045353],[102.860010117498,16.4698010468882],[102.859973998751,16.4698187170136],[102.859954679769,16.4698332321243],[102.859942004189,16.4698489085217],[102.859934212271,16.4698691928919],[102.859936127377,16.4698770713667],[102.859934264625,16.4698873014321],[102.859931910534,16.4699098186894],[102.859930973712,16.4699221808736],[102.859936310953,16.4699425900876],[102.859944945986,16.4699607233409],[102.859959831861,16.4699869112689],[102.859982353422,16.4700141735888],[102.860000152473,16.4700403808141],[102.860013138362,16.4700619516973],[102.860020712334,16.470063214901],[102.860031252532,16.4700599110792],[102.860041854049,16.4700555026459],[102.860055103962,16.47004775834],[102.860069594951,16.470030971106],[102.86008803751,16.4700107842398],[102.860123448581,16.4699772778436],[102.860155107989,16.469949377952],[102.860208663908,16.4699149085667],[102.860253730254,16.4698893542668],[102.860264526056,16.4698714496628],[102.860278980769,16.4698354816901],[102.860270815888,16.4698026273284],[102.860255985994,16.4697674274038],[102.860230600053,16.4697366639495],[102.860208910267,16.4697150372299],[102.86018045247,16.4696955376017]]]},"properties":{"id":"waterways-0098","label":"บ่อน้ำไม่มีชื่อ ม.15","sourceRecord":98,"sourceFolder":"ลำห้วย","datasetId":"waterways","sourceVersion":"2012-30","geometryDisplayRepair":false,"villageIds":["v15"],"villageId":"v15","electionIds":["e03"],"electionId":"e03","insideMunicipality":true}},{"type":"Feature","id":"waterways-0099","geometry":{"type":"Polygon","coordinates":[[[102.802351043674,16.4672174927099],[102.80222552956,16.4672195934615],[102.80211160369,16.4672500077106],[102.802091566431,16.4672655996319],[102.802087432368,16.4672971640933],[102.8021117987,16.4674092616195],[102.802196928403,16.4677342088457],[102.802256281107,16.4679664191511],[102.802300070778,16.4681395936387],[102.802314255527,16.4681970916469],[102.802383193396,16.4685521025367],[102.802392426772,16.468599644093],[102.802411382775,16.4686137212329],[102.802433865828,16.4686169162773],[102.802527866261,16.4686049637547],[102.802535833931,16.4686028761627],[102.802589397837,16.4685762896627],[102.80262694703,16.4685496235265],[102.802650987011,16.4685114493896],[102.8026678471,16.4684709307468],[102.802683590675,16.4684237110017],[102.802686635931,16.4683932374021],[102.802683198699,16.4683526042255],[102.802659359292,16.4682970070784],[102.802624925696,16.4682029073438],[102.802584404099,16.4680873383372],[102.802567722437,16.4680374499428],[102.802557907763,16.4679739812275],[102.802545367775,16.4679163351331],[102.802540013973,16.4678676772438],[102.802516001191,16.4677951998376],[102.802507380124,16.4677284926261],[102.802497828423,16.4676492780849],[102.802494834856,16.4675747130714],[102.802493613925,16.4675002250057],[102.802494387422,16.4674278815901],[102.802489557844,16.4673454438008],[102.802483310801,16.4673001723232],[102.802459218323,16.4672570299766],[102.802435498292,16.4672308517549],[102.802411047484,16.4672203565683],[102.802351043674,16.4672174927099]]]},"properties":{"id":"waterways-0099","label":"สระน้ำ ม.19","sourceRecord":99,"sourceFolder":"ลำห้วย","datasetId":"waterways","sourceVersion":"2012-30","geometryDisplayRepair":false,"villageIds":["v19"],"villageId":"v19","electionIds":["e01"],"electionId":"e01","insideMunicipality":true}},{"type":"Feature","id":"waterways-0100","geometry":{"type":"Polygon","coordinates":[[[102.814786976766,16.4927685484042],[102.814870963993,16.4927479799201],[102.814923478589,16.4927360791733],[102.814973201086,16.4927241572356],[102.815023862014,16.4927078238881],[102.815064937146,16.4926923667431],[102.81508998093,16.4926802676123],[102.815124525222,16.4926546082294],[102.815142010399,16.4926378847813],[102.815151682474,16.4926074770527],[102.815154904753,16.4925804309626],[102.81514473291,16.4925384842736],[102.815138862796,16.4924989024552],[102.81513248136,16.492468339554],[102.815126981312,16.4924401318242],[102.815113127814,16.4924173588277],[102.815089806452,16.4923572470084],[102.815074133099,16.4923198013848],[102.815054602618,16.4922891105422],[102.815037666234,16.4922516879863],[102.815038218092,16.4922076586515],[102.81500774065,16.4921283067204],[102.814988238855,16.4920986945059],[102.814983280861,16.4920919103662],[102.814942932986,16.4920700291771],[102.8148964785,16.492033396655],[102.814866250637,16.492013843522],[102.814812114386,16.4919862282366],[102.814770690054,16.4919598172146],[102.814716861892,16.4919265017831],[102.814666533864,16.4919033627356],[102.814612542643,16.4918813246328],[102.81456597219,16.4918639900691],[102.814517671368,16.4918430706332],[102.814454155873,16.4918153648764],[102.814392687642,16.4917909494308],[102.81431200085,16.491752874774],[102.814240068493,16.4917261780563],[102.814159340988,16.4916959406528],[102.814097889878,16.4916704880362],[102.814062702954,16.4916576735614],[102.814020924943,16.4916425441084],[102.813964022853,16.4916340160524],[102.813889747633,16.4916264260349],[102.813819307031,16.4916189879332],[102.813757605114,16.4916115445242],[102.813707102461,16.4916087672708],[102.813658554066,16.4916003455445],[102.81360618372,16.4915964221461],[102.813568212888,16.4915959677618],[102.81354450919,16.4916002435433],[102.813526171642,16.4916125186899],[102.813515308911,16.4916406932455],[102.813511080243,16.4916733258999],[102.813502396597,16.4916992121026],[102.813502973544,16.4917286232751],[102.813510971687,16.4917670998179],[102.813512002652,16.4918258053015],[102.813502914729,16.4918856231347],[102.81350222811,16.4919465435783],[102.813513015587,16.4920042561168],[102.813514386195,16.4920369859385],[102.813520792523,16.4920607748263],[102.813532566434,16.4921026942177],[102.813553222701,16.4921480687811],[102.813569756169,16.4921900907407],[102.813590472345,16.4922150629168],[102.813627955199,16.492262908418],[102.813644584692,16.4923003367447],[102.813654630138,16.4923378122149],[102.813671429948,16.4923819668731],[102.813710657256,16.4924365433241],[102.813757535028,16.4925003316163],[102.813799586587,16.4925606177286],[102.813843779484,16.4926186441305],[102.81388322062,16.4926721491895],[102.813910338292,16.4927074982974],[102.813926361615,16.4927177437685],[102.813948215428,16.4927225194118],[102.813975997798,16.4927228195871],[102.814033947873,16.4927302610034],[102.814070209567,16.4927294895544],[102.814112038701,16.4927276211658],[102.81414443381,16.4927324578116],[102.814193942979,16.4927352548514],[102.814235710228,16.4927380019914],[102.814269051132,16.4927405646603],[102.814288063778,16.492745248691],[102.814308118576,16.4927499479728],[102.814345354833,16.4927480831193],[102.814379651538,16.4927428765514],[102.814419331664,16.4927523127153],[102.814438287844,16.4927558825054],[102.814464112307,16.4927561119036],[102.814500346195,16.4927520176728],[102.814523235667,16.4927511872211],[102.814544239651,16.4927558348533],[102.814574658442,16.4927618543664],[102.814604118241,16.4927655670373],[102.814639203946,16.4927636322339],[102.814678514213,16.4927639906285],[102.814718197316,16.4927678115928],[102.814786976766,16.4927685484042]]]},"properties":{"id":"waterways-0100","label":"หนองทุ่ม","sourceRecord":100,"sourceFolder":"ลำห้วย","datasetId":"waterways","sourceVersion":"2012-30","geometryDisplayRepair":false,"villageIds":["v03"],"villageId":"v03","electionIds":["e01"],"electionId":"e01","insideMunicipality":true}},{"type":"Feature","id":"waterways-0101","geometry":{"type":"Polygon","coordinates":[[[102.840928629514,16.488872785569],[102.840909212563,16.488799191969],[102.840891363107,16.4887798566251],[102.840882815728,16.4887796808547],[102.840850323076,16.4887850117503],[102.840805498253,16.4887924831617],[102.840714051984,16.4887994196021],[102.84063397584,16.488814456113],[102.840537630193,16.4888156700215],[102.840422179142,16.488837082813],[102.840329855006,16.4888485349464],[102.840307826578,16.4888618408863],[102.840287593266,16.4888887131189],[102.840277551849,16.4889214180367],[102.840265526034,16.4889834360094],[102.840257468174,16.4890488124336],[102.840243369399,16.4891028471715],[102.840243012146,16.4891683770631],[102.840233708618,16.4892303449864],[102.840229065037,16.4893116246414],[102.840228229977,16.489383928681],[102.840225092935,16.4894324401792],[102.840253301941,16.4894820969118],[102.840300371805,16.4894894639534],[102.840474760572,16.4894636208689],[102.840678633445,16.4894187142108],[102.84078692594,16.489394086265],[102.840891116162,16.4893777661846],[102.840961192553,16.4893620715899],[102.841005399383,16.4893324485785],[102.841034054836,16.4892940191887],[102.841003677412,16.4891796723089],[102.840983420738,16.4891083119951],[102.840953941542,16.488998386032],[102.840928629514,16.488872785569]]]},"properties":{"id":"waterways-0101","label":"ม.2","sourceRecord":101,"sourceFolder":"ลำห้วย","datasetId":"waterways","sourceVersion":"2012-30","geometryDisplayRepair":false,"villageIds":["v02"],"villageId":"v02","electionIds":["e01"],"electionId":"e01","insideMunicipality":true}},{"type":"Feature","id":"waterways-0102","geometry":{"type":"Polygon","coordinates":[[[102.865106329826,16.4603171815189],[102.865077521121,16.4603161718267],[102.865047234625,16.4603213600462],[102.864989983581,16.4603378520246],[102.864873943389,16.4603739492121],[102.864643459339,16.4604461166329],[102.86417271789,16.4605813686505],[102.864017132799,16.4606398034405],[102.863974271087,16.4606560293782],[102.863953101614,16.4606992366861],[102.863953086402,16.4607275050578],[102.863973000346,16.460790927641],[102.86403003425,16.4610230411914],[102.864122940917,16.4613876353424],[102.864193255345,16.4616672857917],[102.864237379929,16.4618393588844],[102.864242105375,16.4618574911003],[102.864257220071,16.4618666703551],[102.864271453532,16.4618736129234],[102.864304882863,16.4618694088254],[102.864355400905,16.4618598290948],[102.864450423098,16.4618347941538],[102.864586899801,16.4617989005077],[102.864730700838,16.4617541131371],[102.864935519023,16.4617053877015],[102.865086942758,16.4616605296446],[102.865259220655,16.4616127092593],[102.865375433309,16.4615822107234],[102.865391856394,16.461580095485],[102.865406235154,16.4615463493273],[102.865414902187,16.4615080539187],[102.865413023655,16.4614888288252],[102.865369721437,16.4612986351609],[102.865291185415,16.4609884349546],[102.865207635683,16.4606612031619],[102.865141957713,16.4604087115699],[102.865132447543,16.4603656442866],[102.865125102576,16.460340796195],[102.865106329826,16.4603171815189]]]},"properties":{"id":"waterways-0102","label":"สระน้ำไม่มีชื่อ ม.16","sourceRecord":102,"sourceFolder":"ลำห้วย","datasetId":"waterways","sourceVersion":"2012-30","geometryDisplayRepair":false,"villageIds":["v16"],"villageId":"v16","electionIds":["e03"],"electionId":"e03","insideMunicipality":true}},{"type":"Feature","id":"waterways-0103","geometry":{"type":"Polygon","coordinates":[[[102.885008594499,16.5005746240427],[102.885110647294,16.5004713254254],[102.88488139076,16.5002615655015],[102.884882634697,16.500260121309],[102.884828139838,16.5002251628752],[102.884810704949,16.5002132438431],[102.884810357932,16.5002137555605],[102.884808885741,16.5002128112377],[102.884568477529,16.5000208729843],[102.884382744865,16.499907859798],[102.884126025402,16.4997764928354],[102.883940332105,16.499697707055],[102.883749181451,16.4996215597396],[102.883599003852,16.4995716966795],[102.88342170484,16.499495088304],[102.883422413351,16.4994940402427],[102.883258475081,16.4994143591015],[102.8831187137,16.4993629367642],[102.883025560098,16.4993480618612],[102.882928942228,16.4993198827108],[102.882885805998,16.4993049552508],[102.88284095483,16.499296684001],[102.882597683196,16.4992254053582],[102.882482108171,16.4992088927865],[102.8824148386,16.4992089655634],[102.882375175254,16.4992139979473],[102.882330343773,16.4992240283695],[102.88207695119,16.4993590574322],[102.881944215045,16.4994240834531],[102.881885590987,16.4994391179294],[102.881814875081,16.4994391914579],[102.881754525649,16.499454230917],[102.881716600626,16.4994742362046],[102.881621819884,16.4995492028259],[102.881594263626,16.4995858350613],[102.881573622388,16.4996357678223],[102.881561580146,16.4996640625916],[102.881551248605,16.4996807117701],[102.881551665183,16.499680872745],[102.88154919117,16.4996849725643],[102.881541097593,16.4996980180396],[102.881520847712,16.4997175926855],[102.881495178561,16.4997280515998],[102.881466806952,16.4997359036312],[102.881437077045,16.4997385406387],[102.881374895262,16.4997242674463],[102.88115992155,16.4996527965863],[102.881124784751,16.4996528354414],[102.881108570023,16.4996567621631],[102.881091012625,16.499667210963],[102.881024849501,16.4997220321467],[102.880906075896,16.4998655583083],[102.880883151324,16.499909905243],[102.880856203927,16.4999842393308],[102.880850847819,16.5000285691105],[102.880840128375,16.5001146194921],[102.88081457248,16.5002228478791],[102.880810560826,16.5002619620084],[102.880805180549,16.5002880396792],[102.880795736346,16.5003023905459],[102.880778187181,16.5003219636561],[102.880755233584,16.5003415443103],[102.88073362358,16.5003546019634],[102.880707971633,16.5003767915674],[102.880653948278,16.5004120481288],[102.880563454875,16.5004668957005],[102.880520249299,16.5005060509602],[102.880493243926,16.5005295451009],[102.880475704411,16.5005543330345],[102.880470327718,16.5005817161992],[102.880467662141,16.5006169157017],[102.880460938428,16.5006469052524],[102.880451510365,16.5006755980155],[102.880388832892,16.5007994208177],[102.880343828528,16.500883653554],[102.880238297205,16.5010609780783],[102.88014831952,16.5011948144961],[102.880111948438,16.5012199308328],[102.880068629465,16.5012300076478],[102.88002529629,16.501230055277],[102.879874517094,16.5012385747194],[102.879758413342,16.5012621045142],[102.879701220232,16.5012638370648],[102.879624956538,16.5012605755098],[102.879585095784,16.5012656336803],[102.879553904694,16.5012740278365],[102.879513630129,16.5012801412015],[102.879513634349,16.5012795095458],[102.879421472818,16.5012959138773],[102.879339938793,16.5013123985453],[102.879237293384,16.501311658144],[102.878975444856,16.5012995215204],[102.878815953526,16.5013256832862],[102.878741572273,16.5013319737763],[102.878500758901,16.5013473072657],[102.878380258647,16.5013669192372],[102.878291670994,16.5013799363902],[102.878235036321,16.5013795261423],[102.878196234753,16.5013621758368],[102.878168130211,16.5013346595663],[102.878143618603,16.5013003412045],[102.877959909886,16.5007971384525],[102.877950084921,16.5006946444075],[102.877936271465,16.5006501636441],[102.877919024778,16.5005919981049],[102.877905076011,16.5005645859977],[102.877884078524,16.5005337057456],[102.877656052476,16.5002691781779],[102.877625047081,16.500159702503],[102.877615139738,16.5000674523271],[102.877591053342,16.4999785124537],[102.877556189094,16.4999099778788],[102.877531730506,16.4998688337442],[102.877510889305,16.4998174729426],[102.877490209793,16.4997456279424],[102.877469368605,16.4996942662292],[102.87740651759,16.4994565201194],[102.877396018928,16.4994232468727],[102.877381123824,16.4994023909194],[102.877361859814,16.4993898022754],[102.877338264752,16.4993813325694],[102.877312580969,16.4993645476746],[102.877289130453,16.4993374049082],[102.877259289617,16.4993019176749],[102.877246478564,16.4992893760785],[102.877220779205,16.4992746684496],[102.877201599038,16.4992517049987],[102.877172351191,16.4991394518649],[102.877174646092,16.4991207939077],[102.877176414124,16.4991079300955],[102.87717942205,16.4991066796427],[102.877178058903,16.4990969506773],[102.877179188959,16.4990897026228],[102.877177150853,16.4990904848375],[102.877177081824,16.4990899781497],[102.877165003928,16.4990541402261],[102.877147910153,16.4990277978644],[102.877151610282,16.4989735947178],[102.877156752675,16.498963924474],[102.877181807222,16.4989399463612],[102.877210404632,16.4989352928154],[102.877294879495,16.498876311527],[102.877342212402,16.4988265996236],[102.877372232004,16.4987791464292],[102.877384919458,16.4987363342527],[102.87739264293,16.4986958699143],[102.877397992243,16.4986434713325],[102.877406826425,16.4984600041729],[102.877407674397,16.4983503716292],[102.877401203992,16.4982287667463],[102.8773722407,16.4978190483057],[102.877346906164,16.4974986560891],[102.877342243628,16.4973823445257],[102.877332667033,16.4971819203403],[102.877298087065,16.4970975953594],[102.877287457025,16.4970331182068],[102.877262520844,16.496900560888],[102.877260958399,16.4968629829956],[102.877259408884,16.4968236156902],[102.87725251808,16.4967555899904],[102.87725852635,16.4966983872938],[102.877256851053,16.4966751203655],[102.877257669764,16.4965695836784],[102.877231785343,16.4964773323613],[102.877227111547,16.4964530672814],[102.877218144902,16.4964136464358],[102.877210894325,16.4963921305602],[102.877173058327,16.4962487456885],[102.877160257345,16.4962253993473],[102.877136373186,16.4961966052864],[102.877132816299,16.4961769002111],[102.877136635921,16.4961626178529],[102.87714621311,16.4961233299317],[102.877130840606,16.4959532740523],[102.877123756527,16.4959102886106],[102.877113059184,16.4958547558289],[102.877106042687,16.4958028286789],[102.87709901508,16.4957526882002],[102.877091971763,16.4957043380874],[102.87705586687,16.4955770659644],[102.877044950335,16.4955501549874],[102.877035885712,16.4955232556364],[102.877026959893,16.4954784682918],[102.877017951738,16.4954444139046],[102.876972701042,16.4953009789369],[102.876963650316,16.4952722901469],[102.876952717164,16.4952471695428],[102.876936222527,16.4952220060385],[102.876910439359,16.4951985650765],[102.876882817245,16.4951733239692],[102.876788780715,16.4951028814017],[102.876759221522,16.4950883598513],[102.876727835348,16.4950702469526],[102.876663442399,16.4950035964752],[102.876634077619,16.4949640318814],[102.876527713547,16.4948094236962],[102.876505642774,16.4947860093792],[102.876489006607,16.4947787356774],[102.876463127331,16.4947678188363],[102.87643536456,16.4947604638789],[102.876407577761,16.4947566868096],[102.876379832624,16.4947475432446],[102.876365120599,16.4947313366597],[102.87635226429,16.4947151452465],[102.876339423728,16.4946971643653],[102.876333970612,16.4946828141603],[102.876330360252,16.4946702676411],[102.876331526481,16.4946442465705],[102.876333010897,16.4946439320954],[102.876337218484,16.4945795619001],[102.876341804747,16.4944668914023],[102.876338594334,16.4944024685423],[102.87631186762,16.4940230245264],[102.876302727287,16.4937671428497],[102.876293804608,16.4937223553628],[102.876282941975,16.4936882866036],[102.876268370834,16.4936541919482],[102.876250036609,16.4936272291074],[102.876158340216,16.4934941918758],[102.87614187557,16.4934654529598],[102.876110503591,16.4934455495635],[102.87609202766,16.4934364738622],[102.876073553563,16.4934273963204],[102.876049543091,16.4934147024409],[102.876034804405,16.4934020755538],[102.876025641907,16.4933876985424],[102.876018391571,16.4933661789607],[102.876007390115,16.4933499999898],[102.875998216527,16.4933374114549],[102.875977972009,16.4933175875023],[102.875965087149,16.4933049749198],[102.875950378076,16.4932887673194],[102.875939388678,16.4932708007483],[102.875935831149,16.4932510983343],[102.875936012731,16.4932278447082],[102.875977686372,16.4931154376636],[102.875998362458,16.493079805421],[102.876084554881,16.4929659269208],[102.876196805942,16.4928397144623],[102.876224805499,16.4928166581635],[102.876252786478,16.4927953904796],[102.8762677196,16.4927829734231],[102.876282694414,16.4927651907747],[102.876293959777,16.4927473813434],[102.876299635077,16.4927331105682],[102.876303526023,16.492709881027],[102.876302330278,16.492667129949],[102.876329685135,16.4923941515414],[102.87634299241,16.4921518264049],[102.876367764234,16.4919040725209],[102.876388437579,16.4918160679483],[102.876405785226,16.4917886430579],[102.876434552982,16.4917613012225],[102.876463409618,16.4917229411841],[102.876492287918,16.491681822544],[102.876512617843,16.4916378923534],[102.876524405782,16.4915911423751],[102.87654398192,16.4912772313792],[102.876541424472,16.4912386478432],[102.876527468658,16.491197224454],[102.876516154597,16.4911833709963],[102.876450690482,16.4911553548299],[102.876413568358,16.4911550919959],[102.876376423495,16.4911575814597],[102.876353601491,16.4911546676187],[102.876327986386,16.4911434651587],[102.876299517697,16.4911322434796],[102.876271091577,16.491115511827],[102.876237037833,16.4910877228051],[102.876222909023,16.4910683393076],[102.87621459625,16.4910352246872],[102.876226192185,16.4910132668804],[102.876246373586,16.4909886197949],[102.876283729441,16.490958583257],[102.876461888836,16.4908165950905],[102.876507876321,16.4907783564982],[102.876665686639,16.4906830551319],[102.876701624251,16.4906603143465],[102.876702445049,16.4906610976073],[102.876705985059,16.4906575536983],[102.876708736185,16.4906558118025],[102.876725998603,16.4906394068475],[102.876725150172,16.4906383633478],[102.876841326254,16.4905220335029],[102.876866354604,16.4904676139868],[102.876891348581,16.4904179427798],[102.876916307233,16.4903730189971],[102.876933936965,16.4903209193789],[102.876956856398,16.4902213838021],[102.876971991022,16.4901740168198],[102.876999480075,16.4901196147819],[102.87706898707,16.4900417716838],[102.877144023912,16.4898856319124],[102.877156770175,16.4898287507679],[102.877164613046,16.4897694614006],[102.877165113606,16.4897053711902],[102.877153326657,16.4896388212598],[102.877071034023,16.4894625773974],[102.876775096331,16.4892302214991],[102.87668712435,16.4891512612154],[102.876640986156,16.4890725972094],[102.876585367721,16.4889463924079],[102.876570265092,16.4888913382294],[102.876573389954,16.4888424907151],[102.876636350756,16.4886783033727],[102.876653908776,16.4885734519941],[102.876671624429,16.4884484124121],[102.876672190758,16.4883757413912],[102.876672629212,16.4883192168166],[102.876685594125,16.4882668221615],[102.876753860201,16.4880997429827],[102.876771022619,16.4880453594439],[102.876777663168,16.4879989739051],[102.876771700852,16.4879585552135],[102.876713800258,16.4878693175919],[102.876636848482,16.4878082076793],[102.876593156044,16.4877755980923],[102.876547375116,16.4877429731176],[102.876516567442,16.4876680638901],[102.876515531449,16.4872896252899],[102.876517633821,16.4872622857947],[102.876534860632,16.4871998249812],[102.876545543857,16.4871716369175],[102.876556163618,16.4871515234231],[102.876589819284,16.4871295514423],[102.876627549294,16.4871217405486],[102.876683997489,16.4871282006209],[102.876704891711,16.4871323836789],[102.876740403541,16.4871407083815],[102.876771727216,16.4871490052425],[102.876832393391,16.4871514540543],[102.876901388236,16.4871600117318],[102.87695374616,16.4871543274841],[102.877309812364,16.4871144424473],[102.877328646119,16.4871145755649],[102.877345353139,16.4871187316167],[102.87735778339,16.4871349706639],[102.877374273073,16.4871673866918],[102.877411814603,16.4871837984101],[102.87749867493,16.4871774158336],[102.877522764592,16.4871803809923],[102.87756677424,16.4871669514101],[102.877582247946,16.487153106877],[102.877581877666,16.4871523116454],[102.877675158769,16.4870703397433],[102.877954188968,16.486661663995],[102.878025918873,16.4866116998977],[102.878087873398,16.4865953900275],[102.878211968611,16.4865389093529],[102.878312320064,16.4864776760659],[102.878377077834,16.4864070118646],[102.878444302271,16.4863248973531],[102.878482884422,16.4862563476925],[102.878523953704,16.4861740438946],[102.878541886756,16.4860089943993],[102.878449682565,16.4856344028526],[102.878271685811,16.4849793192711],[102.878262708395,16.4849104291297],[102.878234390302,16.4848827025152],[102.878180017928,16.4848410270876],[102.878158655594,16.4848362880141],[102.878151539219,16.4848339443313],[102.878139719535,16.4848246819465],[102.878127923381,16.4848131292002],[102.878123273669,16.4847993316113],[102.878123506563,16.4847695086549],[102.878140421014,16.4847352130268],[102.878162016245,16.4847101300512],[102.878159115375,16.4847103138263],[102.87818413964,16.4846882267419],[102.878206652451,16.4846561676362],[102.878216096718,16.4846347532295],[102.878214476933,16.4846043123376],[102.8782037107,16.4845576986885],[102.87817341359,16.4843981793816],[102.878159661274,16.4842584660121],[102.878154275854,16.4842351596767],[102.878133925691,16.4842278556343],[102.878113573678,16.4842205525262],[102.878108089287,16.4842097749376],[102.878106569505,16.4841668079784],[102.878096849953,16.4837478835979],[102.878113670224,16.4837318937878],[102.878132279459,16.4837248644499],[102.878143466419,16.4837177816081],[102.878149103357,16.483708869157],[102.878156718904,16.4836838643458],[102.878153163119,16.4836641465989],[102.878147766656,16.4836426296364],[102.87810922263,16.483588661212],[102.878109336379,16.483574340309],[102.878125153874,16.4834491556232],[102.878134668376,16.4834187895525],[102.878136678385,16.4833991128518],[102.878129395822,16.4833811623238],[102.878107245702,16.4833666862609],[102.877985764285,16.4832423276471],[102.877974772431,16.4832243476126],[102.877948911265,16.4832098474757],[102.877910146328,16.4831845170665],[102.877783167892,16.4830511709915],[102.87770785816,16.4829539819561],[102.87764151815,16.4828962354355],[102.87763804394,16.4828657829176],[102.87763278537,16.4828263644165],[102.877619994537,16.4828012150314],[102.877605544341,16.4827509947825],[102.877598486678,16.4827044033504],[102.877609951266,16.4826615265139],[102.877611849335,16.4826561670766],[102.877643472302,16.4826456481583],[102.877660126898,16.4826511351568],[102.87767671114,16.4826655702273],[102.877691565747,16.4826638870193],[102.877697132335,16.4826639226552],[102.877702770229,16.4826550111023],[102.87770297933,16.4826281624074],[102.877708711594,16.4826067230872],[102.877727370748,16.4825925388915],[102.877732969692,16.482588991069],[102.877751700075,16.4825658560759],[102.877759249916,16.4825497956542],[102.877766851582,16.482526578481],[102.877778176362,16.4825015977728],[102.877800593723,16.4824820638233],[102.877922992884,16.4824925942191],[102.877973310244,16.4825248678286],[102.877993557271,16.4825631239061],[102.878021930263,16.4825724733739],[102.878064558815,16.482577344709],[102.878114959932,16.4825990431903],[102.878135411225,16.4826113817805],[102.878156010704,16.4826039031889],[102.87816245359,16.4825887005983],[102.878164186012,16.4825688901038],[102.878159778814,16.4825261662091],[102.878169061194,16.482349365712],[102.878163178621,16.4822929116119],[102.878127703308,16.4821813583767],[102.87810302581,16.4821034284629],[102.87810012725,16.4820698624222],[102.878111414194,16.4820409702317],[102.878117679414,16.4818458485907],[102.878114758904,16.4816125443676],[102.878115508968,16.4815164898716],[102.878102668092,16.4813395297489],[102.878078515108,16.4811945109887],[102.878059398778,16.4810114065677],[102.878039975895,16.4808679430068],[102.877981157744,16.4805076821645],[102.877978395336,16.4804296693771],[102.877943292339,16.4801633334707],[102.877945376922,16.4801496463646],[102.877967340016,16.4801131999795],[102.877974536951,16.4801091334868],[102.878009784861,16.4800937319859],[102.878121799395,16.4800759990403],[102.878240417208,16.4800305678563],[102.878368602211,16.4799882847633],[102.878438843945,16.4799980273906],[102.878512307755,16.4800047047778],[102.878592282053,16.4799960095787],[102.878672332765,16.4799780621117],[102.878730032299,16.4799568744544],[102.878739776581,16.4799486400586],[102.878752250436,16.4798914870681],[102.878743734764,16.4798397753999],[102.878725038238,16.4797779651897],[102.878687118332,16.4797221905747],[102.878614206085,16.4796445821384],[102.878576429839,16.4795703067919],[102.878516109767,16.4795174570531],[102.878200654032,16.4793919017874],[102.87811491108,16.4793203733327],[102.878066205394,16.4792723145008],[102.878032049727,16.4792194075979],[102.878007013549,16.479173129047],[102.877995049698,16.4791159874556],[102.878021438198,16.4790113116001],[102.878000869879,16.4787798614151],[102.877995393014,16.478662628313],[102.877953338982,16.4784309470285],[102.877951170578,16.4783538714728],[102.877953778594,16.4782614023217],[102.877952047101,16.4782492206161],[102.87796231128,16.4781822018797],[102.877962280037,16.4781613991502],[102.877948181089,16.4781083663304],[102.877926042019,16.4779830306617],[102.877847214252,16.4777792987247],[102.877788517566,16.4776813210467],[102.877693477999,16.4774619045287],[102.877535531714,16.4772482637677],[102.877363401775,16.4770208991758],[102.877290636365,16.4768348053509],[102.877126786203,16.4765017390601],[102.876979005294,16.4762763772812],[102.876857476787,16.4761371937566],[102.876705632629,16.4759177004232],[102.876604402308,16.4757726779188],[102.876533496159,16.4757020930461],[102.876322808498,16.4754883859693],[102.876211433392,16.4753453098091],[102.876083729342,16.4752668050661],[102.875903441076,16.4750766410691],[102.875832627229,16.4749473288942],[102.875802299426,16.4748768104777],[102.87576377876,16.4748591313105],[102.875729300475,16.474849291787],[102.875577133967,16.474849056351],[102.875524387259,16.4748450619905],[102.875467897423,16.4748404594208],[102.875397497463,16.4749314734956],[102.8754814865,16.4750368392761],[102.875534003537,16.4751915691191],[102.875621090604,16.475293500212],[102.875669762392,16.4753092371783],[102.875821753442,16.4752748236191],[102.875904555365,16.4752981742898],[102.875940290455,16.4753230816225],[102.875992313827,16.475376573581],[102.876057345537,16.4754426580039],[102.876288148231,16.4757163831631],[102.87642136511,16.4759176864244],[102.87659035593,16.4761536115018],[102.876782028466,16.4764649837167],[102.876941216115,16.4767228895856],[102.877009469962,16.4768141237375],[102.877061440366,16.476905326987],[102.877197906757,16.4771129237356],[102.877256402904,16.4771978596702],[102.877308417929,16.4772607879798],[102.877363641062,16.4773551427886],[102.877422064849,16.4774872111469],[102.877538948471,16.4777293527999],[102.877607019591,16.4779431353321],[102.877671838592,16.478156916799],[102.877704966877,16.4782954814042],[102.877758687711,16.4785201631625],[102.877759909877,16.478525276125],[102.877759535595,16.4785284544993],[102.877722299533,16.4788426982895],[102.877733880366,16.4789969802794],[102.877782233943,16.4791123910283],[102.877797137725,16.4791496880118],[102.877804871618,16.4793089415165],[102.877812594335,16.4794679137206],[102.877821614664,16.4795405944629],[102.877855706497,16.4796331287528],[102.877891124828,16.4797351626252],[102.877840078844,16.48013264496],[102.877832563887,16.4801658394579],[102.877837671158,16.4802196770148],[102.877873771839,16.4804977887353],[102.877885958391,16.4807586103968],[102.877931186477,16.4810379565853],[102.877962694461,16.4812531697068],[102.877996717704,16.4815507319021],[102.878024279535,16.481866543912],[102.877996439436,16.4819913760887],[102.877957836716,16.4820780152453],[102.877869591362,16.4822481637163],[102.877813698464,16.4823224858716],[102.877783343008,16.4823649653404],[102.877675033142,16.4824739848074],[102.8775507258,16.4826072957218],[102.877487018016,16.4826708852669],[102.87747717912,16.4827165532862],[102.877481728329,16.4827409831538],[102.877509663276,16.4828067417376],[102.877562698252,16.4828955427648],[102.877562234088,16.482955003722],[102.877586486159,16.4830878177128],[102.877608119408,16.4831504820917],[102.877629920001,16.4831918014021],[102.877659779187,16.4832133552025],[102.877732184401,16.4832504546877],[102.87780947162,16.483269292103],[102.877948364484,16.4832916100893],[102.878019142384,16.4833347937963],[102.878040980891,16.4833715370014],[102.878039056857,16.4834157399195],[102.878020891008,16.4835112749739],[102.878025885766,16.4835354863161],[102.878042750016,16.483549935989],[102.878072534569,16.4835806390622],[102.878081780683,16.4836111937412],[102.878065657497,16.4836522478928],[102.878025673254,16.4839157322512],[102.87802045768,16.4839766834802],[102.878029488862,16.4840346797336],[102.878049577841,16.4840927612534],[102.878047830863,16.4841140923207],[102.878035046814,16.4841322971352],[102.878033274656,16.4841566800976],[102.878037755718,16.4841902537494],[102.878060948362,16.4842559756947],[102.878060508632,16.4843123820321],[102.878052296345,16.4843519666397],[102.878042733739,16.4843625697066],[102.878037779841,16.4843899801505],[102.878036007654,16.4844143613091],[102.87800639896,16.4845635665124],[102.877990180335,16.4846168137206],[102.877910397496,16.4847153566126],[102.877878744326,16.484721233187],[102.877872240359,16.4847285448905],[102.877869377796,16.4847287270483],[102.87786206696,16.4847516167333],[102.877861781409,16.4847883212748],[102.877882805578,16.4848366464986],[102.877922927304,16.4848759285007],[102.877960827528,16.4848945476749],[102.877986894973,16.4849062018319],[102.878003396233,16.4849246696498],[102.878057586447,16.4849892865438],[102.878093058557,16.4850147727126],[102.87809997679,16.48504235074],[102.878104409582,16.4850836765534],[102.878094593611,16.4851226079287],[102.87809439737,16.4851478440417],[102.878103678038,16.4851777330985],[102.878134393352,16.4852031830447],[102.878160174438,16.485251541715],[102.878159583778,16.485327244671],[102.878149766918,16.4853661778697],[102.878142473003,16.485386772813],[102.878137539664,16.4854096797228],[102.878134982877,16.4854326047697],[102.878149000617,16.4854648194133],[102.878160567714,16.4855061959355],[102.878204868982,16.4856189196097],[102.878223571275,16.4856603450148],[102.878206567524,16.4857061072743],[102.878215705541,16.4857543490293],[102.878217688644,16.4858048339877],[102.878217455799,16.4858346569391],[102.878243129032,16.4858967787739],[102.878264155303,16.4859451020711],[102.878292422903,16.4859797119879],[102.878325534639,16.4860028852059],[102.87835142293,16.486037478833],[102.878355910322,16.4860719239164],[102.8783484897,16.4861085777489],[102.878331734842,16.486122227753],[102.878307886898,16.4861312347103],[102.878286396754,16.4861425545817],[102.878264566694,16.486197458778],[102.878225645518,16.4863095945271],[102.87815098163,16.4864306612125],[102.878119872587,16.4864556754331],[102.878067363509,16.4864805410748],[102.877981423312,16.4865235247744],[102.877890759119,16.4865618863692],[102.877816796355,16.4865934831559],[102.87773523527,16.486684671488],[102.877682258422,16.4867691839256],[102.877658287277,16.4867942469493],[102.877646039255,16.4868400436305],[102.877612359066,16.4868902730459],[102.877538125607,16.4869562787011],[102.877498561033,16.4869730516214],[102.87749828652,16.4869724630329],[102.877473807481,16.486983547802],[102.877468938184,16.4869856123235],[102.877468978023,16.4869857342908],[102.8774524591,16.486993214757],[102.877406870711,16.4870121665469],[102.877333550623,16.487021746162],[102.877266573351,16.4870232916273],[102.877151355602,16.4870386320199],[102.877113722588,16.4870343266095],[102.877078227536,16.4870239815074],[102.877032318056,16.487007508488],[102.877003115554,16.486995189736],[102.876973944777,16.4869788336963],[102.876946837319,16.4869665301861],[102.876917557368,16.4869643036907],[102.876877815388,16.4869620042943],[102.876814975067,16.4869696406545],[102.876747885754,16.486985314657],[102.876684986556,16.4870010218544],[102.876561273792,16.4870324507255],[102.876542365375,16.4870424106617],[102.876470713701,16.4871065094546],[102.87644511609,16.4871689108713],[102.876426079841,16.4871950226646],[102.876413147527,16.4872433800049],[102.876410951954,16.4872675931076],[102.876410866779,16.4872675892747],[102.876410590558,16.4872715589164],[102.876408570182,16.4872938180891],[102.876409036704,16.4872938121383],[102.876394380908,16.4875036765338],[102.876370702811,16.4875882973962],[102.876353680277,16.4876245131872],[102.876347104033,16.4876628250463],[102.876355253716,16.4876911490277],[102.876382171847,16.4877276780982],[102.876513183781,16.4878335824905],[102.87656099724,16.4878742963721],[102.87658788648,16.4879148608304],[102.876602237264,16.4879533184365],[102.876601307937,16.4880724200017],[102.876586144444,16.4881389324635],[102.876573242091,16.4881832561734],[102.876538803315,16.4883061555977],[102.876534351055,16.4883404436744],[102.876542469988,16.4883728030983],[102.876556850692,16.4884072243534],[102.876558534225,16.4884597224795],[102.876445103138,16.4887891645534],[102.876444646104,16.4887890837122],[102.876437453241,16.4888113820414],[102.876436522237,16.48881417015],[102.87643273419,16.4888260040746],[102.876432543319,16.4888506708002],[102.876432377095,16.4888719770649],[102.876433418725,16.4888876831626],[102.876436354778,16.488958350247],[102.876447822733,16.488978617729],[102.876479834331,16.4890472456287],[102.876563750755,16.4891678256957],[102.876597057273,16.4892196448527],[102.876638482907,16.4892737638324],[102.876719061014,16.4893752553696],[102.876750237015,16.4894023904057],[102.876774524407,16.4894182587049],[102.876848381322,16.4894871870834],[102.876882963859,16.4895244372118],[102.876908299621,16.4895548917519],[102.876951850402,16.489634818119],[102.876956258776,16.4896659110393],[102.87695566844,16.4897418694008],[102.876950119329,16.4898225366549],[102.876919706098,16.4899362648706],[102.876888302226,16.4900034586713],[102.876855205724,16.490080642994],[102.876849571434,16.4900948092426],[102.876836863217,16.4901469438148],[102.87684394897,16.4901849768171],[102.876851125295,16.4902111380558],[102.876855880863,16.4902325352046],[102.876855678666,16.4902586457387],[102.876848076911,16.490287074382],[102.876830576815,16.4903225565438],[102.876778314087,16.4903981486743],[102.876671789303,16.4904899699889],[102.876630437882,16.4905319778854],[102.876630109775,16.4905316564567],[102.876584892969,16.4905746329395],[102.876553123066,16.4905858674634],[102.876537264407,16.4905883010753],[102.876485625989,16.4906083079961],[102.876461706141,16.4906285141019],[102.876449648058,16.4906513520705],[102.87641509028,16.4906816687175],[102.876380661552,16.4906954301672],[102.876363380839,16.4907105912278],[102.876327404607,16.4907536289424],[102.876308008626,16.4907728280623],[102.876248120929,16.4908263183122],[102.876204419425,16.4908753694806],[102.87617852527,16.4908999791316],[102.876135458498,16.4909299772851],[102.876106751427,16.4909490568753],[102.87609807808,16.4909627697477],[102.876095094857,16.490979277768],[102.876091982913,16.4910123121078],[102.876099754521,16.4911142952128],[102.876108064549,16.4911474135008],[102.876116393493,16.4911777750425],[102.876133441184,16.4911889145882],[102.876141968779,16.491194484742],[102.876184735682,16.491203052788],[102.876238946326,16.4912089506734],[102.876307397316,16.4912204552119],[102.87634157607,16.4912317188714],[102.876372860439,16.4912484678326],[102.876389865603,16.4912651182229],[102.876406849023,16.4912845236039],[102.87642378985,16.4913094371467],[102.876437747472,16.4913508578051],[102.876446013092,16.4913894833614],[102.87641632309,16.4915352770002],[102.876410099339,16.4916013456674],[102.876392449961,16.4916673358904],[102.876371991374,16.4917277950952],[102.876319756318,16.4918348592111],[102.876305134606,16.4918788350197],[102.876261037429,16.4920410537018],[102.876237702449,16.4921042460007],[102.876231541117,16.4921620506514],[102.876228212665,16.4922226340007],[102.876230491044,16.4922970278785],[102.876229933854,16.4923686485215],[102.876229505315,16.4924237410448],[102.876202714079,16.4925640411953],[102.876194586292,16.4926414125961],[102.876192788465,16.4926411103278],[102.876190640156,16.4926786642297],[102.876188591855,16.4927036938558],[102.876180952573,16.492732263055],[102.876159914401,16.4928144052325],[102.876146709986,16.4928429333707],[102.876120416994,16.4928856804127],[102.876075520289,16.4929354521766],[102.876053029276,16.4929657027646],[102.876034279249,16.4929924030065],[102.876013671704,16.4930190908086],[102.875946231139,16.4931062690201],[102.8759162286,16.4931489883635],[102.875908642053,16.4931704025899],[102.875897236729,16.4932060991444],[102.875896960697,16.4932418751427],[102.875905870275,16.4932884511859],[102.875924108177,16.4933279400878],[102.875989754711,16.4934715220689],[102.876013516034,16.4935164140015],[102.876176808605,16.4937429873558],[102.876187588745,16.4937877854853],[102.876192902018,16.4938200264361],[102.876200069021,16.4938522771858],[102.876219467276,16.4939812203756],[102.876219146842,16.494022362003],[102.876217015249,16.4940581255172],[102.876207451765,16.4940956248895],[102.876194247313,16.4941241530451],[102.876182856878,16.4941580619677],[102.876178883487,16.4941920226786],[102.876180488208,16.494224235027],[102.876180281712,16.4942510665563],[102.876190838751,16.4943244865929],[102.876193936201,16.4944032240573],[102.876201005084,16.4944479963346],[102.876203908974,16.4945517741062],[102.876211061259,16.4945858161011],[102.87622377869,16.49461989734],[102.876229800109,16.4946423455789],[102.876228575651,16.4946427057538],[102.876259017278,16.4947824568457],[102.876269908699,16.4948129467098],[102.876291869257,16.4948506701827],[102.876319407952,16.4948866452814],[102.876346946639,16.4949226194722],[102.876484944895,16.4950631417988],[102.876508859347,16.4950883570716],[102.876553045424,16.4951298182409],[102.876639745251,16.4951894726306],[102.876706311401,16.4952149940153],[102.876756257071,16.4952314513373],[102.876780240982,16.4952477221171],[102.876844465633,16.4953358394243],[102.87685905278,16.4953681436192],[102.876873551973,16.4954111808766],[102.876875059709,16.4954559155987],[102.876889700552,16.4954810657072],[102.876954813086,16.495694409495],[102.876969202263,16.4957517585553],[102.876962210264,16.4959359657062],[102.876954346171,16.4959931541477],[102.876940741119,16.4960735568657],[102.876889906883,16.4961715826218],[102.876863709067,16.4962018074348],[102.876839240112,16.4962481433052],[102.876829703544,16.4962820638531],[102.876804902359,16.4963713298131],[102.876806480446,16.4964071191662],[102.876819029726,16.4964626654046],[102.876822328652,16.4964630652004],[102.876828743778,16.4965299918093],[102.876847326955,16.4966826684262],[102.876833826764,16.4968303477158],[102.876831021934,16.4968732316881],[102.87682073193,16.4969255921002],[102.876800485719,16.4969874170932],[102.876781673752,16.4971827312766],[102.876802396353,16.4973783236575],[102.876783824763,16.4975426517193],[102.876743052312,16.4977020515948],[102.876747181131,16.4978069551009],[102.876744817958,16.4981120237204],[102.876753610163,16.4982527125101],[102.876765578537,16.4983028496632],[102.87678681901,16.4984317114832],[102.876786226169,16.4985079784459],[102.876737988292,16.4986744733826],[102.876735203291,16.4987149741329],[102.876739867564,16.4987507584994],[102.876740437714,16.4987513515205],[102.876766765779,16.4987787323686],[102.876774840898,16.4987869625587],[102.876779651261,16.4987918672118],[102.876801232195,16.4988036378637],[102.876835587314,16.498834870231],[102.876867449612,16.4988684676828],[102.876940837519,16.498964336333],[102.876962853786,16.4989930955687],[102.876977587529,16.4990051187751],[102.877012124594,16.4990125173472],[102.877076127346,16.4990439650498],[102.877093145734,16.4990798402462],[102.877113678708,16.4991242955762],[102.877122831213,16.4991453204712],[102.877122654397,16.4991681417958],[102.877122428813,16.4991971895889],[102.877124403296,16.4992200268973],[102.877126311455,16.4992511634809],[102.877136519991,16.4993217819824],[102.877144803839,16.4993633411984],[102.877157387415,16.4994049288238],[102.877172234633,16.499432009445],[102.877182863094,16.4994486842138],[102.877204257145,16.4994633635379],[102.877230005331,16.4994718464998],[102.877257887336,16.4994824218542],[102.877277152287,16.4994950104898],[102.877296332456,16.4995179721224],[102.877311150277,16.4995492018439],[102.877321647085,16.4995824760329],[102.877323492756,16.499621913614],[102.877329626249,16.4996634541067],[102.877329803869,16.499918667238],[102.877331679865,16.4999539529779],[102.877340139628,16.4999726899669],[102.877354972164,16.5000018424116],[102.87746961582,16.5001977100661],[102.877569106785,16.5004059168275],[102.877577582187,16.5004225765166],[102.877592480253,16.500443434185],[102.877618033486,16.5004768166124],[102.877650059124,16.5005081732361],[102.877677844646,16.5005311959966],[102.877718489247,16.5005605383578],[102.877754863454,16.5005856995941],[102.877789104784,16.50060876932],[102.877825462487,16.5006360078374],[102.877857422804,16.500675661863],[102.877899627173,16.5007817859463],[102.87796859151,16.5010437230468],[102.878105891031,16.501370476073],[102.878131444496,16.5014038583905],[102.878159263424,16.501422735472],[102.878182864378,16.5014312049192],[102.878215113757,16.5014335136804],[102.878372808829,16.5014146614989],[102.878464912408,16.5014050860396],[102.878553473705,16.5013954807251],[102.878610104623,16.5013958909546],[102.878801344353,16.5013836178145],[102.878875672987,16.501384152925],[102.878971317694,16.501374601667],[102.879045696115,16.5013683102431],[102.879141317318,16.5013621734741],[102.879208571897,16.5013626594857],[102.879508605773,16.5013412855505],[102.879541845887,16.5013425832123],[102.879597301655,16.5013341666205],[102.879661409604,16.5013157068166],[102.879739386896,16.5013005774579],[102.879794849894,16.5012988463773],[102.879881513525,16.5012987530553],[102.879949101249,16.5012919947659],[102.880032281998,16.5012818744264],[102.88008948156,16.5012801380551],[102.880124135687,16.5012717426043],[102.880158786658,16.5012600052633],[102.880184775503,16.5012499456304],[102.88020036151,16.5012382252524],[102.880444280543,16.5008150041009],[102.880443239577,16.5008142980421],[102.880475931535,16.5007616095658],[102.88048804902,16.5007185769307],[102.88049607673,16.5006442625468],[102.880505489463,16.5006025352286],[102.880558120144,16.5005281711925],[102.880583772273,16.5005046778421],[102.880641838618,16.5004602929291],[102.880709380571,16.5004302391531],[102.880752592198,16.500394995015],[102.880785000238,16.5003701904851],[102.880830893307,16.5003153870869],[102.880841676049,16.5002906083668],[102.880864526884,16.5001784729927],[102.880875298088,16.5001393522891],[102.880896798443,16.5000272158604],[102.880918368367,16.4999789593869],[102.88097636811,16.4998759121425],[102.880999306416,16.4998419922726],[102.881019543813,16.4998093821614],[102.881082989635,16.4997428289878],[102.881110011926,16.4997336739784],[102.881145143754,16.4997284229068],[102.881188390693,16.4997270738604],[102.881280307683,16.4997413157343],[102.881374948847,16.4997724999185],[102.881468231548,16.4998010810547],[102.881506071515,16.4997971302356],[102.881560104641,16.4997723042615],[102.88157225293,16.4997618630749],[102.881574945506,16.4997514298973],[102.881576283196,16.4997396974087],[102.881602135063,16.4997002800353],[102.881603015339,16.4997006200559],[102.88164433453,16.4996323651247],[102.881677062387,16.4995957287459],[102.881716708127,16.4995723955389],[102.881782233841,16.4995573500518],[102.881885687532,16.4995256311931],[102.882046027334,16.4994688933117],[102.882108096938,16.4994488639119],[102.882195990501,16.4993855487465],[102.882275261724,16.4993255716391],[102.882332156866,16.4993055472918],[102.882383890549,16.4992971740506],[102.882464952166,16.4992937599689],[102.882740986896,16.4993583481978],[102.882856594608,16.4994014817925],[102.88308089451,16.4994761066456],[102.883161986456,16.4995009754484],[102.88321719843,16.4995208796699],[102.883243084218,16.4995324982004],[102.883279318338,16.4995457693197],[102.883293124647,16.4995524083781],[102.883351648451,16.4995757408508],[102.883350622363,16.4995772297043],[102.88357456138,16.4996823034647],[102.883670158707,16.4997401221001],[102.883776663127,16.4997874015787],[102.884027909371,16.4999056095975],[102.884098938411,16.499960821989],[102.884191792126,16.500008116116],[102.884642481901,16.500297243103],[102.884745315726,16.5003809851895],[102.884745360551,16.5003810754824],[102.884778204824,16.5004491181165],[102.884851398598,16.500534136259],[102.884891748996,16.5005559748702],[102.884927072677,16.5005875421385],[102.885008594499,16.5005746240427]]]},"properties":{"id":"waterways-0103","label":"ห้วยกุดกว้าง","sourceRecord":103,"sourceFolder":"ลำห้วย","datasetId":"waterways","sourceVersion":"2012-30","geometryDisplayRepair":false,"villageIds":["v08","v22","v18","v01"],"villageId":null,"electionIds":["e03"],"electionId":"e03","insideMunicipality":true}},{"type":"Feature","id":"waterways-0104","geometry":{"type":"Polygon","coordinates":[[[102.874712740856,16.4781375484882],[102.874698258034,16.4781331884181],[102.874671533649,16.4781355398408],[102.874355057882,16.4782206525229],[102.874156440574,16.4782775155018],[102.874058906664,16.4783092559973],[102.874045549796,16.4783272077288],[102.874037711371,16.4783513296686],[102.874038275789,16.478363520457],[102.874054881773,16.4783928870275],[102.874109572865,16.4784618388701],[102.874199561484,16.4785898126527],[102.87427807274,16.4786768417049],[102.874334978123,16.4787498676086],[102.874383585111,16.4788013741759],[102.874395372179,16.4788138639657],[102.874408852426,16.4788171815792],[102.874424354733,16.4788162436434],[102.874465450095,16.4788110318042],[102.874565600802,16.4787785983536],[102.874862954001,16.4786890126771],[102.874934920001,16.4786658598836],[102.874961547855,16.4786433997667],[102.874964822205,16.4786271344933],[102.874963115898,16.4786017007918],[102.874934564947,16.4785536146964],[102.874726207857,16.47815119088],[102.874712740856,16.4781375484882]]]},"properties":{"id":"waterways-0104","label":"บ่อน้ำไม่มีชื่อ ม.8","sourceRecord":104,"sourceFolder":"ลำห้วย","datasetId":"waterways","sourceVersion":"2012-30","geometryDisplayRepair":false,"villageIds":["v08"],"villageId":"v08","electionIds":["e03"],"electionId":"e03","insideMunicipality":true}},{"type":"Feature","id":"waterways-0105","geometry":{"type":"Polygon","coordinates":[[[102.826691675056,16.4889245680768],[102.82662182018,16.4889191166792],[102.825638832705,16.4889438540859],[102.825500046556,16.488980041924],[102.825445324526,16.489034880003],[102.825419418522,16.4890739603625],[102.825418018894,16.4892508029343],[102.825417210533,16.489353598979],[102.825409752558,16.4905437926931],[102.825359004044,16.4912683694163],[102.82535976702,16.4912762984068],[102.825361128531,16.49128303893],[102.825363405514,16.4912898691566],[102.825366266088,16.4912966526017],[102.825369746735,16.4913022489895],[102.825373979749,16.4913091516643],[102.825378928452,16.491313642911],[102.825384369217,16.4913194244597],[102.825390240961,16.4913240097822],[102.825396590793,16.491327369142],[102.825403596739,16.4913308978464],[102.825728412528,16.4913026557591],[102.825938675964,16.491270932796],[102.826106743665,16.4912276364732],[102.826245168898,16.4911732813089],[102.826419384897,16.4910672370797],[102.826557799602,16.4909704043103],[102.826639587697,16.4908956091613],[102.82672518499,16.4908014358599],[102.826766987561,16.4907486694223],[102.826810753569,16.4906479864095],[102.826826935172,16.4905198753912],[102.826756688967,16.4890708896529],[102.826740880756,16.4889438546778],[102.826691675056,16.4889245680768]]]},"properties":{"id":"waterways-0105","label":"หนองกินหมู","sourceRecord":105,"sourceFolder":"ลำห้วย","datasetId":"waterways","sourceVersion":"2012-30","geometryDisplayRepair":false,"villageIds":["v03"],"villageId":"v03","electionIds":["e01"],"electionId":"e01","insideMunicipality":true}},{"type":"Feature","id":"waterways-0106","geometry":{"type":"MultiPolygon","coordinates":[[[[102.858614038262,16.4585618192892],[102.858613690772,16.4585961029789],[102.858931051405,16.4582481526009],[102.859091679629,16.4580720416633],[102.859580767004,16.4575315181251],[102.8586146436,16.4585611663935],[102.858614038262,16.4585618192892]]],[[[102.858369213306,16.4619944197355],[102.858356516698,16.4623705737854],[102.858335855563,16.462938074743],[102.85832179674,16.4633304578649],[102.858301627422,16.4638379972579],[102.85828953926,16.4642449274856],[102.858267563172,16.4647460182813],[102.858255426006,16.4650627283325],[102.858249853317,16.4652081432704],[102.858244854202,16.4653537181567],[102.858232814767,16.4657042815329],[102.858221217593,16.4660512520164],[102.85821578455,16.4662299465604],[102.858215714909,16.466451575207],[102.85823841618,16.4666650440244],[102.858263095767,16.4668087964193],[102.858319179148,16.4670119281909],[102.858391981455,16.4672115059598],[102.85850022898,16.4674201534458],[102.858602415063,16.4675770608202],[102.858743657978,16.4677559332437],[102.858822705074,16.4678468348483],[102.858944198548,16.4679612558119],[102.859184544924,16.468141538923],[102.859563496703,16.4684521338228],[102.859882411355,16.4686990195403],[102.860423115236,16.4691216678755],[102.861044001015,16.4696076483536],[102.86180821055,16.4702076427418],[102.862097951243,16.4704226550472],[102.862315805945,16.4705693224214],[102.862526693282,16.4707031535049],[102.862725471155,16.4708193882202],[102.862952951302,16.4709431911457],[102.863215744219,16.471069584008],[102.863576608319,16.4712298073664],[102.86389473415,16.4713519347924],[102.864292400413,16.4715050000368],[102.864727222977,16.471668716329],[102.865206045934,16.4718494441692],[102.865696747934,16.4720364302551],[102.866157042013,16.472214255424],[102.866563138066,16.4723687774932],[102.867146843618,16.4725880684029],[102.867285753289,16.4726400451919],[102.867285586511,16.4726405932456],[102.867887950464,16.4728692584868],[102.868209376435,16.4729880753511],[102.868598557243,16.4731364257445],[102.868945452013,16.473269354162],[102.869209350675,16.4733665492127],[102.869356940178,16.4734415916172],[102.869573415511,16.4736028611629],[102.869728908387,16.4737377078233],[102.869805868039,16.4738075772585],[102.869872912232,16.4738857334441],[102.869916361156,16.4739594623223],[102.869983241389,16.474113776099],[102.870023200061,16.4742653455274],[102.870040145339,16.4743573910502],[102.870042271197,16.4744642924118],[102.870045721574,16.4745533459469],[102.870027863716,16.4746687205185],[102.870009652456,16.4747662774296],[102.869981175014,16.4748543016285],[102.869949180779,16.4749342913239],[102.869920317712,16.4750028788944],[102.869887840243,16.4750585705684],[102.869855901939,16.47511852267],[102.869585238077,16.475598056438],[102.868954903712,16.4767253571713],[102.868537775467,16.4774832776693],[102.868255991379,16.4779893457327],[102.867905420415,16.4786213617461],[102.867707452403,16.4789732584225],[102.867447163952,16.4794402338006],[102.867137534498,16.4800027057562],[102.86688362657,16.4804545175762],[102.866647192935,16.4808888087675],[102.866395512489,16.4813405782927],[102.866156720329,16.4817684635689],[102.865924441134,16.4821876296619],[102.865689933521,16.4826068396156],[102.865408261096,16.4831193529852],[102.865104876516,16.4836602120274],[102.864982287017,16.4838817352838],[102.864767220266,16.4842704892661],[102.864618847222,16.4845397835667],[102.864561365565,16.48464859204],[102.86456084804,16.4846483372488],[102.86430059306,16.4851174609606],[102.864064064236,16.4855474519675],[102.863758444608,16.4860883517714],[102.863539174526,16.4864900819542],[102.863332755497,16.4868657776424],[102.863216461417,16.4870678413357],[102.862990721678,16.4874804370218],[102.862807817004,16.4878062578838],[102.862650743838,16.4880864577879],[102.862474222472,16.4883971142813],[102.862308834397,16.4887075639568],[102.862144300464,16.4890609882335],[102.862065777575,16.4892580531001],[102.862021185817,16.4893685078844],[102.861934652943,16.4896108623056],[102.86184854672,16.4898747036096],[102.861756995015,16.4902009843221],[102.861687074436,16.4904946215746],[102.861631160299,16.4908202433714],[102.861589980855,16.4911025995794],[102.861565637792,16.4913352073195],[102.861549418216,16.4917525273088],[102.861531664897,16.492092490688],[102.86152256801,16.492307618363],[102.861502230468,16.4928539894644],[102.861487535124,16.4935722252446],[102.861477837744,16.4938296543148],[102.861476105742,16.4938297946162],[102.861456706761,16.4946308176165],[102.861434206972,16.4954026914873],[102.861411744521,16.4963035477334],[102.861390367247,16.4970048262097],[102.861369381014,16.497599018796],[102.861359949237,16.4979878062109],[102.86134576735,16.4986569751654],[102.86132850598,16.4991712110008],[102.861321257768,16.4994446181873],[102.861333928629,16.499550430267],[102.861355872186,16.4996262616366],[102.861363281817,16.4996415479724],[102.861462134665,16.4998750718901],[102.86151699101,16.4999790055023],[102.861535109025,16.5000177259754],[102.861552083795,16.5000539791352],[102.861562112432,16.5000753993584],[102.86158321599,16.5001204391269],[102.861720728476,16.5004136942579],[102.861816543401,16.5005956795846],[102.861937437141,16.5008624670626],[102.861952539424,16.5008987033742],[102.862022761478,16.5011642023506],[102.862023798675,16.5011725778701],[102.86204569836,16.501252571149],[102.862092018306,16.5015790978517],[102.862100889541,16.5017848955168],[102.862090043224,16.5024414056548],[102.862076435068,16.502638394469],[102.862064239558,16.5027462138883],[102.862013537633,16.5031585424659],[102.861989081279,16.5032972767388],[102.861974432933,16.5033874246031],[102.86196357897,16.503447895205],[102.861948277118,16.5035236134482],[102.861915768876,16.5036422913134],[102.861868374654,16.5038601008292],[102.861828864954,16.503999139834],[102.861738026384,16.5042836450672],[102.861699808367,16.5043951761592],[102.861628248254,16.5045862312538],[102.861572133135,16.5047220316142],[102.861509778706,16.5048677009534],[102.86144541277,16.5050045409103],[102.861395232558,16.5051154082177],[102.861287402101,16.5053310725295],[102.861077557092,16.5056851602871],[102.861004603306,16.5058061997631],[102.8608122318,16.5061147486932],[102.860550615834,16.50654604041],[102.860321774104,16.5069155517732],[102.860130390146,16.5072276281265],[102.859938283481,16.5075361682537],[102.859710010597,16.5079072992521],[102.859516778996,16.5082217437537],[102.859399411973,16.5084048849848],[102.858729185278,16.509496442901],[102.857862533354,16.5109035993057],[102.857235342892,16.5119261036688],[102.856858512764,16.5125378194331],[102.856825976939,16.5125764319388],[102.856247190188,16.5135165632337],[102.855219989544,16.5151892172916],[102.85452878727,16.5162973962419],[102.854447129488,16.5164300032228],[102.854231807476,16.5167796711877],[102.853989554368,16.5171824763964],[102.853851522746,16.5174777388277],[102.853762262578,16.5177087313789],[102.853692067608,16.5179544558696],[102.853638824143,16.5182662565641],[102.853609818267,16.5185383811448],[102.853607578517,16.5187406044614],[102.853624458654,16.5189605804145],[102.85364062005,16.5191443586121],[102.853672596049,16.5193368979769],[102.853726702571,16.519541098076],[102.85377708449,16.5197151894673],[102.853826385311,16.5198349811218],[102.853915129199,16.5200506142955],[102.854077413062,16.5203463599943],[102.854327843884,16.5207646074901],[102.854854388065,16.5217258157717],[102.855023441861,16.5220252598508],[102.855122635103,16.5220150302933],[102.854787225651,16.5214384243908],[102.853964149064,16.5199648168285],[102.853872897796,16.5197589908332],[102.853819269915,16.5195874290014],[102.853735977473,16.5191919725209],[102.853708452516,16.5189534088502],[102.853703417417,16.5188253805748],[102.853692617077,16.5186122930456],[102.85371055328,16.5184127977939],[102.853771141491,16.5179982600108],[102.85382594217,16.5177648879228],[102.85387339792,16.5176342529248],[102.853939078489,16.5174761208447],[102.854014379185,16.5173298816241],[102.854107619149,16.5171657913976],[102.85413530592,16.5171170675637],[102.854348619182,16.5167798267648],[102.854534423832,16.5164744492414],[102.855462346174,16.5149493594717],[102.856350379124,16.5135146555701],[102.857298841231,16.5119732128905],[102.857789635715,16.5111704995797],[102.858541124087,16.5099495500028],[102.859341077008,16.5086492433227],[102.85971098149,16.5080599996293],[102.860093627864,16.5074422879344],[102.860106444024,16.5074201383059],[102.861232688068,16.5055902909491],[102.861471505594,16.5051456809907],[102.861616134331,16.5048257371822],[102.86169144731,16.5046445908246],[102.861795354829,16.5043582349927],[102.861853263235,16.5041837527455],[102.861910751325,16.5039881336066],[102.86194141214,16.5038765420521],[102.861995869014,16.5036386824534],[102.86203801708,16.503443346289],[102.8620790352,16.5032168630667],[102.862158221375,16.5025968419951],[102.86217843619,16.5021453705539],[102.862165790821,16.5016267711271],[102.862123231464,16.5012508559687],[102.862060712884,16.5010196622525],[102.861952369915,16.5007126631508],[102.861947746802,16.5007032396723],[102.86192674663,16.5006384266365],[102.861813105888,16.5003715491461],[102.861749191485,16.5002379217398],[102.861695779276,16.5001422407352],[102.861536366919,16.499826727456],[102.861514214414,16.4997653750984],[102.861506131456,16.4997429859298],[102.861462388059,16.4996390307937],[102.861433425661,16.4995682376242],[102.861400288216,16.4993579504969],[102.861410875975,16.4991676482543],[102.861424435323,16.4986799914154],[102.861442398791,16.4979883194334],[102.861459800706,16.4970716841229],[102.861494255106,16.4958858733019],[102.861529871654,16.4947584467121],[102.861554176822,16.4938234840336],[102.86155267733,16.4938236065017],[102.861571289365,16.4933019787021],[102.861580866745,16.4928869289583],[102.861592885531,16.4924825855135],[102.861599418273,16.492138528514],[102.861624803674,16.4917339361015],[102.861641745944,16.4913531465033],[102.861664160033,16.4911356242986],[102.861700971127,16.4908576463798],[102.861753159066,16.4905686363087],[102.861812240697,16.4902902466181],[102.861928766337,16.4898753695148],[102.862002150223,16.4896440078498],[102.862093856007,16.4893861921137],[102.862135290864,16.4892804126081],[102.862254634748,16.489007357166],[102.862464273081,16.4885692653467],[102.862683546138,16.4881675381122],[102.863040700313,16.4875289534538],[102.863294496636,16.4870706965378],[102.86354837452,16.4866167373316],[102.863765544182,16.4862214962814],[102.863972218036,16.4858586927481],[102.864126849629,16.4855677880709],[102.864331338282,16.4852071740526],[102.864623847515,16.484679414391],[102.86532284311,16.4834175742253],[102.865923061789,16.4823424263382],[102.866493075396,16.4813172756133],[102.866974937092,16.4804528278443],[102.867351298986,16.4797730445097],[102.867837523795,16.4789042143095],[102.868151432316,16.4783330642261],[102.868400881115,16.4778813344502],[102.868725796416,16.4773035337041],[102.868962351428,16.4768756880405],[102.869272056572,16.4763175131433],[102.869471144647,16.4759578060227],[102.869494762228,16.4759151392512],[102.869547326526,16.4758201665132],[102.869915275102,16.4751357348514],[102.869953564339,16.4750703165442],[102.870008319337,16.4749526401718],[102.870051261867,16.4748319406713],[102.870086908406,16.4746822124105],[102.870101053298,16.4745490805763],[102.870099895695,16.4744065137892],[102.870069333375,16.4742207442867],[102.870024211227,16.4740627859036],[102.869971208671,16.4739309017224],[102.869907069311,16.4738300098092],[102.869819203138,16.473718213854],[102.8696891443,16.473595856554],[102.869535426001,16.4734658347732],[102.869433385797,16.4734012899361],[102.869247091865,16.4733221016844],[102.869030516118,16.4732402327692],[102.868687011166,16.4731088613257],[102.868352028487,16.4729838160964],[102.868000036483,16.4728477407889],[102.867506006789,16.4726624430111],[102.867377409736,16.4726159508539],[102.866731099759,16.4723705331956],[102.86598834728,16.4720909918934],[102.865548389326,16.4719225094663],[102.865128802726,16.471764993542],[102.864573797472,16.4715532669681],[102.864093363942,16.4713758108353],[102.863729591792,16.4712383243895],[102.863194218189,16.471000304925],[102.862965256633,16.4708862525347],[102.862690195476,16.4707341619206],[102.862404614771,16.470559579419],[102.862084594794,16.4703418860154],[102.861716414423,16.4700667488077],[102.86138548869,16.4698071229968],[102.860699912004,16.4692769702993],[102.860138677293,16.4688352570465],[102.859686774139,16.4684871257888],[102.85919533319,16.4680927307586],[102.858946271932,16.4678964045541],[102.858845241118,16.4677978089924],[102.858733561743,16.4676702420691],[102.858591933727,16.4674719336367],[102.858499789181,16.4673132195735],[102.858406713024,16.4671075331129],[102.858340624841,16.4669078278543],[102.858307649438,16.4667690872887],[102.858274970866,16.4665606667373],[102.858265112233,16.4664020538314],[102.858265099767,16.466231920386],[102.858264777847,16.4662319073775],[102.858268603428,16.4660698217815],[102.85829997583,16.4652801331395],[102.858334562891,16.4643137704904],[102.858369527603,16.4634511019421],[102.858402854516,16.462505828858],[102.858436858738,16.461594568044],[102.858445048754,16.4613913671429],[102.858392755005,16.4613904724778],[102.858369213306,16.4619944197355]]]]},"properties":{"id":"waterways-0106","label":"คลองส่งน้ำชลประทาน","sourceRecord":106,"sourceFolder":"ลำห้วย","datasetId":"waterways","sourceVersion":"2012-30","geometryDisplayRepair":false,"villageIds":["v11","v16","v09","v25","v08","v22","v28","v01","v07"],"villageId":null,"electionIds":["e03"],"electionId":"e03","insideMunicipality":true}},{"type":"Feature","id":"waterways-0107","geometry":{"type":"Polygon","coordinates":[[[102.86158321599,16.5001204391269],[102.861562112432,16.5000753993584],[102.861552083795,16.5000539791352],[102.861535109025,16.5000177259754],[102.861444562838,16.5000338480975],[102.861400781336,16.500034657983],[102.861341522505,16.5000311255159],[102.86128061698,16.5000053464536],[102.86125100976,16.4999787673772],[102.861216396312,16.4999569429241],[102.861171829658,16.4999374445573],[102.861142035621,16.4999348295923],[102.861107310536,16.4999273875583],[102.861072527216,16.4999271331745],[102.861035261461,16.4999268615421],[102.86100550405,16.4999194539238],[102.860986418761,16.4999021287542],[102.860926562884,16.4998477949661],[102.860887254958,16.4998321512061],[102.860843597392,16.499835667288],[102.860772744246,16.4998581440858],[102.860696064201,16.4998747637212],[102.86066588638,16.4998741082953],[102.860589126873,16.4998755279141],[102.860523027831,16.4998767503516],[102.860450534182,16.4998780910272],[102.860373733777,16.4998774532442],[102.860307633783,16.4998786756311],[102.860245799657,16.4998798191104],[102.860190361999,16.4998808442862],[102.860145259727,16.4998652154942],[102.860102206331,16.4998454335468],[102.860044146718,16.4998218129177],[102.859936391144,16.499766186436],[102.85991318876,16.4997591076726],[102.859838456304,16.4997549468734],[102.85978454714,16.4997638502725],[102.859682637573,16.4997876841259],[102.859594995495,16.4998139979447],[102.859547700002,16.4998670047308],[102.859532006063,16.499935889166],[102.859473446603,16.4999945909172],[102.859371318937,16.5000074543539],[102.859234966451,16.5000154628729],[102.859109875989,16.5000177754853],[102.858959797866,16.5000507318506],[102.858840885462,16.5000776243727],[102.858756195004,16.5001093709378],[102.858637718309,16.5001582066772],[102.858465385241,16.5002162656852],[102.858315798843,16.500273906836],[102.858158063664,16.5003509042806],[102.858020120403,16.5004220491086],[102.857873865848,16.500504320912],[102.857795351128,16.5005606473144],[102.857745430714,16.5006246784781],[102.857722928156,16.5006455010569],[102.857655932508,16.5006508120645],[102.857576766012,16.5006742247086],[102.857495354615,16.500727861649],[102.857436197057,16.5007563921038],[102.857397210938,16.5007982697476],[102.857327172349,16.500851694669],[102.857290322198,16.500857863263],[102.857244290518,16.5008312766649],[102.857226362163,16.5007877078584],[102.857182736942,16.5007391262683],[102.857136814174,16.5007180234473],[102.857071044879,16.5007000329592],[102.857002867264,16.5007040374568],[102.85691757715,16.5007056134112],[102.856846557414,16.5007096685687],[102.856750441595,16.5007388817221],[102.856703254839,16.5007973736696],[102.856655740404,16.5008394069745],[102.856607409287,16.5008402999464],[102.856566900364,16.5008053805987],[102.856517863337,16.5007706169969],[102.856472102098,16.5007577442815],[102.856420927984,16.5007586897314],[102.85635307973,16.5007791499267],[102.856313821081,16.5008073115658],[102.856291622392,16.5008351607331],[102.856254554405,16.5008303579108],[102.856210820471,16.500776289546],[102.856175725416,16.5007275501081],[102.856114934445,16.5006737977235],[102.856072126037,16.5006663570911],[102.856012424773,16.5006674599601],[102.855981369432,16.5006790080057],[102.855947633489,16.5006988388193],[102.855920076249,16.5007432480363],[102.855895142392,16.5007766335251],[102.855862061485,16.5008293762248],[102.855819579668,16.5008383933152],[102.855765290311,16.5008256770687],[102.855711001876,16.5008129598874],[102.855659719771,16.5008084195132],[102.855602859575,16.5008094697945],[102.855534573856,16.5008079881842],[102.85547170292,16.5007926865465],[102.85538286298,16.5007586587151],[102.855325077505,16.5007130810992],[102.855249853035,16.5006486197228],[102.855214417267,16.5005777490451],[102.855211044395,16.500556047562],[102.855215467795,16.5004769473228],[102.855266556794,16.5003437509895],[102.855299147997,16.5002663230481],[102.855343111188,16.500188685074],[102.855395930845,16.5001273464313],[102.855440493589,16.500079878471],[102.855479423806,16.5000352583547],[102.855481505772,16.499996807354],[102.855478008727,16.4999639470319],[102.855469201392,16.4999369755887],[102.8554768227,16.4999000779525],[102.855496167098,16.4998758094818],[102.855560412128,16.4998170045187],[102.855605465544,16.4997942209363],[102.855641987194,16.4997715967353],[102.855667302016,16.4997574109766],[102.855709348202,16.4997264523719],[102.855737342697,16.4997039847578],[102.855770804532,16.4996704417887],[102.855804266356,16.4996368988166],[102.855823350835,16.4995953890529],[102.855841890081,16.4995264520932],[102.855855017364,16.4994713341831],[102.855859234661,16.4993971741319],[102.855852295829,16.499334193608],[102.855848417766,16.4992821345223],[102.855838964413,16.4992356633428],[102.85582087192,16.4992096231352],[102.855791118271,16.4991762877784],[102.85577214469,16.4991669252415],[102.85574936322,16.4991632361608],[102.855698190417,16.4991641813279],[102.855630176486,16.4991764137053],[102.855545487437,16.49920815896],[102.85545757256,16.4992207588413],[102.855347134205,16.499244747227],[102.855177372158,16.4992890396687],[102.85507830384,16.4993128206542],[102.854996566405,16.4993499979414],[102.854923248172,16.4993815338951],[102.854866061861,16.4993661279017],[102.854664126445,16.4991654588719],[102.854610041937,16.4991152398578],[102.854548594111,16.4990761320652],[102.854510108768,16.4990475746481],[102.854478840799,16.4990005939278],[102.854454863624,16.4989388436702],[102.85442702393,16.4988735077988],[102.854375932533,16.4987829901224],[102.85431025962,16.4987220114728],[102.854214913778,16.4986945037793],[102.85412714895,16.4986668569788],[102.854058846687,16.4986644601325],[102.853990615074,16.4986657197869],[102.853941337306,16.4986666295121],[102.853865016944,16.4986424282399],[102.853799635246,16.4985960762288],[102.853710855107,16.4985172320539],[102.853652762468,16.4984561114031],[102.853602541889,16.4984094794417],[102.853555967222,16.4983554627003],[102.853505384072,16.4982905455427],[102.853465447668,16.4981888490349],[102.853425800424,16.4981017784938],[102.853359621285,16.4980151985571],[102.853289282251,16.4979717682627],[102.853240062314,16.4979630891256],[102.853161323697,16.497963408226],[102.853104880839,16.4979747647934],[102.852960709218,16.4979825830415],[102.852843010519,16.4979778789603],[102.852772999857,16.4979516659784],[102.852684597661,16.4978965667035],[102.852583180037,16.4978142043404],[102.852536393694,16.4977910012652],[102.852468536927,16.4977836565431],[102.852270243312,16.4977580917043],[102.852116481885,16.4977317049912],[102.852083309432,16.4977255220098],[102.85200738517,16.497711370322],[102.85195302941,16.4976659564275],[102.851936318651,16.4976318834406],[102.851922350411,16.4975565022803],[102.851919343206,16.4974946723099],[102.851923155037,16.4974172415543],[102.851930868486,16.4973569308217],[102.851938606752,16.4973020711962],[102.851926226291,16.497212615874],[102.851923523749,16.4971662489378],[102.85191047714,16.4971372657576],[102.851877767312,16.4971052058707],[102.85183443904,16.4970767813648],[102.851728970408,16.497033230683],[102.851538024359,16.4969550384678],[102.851288903993,16.4968822744692],[102.85097014828,16.4968022012609],[102.850858824135,16.4967642484426],[102.850805784328,16.4967541160552],[102.850669955011,16.496759604195],[102.85053824943,16.4967671879806],[102.850419873083,16.4967281144092],[102.850290539118,16.4966258522777],[102.850229448922,16.496570259756],[102.850154843871,16.4964987105866],[102.850093522626,16.4964315460197],[102.850059183444,16.496393980323],[102.850028797738,16.4963623301477],[102.84997865906,16.4963293000986],[102.849953538064,16.4963190523553],[102.849920906767,16.4963152473242],[102.849860055525,16.4963258090301],[102.849841820955,16.4963313496103],[102.849712183478,16.4963594323894],[102.849660939203,16.4963807326901],[102.849552649467,16.496444485909],[102.849347170966,16.496539184547],[102.849275364241,16.496559086383],[102.849239335771,16.4965605022202],[102.849190126182,16.4965534134499],[102.849129149583,16.4965341866727],[102.849063077783,16.4965073041183],[102.849002211781,16.4964929520874],[102.848877424819,16.4964900977882],[102.848691466392,16.4964748927621],[102.848612551897,16.4964611710611],[102.848563948754,16.4964679868371],[102.848555233548,16.4964749822649],[102.848539680992,16.4965011066698],[102.848533397471,16.496503668578],[102.848512279391,16.4964968287676],[102.848506411439,16.4964927485409],[102.848504527129,16.4964890730934],[102.848503260392,16.4964818249583],[102.848517078637,16.4964692333579],[102.848546640421,16.4964563596783],[102.848553578146,16.4964447078598],[102.848551716281,16.496418742044],[102.848504081329,16.4963077877418],[102.848487737448,16.4962697249035],[102.848410559669,16.4961290986068],[102.848399056359,16.4960880520151],[102.848395914245,16.4960193461644],[102.848404933414,16.4959349447408],[102.848432167845,16.4956971454722],[102.848430173459,16.4956591952845],[102.848415004653,16.4956283759371],[102.848385346952,16.4956079210688],[102.848360859433,16.4955988163424],[102.84827485182,16.4955746161479],[102.848111503995,16.4955140176582],[102.848000221187,16.4954730928823],[102.847973229291,16.4954598368425],[102.847949564899,16.4954344884502],[102.847938196913,16.4954003156005],[102.847924878855,16.4953575853549],[102.847922551642,16.495330121279],[102.847927179992,16.4952939365902],[102.847916540084,16.4952064570424],[102.847892365395,16.4951553317264],[102.847850663025,16.495127972499],[102.84784657743,16.495126951517],[102.847777790306,16.4951282191333],[102.847611798707,16.4951140849647],[102.847495918949,16.4951110619163],[102.847318357349,16.4950524488501],[102.84717830404,16.4949983001694],[102.847120998572,16.4949838827672],[102.847074689563,16.4949847359889],[102.847042717244,16.4949994719473],[102.847028122671,16.4949968463186],[102.846997859073,16.4949741186903],[102.846983132539,16.4949503207191],[102.846978858268,16.4949143000398],[102.846978476471,16.4948950108563],[102.846966363709,16.4948404925282],[102.846955848583,16.4948309226547],[102.846937130558,16.4948306070382],[102.846897479523,16.4948539117621],[102.84684798,16.4948737337509],[102.84679098165,16.4948747838363],[102.846728061362,16.4948467189627],[102.846684271048,16.4948032091605],[102.846660591958,16.4947688840298],[102.846617469793,16.4947507683837],[102.846563968091,16.4947483144818],[102.846508853678,16.4947544881301],[102.846502387502,16.4947540577561],[102.846448190486,16.4947504472739],[102.846346254123,16.4947316961347],[102.846302859022,16.494699834646],[102.846266045344,16.4946403421975],[102.846216561158,16.4945707709309],[102.846156896861,16.4945271753217],[102.846076370496,16.4945097485084],[102.846036537299,16.4944778186316],[102.846011023355,16.4944490645068],[102.84599999238,16.4944126187288],[102.845978883324,16.4943509231983],[102.845945756988,16.4943024238399],[102.845911438586,16.4942789902144],[102.845886264692,16.494267419209],[102.845832523255,16.494252938455],[102.845816769872,16.4942253498322],[102.845816772574,16.4942148517109],[102.845831163113,16.4941841977542],[102.845850586173,16.4941752457735],[102.845873946005,16.4941851286397],[102.845920560929,16.4941997424477],[102.845954778289,16.4942180231889],[102.845979885062,16.4942261550152],[102.846006602771,16.4942256629157],[102.846027874788,16.4942201163691],[102.846048738666,16.4941939439176],[102.846055489275,16.4941749095213],[102.846056896174,16.4941559744516],[102.846049193437,16.4941268913615],[102.845995486936,16.4941141270466],[102.845929549166,16.4941136226524],[102.845853093027,16.4941219080187],[102.845778930603,16.4941559356781],[102.845722306443,16.4941758904085],[102.845690483894,16.4941885075391],[102.845661985248,16.4941890323963],[102.845615604653,16.4941864506783],[102.845520896169,16.4941727225007],[102.845469683646,16.4941960134042],[102.845412061362,16.4942555236275],[102.84536656839,16.4942976192537],[102.84533367701,16.4943463600205],[102.845316616799,16.494405116041],[102.845284457267,16.4945604328706],[102.845271464934,16.4946242795585],[102.845253992753,16.4946417925368],[102.845213971018,16.4946560150875],[102.845115298012,16.4946563794654],[102.845036652635,16.4946440741587],[102.845014722972,16.4946397355697],[102.844965102665,16.4946299211186],[102.844963087596,16.4946287554787],[102.844949432991,16.4946109097925],[102.844944501338,16.4945687745897],[102.8449469435,16.4944008686068],[102.844932128675,16.4943470169601],[102.844874245747,16.494270585555],[102.844708080093,16.4940673521485],[102.844635634496,16.493996041259],[102.844599966817,16.4939726105629],[102.844522206385,16.4939487187083],[102.844379540548,16.4939241287733],[102.844288659378,16.4938737707397],[102.844217371307,16.4937998821759],[102.844189493467,16.4937865426066],[102.844184346777,16.493785160313],[102.844135024962,16.4937719376],[102.844088429609,16.4937715457082],[102.844032510078,16.4937841054214],[102.843968386261,16.4937852858427],[102.84392452599,16.4937713959037],[102.843846212616,16.4937342449314],[102.843823057704,16.4937346711583],[102.843802022593,16.4937522478051],[102.843800581503,16.4937694655792],[102.843801363107,16.4938089893461],[102.843802529879,16.4938679899775],[102.843794325764,16.4938784198328],[102.843770797884,16.4938851932836],[102.84374289115,16.4938828774062],[102.84373486127,16.4938745942577],[102.843725314628,16.4938378962776],[102.843701447906,16.4938022333416],[102.84361164063,16.4937660680043],[102.843309961476,16.4935799489505],[102.843292362123,16.493569090834],[102.843205950907,16.4934861063142],[102.843158819602,16.4934520787149],[102.843051618006,16.4933746856335],[102.843018016127,16.4933678403109],[102.84297294643,16.4933652392462],[102.842894543131,16.4933649632412],[102.842668012165,16.4934430526425],[102.842458405432,16.4935216108903],[102.842455765215,16.4935225987529],[102.842450657075,16.4935238756447],[102.842255408064,16.493572702638],[102.842200597338,16.4935943365205],[102.84218446152,16.4936253436546],[102.842160506918,16.4936312080555],[102.842109686306,16.4936306787102],[102.842097428238,16.4936246586176],[102.842090369299,16.4936066823005],[102.842084178225,16.4935638184703],[102.842056983025,16.4935402494223],[102.841980357708,16.4935399403721],[102.841916101709,16.4935342471488],[102.841889144313,16.4935227084069],[102.841879186739,16.4934696016159],[102.841873265594,16.4934404863689],[102.841857302298,16.493444216872],[102.841769193574,16.4934939721901],[102.841606615856,16.4935622887637],[102.841503410463,16.4936269342694],[102.841434131651,16.4936703266208],[102.841116217644,16.4938580164404],[102.84109859519,16.4938600892333],[102.841084954598,16.4938538184085],[102.841051909123,16.493804571239],[102.841036786886,16.493736905307],[102.841006749005,16.4936833467088],[102.840959219079,16.4936436171006],[102.840885612483,16.4935919083206],[102.840840131421,16.4935719029074],[102.840756142016,16.4935349551928],[102.840698838072,16.4935205385195],[102.840599331201,16.4935344033844],[102.840494579568,16.4935535194374],[102.840458955223,16.4935541746161],[102.840208401168,16.4934986151396],[102.840140343694,16.4934809565337],[102.840062931008,16.4934732254864],[102.840032856906,16.4934750985732],[102.840003463492,16.4934972254515],[102.83999545021,16.4935476709073],[102.83997615298,16.493738400622],[102.839953251537,16.4937597097483],[102.839949949183,16.4937627814138],[102.839756407771,16.493799172855],[102.839622370867,16.4938227600888],[102.839553248787,16.4937977518802],[102.839531229719,16.4937654938704],[102.839508599636,16.4937023030758],[102.839481627873,16.4935996519767],[102.83945037088,16.4935454775629],[102.839435502459,16.4935197027435],[102.83936583096,16.4935106687576],[102.839282422952,16.4935276729335],[102.839262079019,16.4935383168278],[102.839183658801,16.4935793429575],[102.839148681184,16.4936126498136],[102.839097874056,16.4936565617634],[102.838948950266,16.4937847946366],[102.838891234514,16.4937936144784],[102.838838551726,16.493788541255],[102.838789609413,16.4937464649139],[102.83871244354,16.4937186591963],[102.838680311238,16.4937158121566],[102.838662240407,16.4937201875115],[102.838646604667,16.4937120502556],[102.838638024166,16.4936654107072],[102.838626905564,16.4936557124607],[102.838600683777,16.493653667167],[102.838528639075,16.4937048466573],[102.838207652468,16.4938723425519],[102.83772898586,16.4940857139765],[102.837455345347,16.4942145183473],[102.837288842547,16.494320636997],[102.837224822313,16.4943614412089],[102.83713342205,16.4944250089795],[102.836996930736,16.4945512907729],[102.836888257938,16.4946426813201],[102.836783797104,16.4947666573989],[102.836764719223,16.4947849319766],[102.836483685258,16.495054137939],[102.836480175313,16.4950919913228],[102.836480480602,16.4951074573152],[102.836489588938,16.4951176049642],[102.836505791852,16.4951259024898],[102.836525384275,16.4951255425016],[102.836563600226,16.4951236853887],[102.836608558754,16.495096508779],[102.836758758314,16.4949424670659],[102.836856787053,16.4948408190815],[102.837019357635,16.4946041725172],[102.837031519939,16.494588478334],[102.837306094982,16.49441667745],[102.838170180376,16.4940500995268],[102.838449233514,16.4939246334812],[102.838611812205,16.4938563172898],[102.838664672912,16.4938261212867],[102.838658580038,16.4937701036243],[102.83867279348,16.4937589282392],[102.838697190988,16.4937584797419],[102.838756344728,16.4937763007029],[102.838810560168,16.4938148441925],[102.838859160329,16.4938397372879],[102.838902011305,16.4938441061055],[102.838948017815,16.4938277878475],[102.83911605963,16.4936751376135],[102.839191632081,16.493622175133],[102.839250412451,16.4936210944351],[102.839270035098,16.4936329759278],[102.839349597334,16.4936811579871],[102.839450398186,16.4937325974605],[102.839468617754,16.4937528924105],[102.839502258091,16.4939224637035],[102.839513691514,16.4939600747416],[102.839542461884,16.4939732975285],[102.839569992139,16.4939755830044],[102.83958039301,16.4939703912719],[102.839597170311,16.4939465050575],[102.839601566582,16.4939254279486],[102.839631638283,16.4939029295233],[102.839647874597,16.493897438301],[102.839848401227,16.4938559315383],[102.83991162887,16.4938438827437],[102.83993692499,16.4938459376678],[102.839975172239,16.4938690710058],[102.840016240421,16.4938734741759],[102.840033645229,16.4938525250788],[102.840034265539,16.4937791169776],[102.840057800205,16.4936320351683],[102.840107844587,16.4935984763812],[102.840190207227,16.4936040203552],[102.840247978407,16.4936079087942],[102.840332103927,16.4936269907123],[102.840510288052,16.4936271532304],[102.840650899835,16.4936194087315],[102.840827714121,16.4936402224818],[102.840908343859,16.4936628079733],[102.840987664339,16.4937094842427],[102.84101874937,16.4937654417144],[102.841029140187,16.4937993561704],[102.841033050803,16.4938781775979],[102.841039196944,16.4939162223051],[102.841061103446,16.4939331649324],[102.841126311721,16.4939579802153],[102.841353509289,16.4940087537634],[102.841411812485,16.4940121114436],[102.841423996423,16.4940054837686],[102.841428285034,16.4940056584168],[102.841448124802,16.4939923663614],[102.841485275194,16.4939674700352],[102.84149687078,16.4939597018615],[102.841541821284,16.4938901106798],[102.84159988546,16.493747370702],[102.84162848644,16.4936770679294],[102.841647283095,16.4936582243308],[102.841666307568,16.4936519959329],[102.841727721462,16.4936494540048],[102.841815271167,16.493661596864],[102.841943298713,16.4937383196517],[102.841971856635,16.4937610416558],[102.841981314466,16.4937685650559],[102.842034788123,16.4937772221387],[102.842042878298,16.4937754058605],[102.842065717332,16.4937627343879],[102.842073766309,16.4937582661426],[102.842076512983,16.4937169594295],[102.842070319081,16.4936740947491],[102.842075105647,16.4936644027364],[102.842084235934,16.4936600869332],[102.842100330719,16.4936597908023],[102.842187709608,16.4936633396511],[102.842216580088,16.4936817185736],[102.842273681245,16.4936858253882],[102.842316225427,16.4936747267213],[102.842416495767,16.4936092758884],[102.842472849536,16.4935755770536],[102.842552458241,16.4935466068566],[102.842635697633,16.4935210066327],[102.842727707667,16.4934883704606],[102.842812898763,16.4934713312451],[102.842845164033,16.4934810515188],[102.842905995883,16.4934936837915],[102.84301334237,16.4935157758594],[102.843042044871,16.4935255625687],[102.843136161376,16.4935994709197],[102.843152353479,16.49361838259],[102.84323290413,16.4936748034097],[102.843309772424,16.4937286464605],[102.843565893642,16.4938855272419],[102.843600788555,16.4939381766501],[102.843615803297,16.4939462581505],[102.84362998518,16.4939478341609],[102.843679127792,16.493935014912],[102.843752798043,16.4939129640223],[102.843813748839,16.4938947166873],[102.843898567013,16.4938587737756],[102.843971561522,16.49385571032],[102.844064353056,16.4938626000328],[102.844145524849,16.4939126767545],[102.84420435935,16.4940044243567],[102.844244665244,16.4940604135153],[102.844299091821,16.4940894909988],[102.844330034995,16.4940948691897],[102.844426856443,16.4940828448126],[102.844454977502,16.4940814798336],[102.844510513463,16.494094869554],[102.84454687751,16.4941150184637],[102.844597699133,16.4941622169495],[102.844750174415,16.494303811209],[102.844779150926,16.4943273470209],[102.844806956495,16.4943818464355],[102.844819614685,16.4944813203252],[102.844825236947,16.4946754723671],[102.844826061555,16.494680990895],[102.844841059156,16.4947106570537],[102.844854619597,16.49471962961],[102.844885171245,16.4947328196666],[102.84497090637,16.4947432729157],[102.845122682548,16.4947593899225],[102.845272301896,16.4947566346553],[102.845330844171,16.4947435218934],[102.845362530807,16.4947240291872],[102.84538771864,16.4946462070964],[102.845413327374,16.494499611476],[102.845424604862,16.4944392349746],[102.845458937176,16.4943732773425],[102.845497342251,16.4943330301777],[102.845564245077,16.494292259987],[102.845595777134,16.4942855681058],[102.845635302856,16.4942897206254],[102.845671455063,16.4943074758415],[102.845690975057,16.4943180745782],[102.845739191907,16.494324363323],[102.845769794441,16.4943245765694],[102.845829140852,16.4943277721031],[102.845862574386,16.4943469912316],[102.845868338734,16.4943519856738],[102.845888882949,16.4943997414175],[102.845933534253,16.4944951890746],[102.845953809278,16.4945291971566],[102.846024225281,16.4945760324981],[102.846085330482,16.4946024122047],[102.846147637638,16.4945995474964],[102.84618336394,16.4946040459794],[102.846230390816,16.4946392819126],[102.846254326063,16.4946783799821],[102.846255653008,16.4946862658577],[102.846268763948,16.4947641557721],[102.846281678649,16.494784870702],[102.846373830969,16.4948714426646],[102.846425081572,16.4949195890953],[102.846455631303,16.4949462870104],[102.84649122071,16.494943912551],[102.846500687019,16.4949334719891],[102.846508656902,16.4949246812986],[102.846527537641,16.4948882313323],[102.846545041871,16.4948724383282],[102.846591184593,16.4948629940468],[102.846632386947,16.4948742660555],[102.846672052132,16.4948976037304],[102.846733291685,16.4949308579346],[102.846761824429,16.4949320520328],[102.846836327901,16.4949152071063],[102.846898499941,16.4949054665431],[102.846961656476,16.4949455598462],[102.846996991816,16.4950169100856],[102.847000871803,16.4950211984303],[102.847067717816,16.4950430066282],[102.847158392665,16.4950725865301],[102.847246043024,16.4950898815973],[102.847334274524,16.4951363917446],[102.847381025178,16.4951700363032],[102.847403984404,16.4951849484435],[102.847466433593,16.4951997419624],[102.847490564238,16.4952005550988],[102.847504109004,16.4951986669695],[102.847575857258,16.4951886694311],[102.847705783181,16.4951811168956],[102.847801930981,16.4951776280533],[102.847832184517,16.4951797187333],[102.847850914289,16.4951936169976],[102.84787021989,16.495219972379],[102.847875905852,16.4952457089483],[102.847875568301,16.4953250699574],[102.847879450627,16.4954031170732],[102.847878641201,16.4954110765818],[102.847885553534,16.4954437715034],[102.84791301018,16.4954781396046],[102.847942089205,16.4955068277125],[102.847983655747,16.4955365795504],[102.84804392422,16.4955797176314],[102.848045111972,16.4955805691502],[102.848045109472,16.4955804428768],[102.848059646464,16.4955893213939],[102.848279668454,16.4956925178226],[102.84828995646,16.4957001527901],[102.848294736961,16.4957126993283],[102.848291714416,16.4957383022347],[102.848279209587,16.4957601685188],[102.848215648078,16.4958185762395],[102.848083503232,16.4958996103809],[102.848082163721,16.495921984585],[102.848094801378,16.4959303468052],[102.84811994246,16.4959401974284],[102.848158334626,16.4959893427048],[102.848242877875,16.4962095472522],[102.848287328533,16.4962946829077],[102.848284581472,16.4963359921645],[102.848274371233,16.4963602460063],[102.848271182723,16.4963792147905],[102.848276798742,16.4963928647548],[102.84830214501,16.4964130264419],[102.848394925134,16.4965093040783],[102.848413999251,16.4965219273038],[102.848425346677,16.4965249690631],[102.848475214176,16.4965147013415],[102.848489001299,16.4965095108269],[102.84849849839,16.4965115373357],[102.848506207799,16.4965349330408],[102.848522870479,16.4965593402851],[102.848552857786,16.4965756980834],[102.848591892709,16.4965723772687],[102.848622531898,16.4965536017453],[102.848654089039,16.4965275793189],[102.848699883289,16.4965178612296],[102.848735440891,16.4965184996379],[102.848826280378,16.4965168250908],[102.848870944827,16.4965228771066],[102.848958802867,16.4965504814374],[102.849162622104,16.4966245618746],[102.849192869392,16.4966278849403],[102.84925066897,16.4966224595067],[102.84934980519,16.4965896898541],[102.849446785033,16.4965380490232],[102.849600386166,16.4964664523844],[102.849723673371,16.4963936966587],[102.849785607213,16.4963719249474],[102.84984774442,16.496360467043],[102.849931835338,16.4963778255467],[102.850000336605,16.4964178191543],[102.850094540252,16.4965105272676],[102.850303618141,16.496706190066],[102.85037794099,16.4967701444589],[102.850426556042,16.4967919239808],[102.850500342103,16.4968131129507],[102.850513579479,16.4968143530672],[102.850538896743,16.4968132148498],[102.850560440781,16.4968080372386],[102.850699168907,16.4967951646797],[102.850779425755,16.4967988427676],[102.850849198413,16.4968130272488],[102.850901020697,16.4968309055874],[102.851049713859,16.4968609003324],[102.851205425854,16.4968958489303],[102.851237969926,16.496908744901],[102.851313183904,16.4969385573622],[102.851442043621,16.4969671212223],[102.851591006585,16.4970211039547],[102.851753016227,16.497104071564],[102.851801484776,16.4971220837017],[102.851846205163,16.4971364728554],[102.851869399604,16.4971603477927],[102.851873855085,16.4971774792545],[102.851894981091,16.497254447209],[102.851895696468,16.4972905377699],[102.851897954245,16.4973145607756],[102.851884691686,16.497364659045],[102.851885270745,16.4973938722498],[102.851885986073,16.4974299601047],[102.851876525738,16.4974920228108],[102.851881382966,16.4975572581359],[102.851892888026,16.4975983025361],[102.851919049491,16.4976597071097],[102.851930818756,16.4976917157284],[102.85198110921,16.4977456274021],[102.852094347717,16.4977836839961],[102.852199882606,16.4978040861366],[102.852314423461,16.4978294758484],[102.852455514874,16.4978457840647],[102.852512919755,16.497865354434],[102.852576216335,16.4979123201881],[102.852691448915,16.4980397174151],[102.852708469825,16.4980782454441],[102.852740038698,16.4981062812869],[102.85275376024,16.4981115599218],[102.852785726345,16.498107555774],[102.852831354803,16.4980876855721],[102.852958070051,16.4980486179876],[102.852988754265,16.4980491109597],[102.853105724759,16.498043595665],[102.853269661293,16.4980680767337],[102.853335769764,16.4981509992747],[102.85339866752,16.4982632481994],[102.853442248911,16.4983575617831],[102.853512293571,16.4984477281393],[102.853612444661,16.4985263652282],[102.85368978032,16.498601762886],[102.853766751535,16.4986588762827],[102.853858669027,16.4987047384341],[102.853965168258,16.4987210651067],[102.854063725685,16.4987192455933],[102.854167014254,16.4987648976587],[102.854290851686,16.498890654192],[102.854365630053,16.4990282935128],[102.854408632681,16.4990933494281],[102.854496469348,16.4991246534658],[102.854541958105,16.4991238135487],[102.854607847972,16.4991957642609],[102.854670466058,16.4992612834836],[102.854802625098,16.4993940274338],[102.854833485033,16.4994200566553],[102.854870155487,16.4994291592558],[102.854902008711,16.4994268612313],[102.854969745466,16.4994117739728],[102.855016135725,16.4993950435621],[102.855051072063,16.4993736857611],[102.855135870128,16.4993474254015],[102.855234939419,16.499323646173],[102.855443223401,16.49927953548],[102.855523305071,16.4992641668276],[102.855596237731,16.4992512436184],[102.855647741806,16.499246819498],[102.855696870875,16.4992435977524],[102.855742514496,16.4992462275624],[102.855764334358,16.4992573998236],[102.855776602615,16.4992710637415],[102.855788963628,16.4992893546138],[102.855801670055,16.4993250042818],[102.855793346585,16.4994571066589],[102.855792472527,16.499472489442],[102.855791098182,16.4995465960829],[102.855758126237,16.4996048243562],[102.855730568112,16.4996492335453],[102.855668839644,16.4996915309595],[102.855621269802,16.4997308221289],[102.855598483631,16.4997333092014],[102.85547645924,16.4997574314006],[102.855423297105,16.49978661207],[102.855406728946,16.4998116115315],[102.85538764434,16.4998531203777],[102.855368615125,16.4998973738234],[102.855369377066,16.4999357723026],[102.855390256768,16.4999847744939],[102.855408077648,16.5000228579036],[102.855377512198,16.5000590920634],[102.855336118977,16.5001229634807],[102.855294836453,16.5001923204869],[102.855256121975,16.5002479109693],[102.855220579852,16.5003199066721],[102.855198814512,16.5003696964828],[102.85517120173,16.50041136193],[102.855144567679,16.5005023998404],[102.855145982703,16.5005737120896],[102.855146558289,16.5006027195295],[102.855164327779,16.5006411332367],[102.855207806571,16.5006795773883],[102.855286038272,16.5007522146927],[102.855352297422,16.5007948919927],[102.855458303385,16.5008340913088],[102.855521284132,16.500854878555],[102.8555897341,16.5008645885849],[102.855706513397,16.500873406773],[102.85580935075,16.5008962015164],[102.855866155586,16.5008924083798],[102.85591120732,16.5008696256244],[102.855927667509,16.5008391395784],[102.855977860883,16.5007888245708],[102.856011050625,16.5007415674819],[102.856039427179,16.50073829856],[102.856105576622,16.500775489983],[102.856207477257,16.5008943344825],[102.856264715706,16.5009124828499],[102.856324419832,16.5009113798412],[102.856366520551,16.5008831647872],[102.856391235616,16.5008388080362],[102.856436342612,16.5008187670728],[102.856482374237,16.5008453547754],[102.856522774303,16.5008747903269],[102.856582748759,16.5008874013253],[102.856623149763,16.500916835933],[102.856677165979,16.5009158379135],[102.85673069311,16.5008901554904],[102.856761310954,16.5008566649046],[102.856800406143,16.5008202729647],[102.856859400486,16.5007835133412],[102.856944362065,16.5007654805922],[102.856995537084,16.5007645349966],[102.857038180281,16.5007637470397],[102.85709531265,16.5007764113084],[102.857150200975,16.5008192971669],[102.857182724593,16.5008818029717],[102.85722367113,16.5009386645914],[102.857277740853,16.5009404101412],[102.857337281527,16.5009310775206],[102.857410489888,16.5008940568887],[102.857471891431,16.5008353021259],[102.857541604126,16.5007654194123],[102.857640346786,16.500725182119],[102.85770769914,16.5007296388406],[102.857704844172,16.5008723680051],[102.857701282148,16.5009794406855],[102.857706522421,16.5011000706465],[102.857705203402,16.5011769199443],[102.857717075303,16.501227835038],[102.857740409706,16.5012311455017],[102.857756182374,16.5011133474027],[102.857755291264,16.5009610845906],[102.857752840478,16.5008376601718],[102.857780635939,16.500678903165],[102.857839085366,16.5006147152643],[102.857928861302,16.5005526939934],[102.858159697664,16.5004331883936],[102.858348596897,16.5003501272844],[102.858537550391,16.5002698079382],[102.858675982632,16.5002233489679],[102.858769092225,16.5001859582698],[102.858932948726,16.5001307977379],[102.859049182518,16.500112186103],[102.859156997223,16.5000992185734],[102.859293241753,16.5000857244747],[102.859384216394,16.5000840425004],[102.859458132172,16.5000826758878],[102.85956261435,16.500045074608],[102.859604114966,16.4999866891476],[102.859619754374,16.4999150610107],[102.859652835893,16.4998623179243],[102.859740531512,16.4998387459925],[102.859845284036,16.4998148577345],[102.859931670232,16.4998506459817],[102.860009042789,16.4998800819553],[102.860056564541,16.4999100707909],[102.860108145961,16.4999296950464],[102.860176949696,16.499957232223],[102.860234559788,16.4999582249519],[102.860309309482,16.4999630150576],[102.860371184543,16.4999639306808],[102.86042231636,16.4999609251989],[102.860505514239,16.4999614464481],[102.860569479907,16.4999602634655],[102.8606397612,16.4999548466],[102.860725049674,16.4999532692142],[102.860769092654,16.4999680648136],[102.860801183246,16.4999946639069],[102.860838393618,16.5000021249888],[102.860895496432,16.5000073351005],[102.860955159628,16.5000029779886],[102.861014895998,16.4999890319868],[102.861039817093,16.4999796250303],[102.861069647729,16.4999774455724],[102.861109360291,16.4999825297594],[102.861146516238,16.4999971819787],[102.861181203796,16.5000094175544],[102.861218279982,16.5000336560452],[102.861247889079,16.5000602350908],[102.861292193986,16.5001132900748],[102.861303833356,16.5001258310598],[102.861351877637,16.5001497727964],[102.861404896189,16.5001611396046],[102.861436909208,16.5001620902937],[102.861468893442,16.5001614986295],[102.861507118957,16.5001530743932],[102.86158321599,16.5001204391269]]]},"properties":{"id":"waterways-0107","label":"ห้วยศิลา","sourceRecord":107,"sourceFolder":"ลำห้วย","datasetId":"waterways","sourceVersion":"2012-30","geometryDisplayRepair":false,"villageIds":["v14","v26","v28","v02","v17","v01"],"villageId":null,"electionIds":["e03","e02","e01"],"electionId":null,"insideMunicipality":true}},{"type":"Feature","id":"waterways-0108","geometry":{"type":"Polygon","coordinates":[[[102.828344964297,16.5001540781544],[102.828348496559,16.5000921246827],[102.828310098448,16.4998315230653],[102.828326648615,16.4997563287263],[102.828353550758,16.4997411143551],[102.828384693076,16.4997384174115],[102.828439415022,16.4997626791143],[102.828552172006,16.4998179143613],[102.828666681483,16.499848409745],[102.828700346553,16.4998467754074],[102.828778788115,16.4997882915725],[102.828891330605,16.4996672872726],[102.828926854661,16.4995996228867],[102.828943657698,16.4995124991313],[102.828891935286,16.4992157217515],[102.828889764517,16.4990535896318],[102.828909634208,16.4988844006191],[102.828934200422,16.4988181896251],[102.829049002057,16.4986260473149],[102.829200397375,16.498471988403],[102.829310533783,16.4983943276852],[102.829374569891,16.4983885676163],[102.829434078708,16.4983943524664],[102.829468004278,16.4984281131379],[102.829579107525,16.4985200548679],[102.829704186977,16.4985979845993],[102.829797220657,16.4986169071532],[102.829855490187,16.4986102051447],[102.829892039159,16.4986060012422],[102.830014365647,16.4985441585073],[102.830045285098,16.4985096224589],[102.830095730911,16.4984532733406],[102.830144821896,16.498421189295],[102.830295319755,16.4984541952021],[102.830637565116,16.4985808601151],[102.830837201486,16.4986494672621],[102.83085833975,16.4986690959271],[102.830870379346,16.4987003651591],[102.830873273354,16.4987237699673],[102.830876034031,16.498746104391],[102.830862145434,16.4988255556521],[102.830795394707,16.4988736521583],[102.830710902422,16.4989289677515],[102.830683145191,16.498964977061],[102.830658112322,16.4990205784823],[102.830629639465,16.4991299233847],[102.83064215712,16.4992959283885],[102.830645618758,16.4993508770168],[102.830692685767,16.4994485766555],[102.830736610133,16.4995073646398],[102.830834979085,16.4995559888786],[102.831014100344,16.4996031293195],[102.831104531121,16.4996106370633],[102.831275443095,16.4996029148998],[102.83128973628,16.499587153829],[102.831295203444,16.4995638491314],[102.831293869603,16.4995587178897],[102.831283270149,16.4995179625998],[102.831240474194,16.4995164571004],[102.831095554793,16.4995168258004],[102.830926294653,16.4994878400273],[102.830832449226,16.4994276727467],[102.830755347875,16.4993057517313],[102.830718184721,16.4991753425635],[102.830725562165,16.4990674756347],[102.830780709751,16.4989724840341],[102.830897655223,16.4988786511485],[102.830981887943,16.4988129259475],[102.831051331366,16.4987199647069],[102.831050608603,16.4986833059251],[102.831038202823,16.4986437585403],[102.831022724415,16.498594421677],[102.830931027378,16.4985227566691],[102.830639649411,16.4984455846807],[102.830329319413,16.4983710526958],[102.830285750563,16.4983545234415],[102.830219162723,16.4983239147769],[102.830201540267,16.4982989304511],[102.830207303717,16.4982565827522],[102.830314067102,16.4981075666456],[102.830402564379,16.4979840453068],[102.830470269138,16.4978621343718],[102.830552999516,16.4977074894067],[102.830586197769,16.4976161055859],[102.830605047835,16.49753394303],[102.830617646513,16.4974485431406],[102.830611793274,16.4973613614047],[102.830604098203,16.4973235050527],[102.830555134789,16.4972130626388],[102.830553511032,16.49720940023],[102.830533244512,16.4971455925635],[102.830541616804,16.4970881349606],[102.830597891451,16.497050428608],[102.830702212326,16.497039346333],[102.830778030778,16.4970287851722],[102.83096479715,16.4969818080087],[102.831182888358,16.4969571769279],[102.831348480925,16.4969205538537],[102.831409584475,16.4968877592329],[102.83143520436,16.4968608599138],[102.83149259033,16.4967589526263],[102.831544802565,16.4965150249917],[102.831549002871,16.4964962956398],[102.831573191101,16.4963884360779],[102.831554239494,16.4962847887935],[102.831551889159,16.4962719290866],[102.831534521454,16.4961140869738],[102.8316563038,16.4960247525595],[102.831860982613,16.4959224330995],[102.832075885392,16.4958566005565],[102.832270704852,16.495833077845],[102.832290620396,16.4958097777579],[102.832303489293,16.4957734993557],[102.832292465899,16.4957311079085],[102.83226850898,16.4957217171038],[102.832244656584,16.4957217533685],[102.832224479532,16.4957217835299],[102.832196582887,16.4957122710314],[102.832167993218,16.495708212092],[102.832014254045,16.4957431229477],[102.83187736317,16.4957891881693],[102.831731423477,16.4958583367953],[102.83165998763,16.4959056847063],[102.831573062731,16.4959632962361],[102.831551512013,16.4959740590963],[102.831511361017,16.4959747958968],[102.831502205216,16.4959706761988],[102.831483913058,16.4959369998051],[102.831483497737,16.4959362368652],[102.83141851491,16.4958938772725],[102.831353670461,16.4958583933214],[102.831268081046,16.4958553783786],[102.831149828341,16.4958827628894],[102.831072539992,16.4959391922577],[102.831029084674,16.4960248000843],[102.831016550378,16.4961121305891],[102.83101019528,16.4961512155921],[102.831035571483,16.4962332677309],[102.831057656693,16.4962691618978],[102.831096933363,16.4963329960396],[102.831152503375,16.4963801112014],[102.831257320673,16.4963942324877],[102.831322122969,16.4964274262795],[102.831383014667,16.4964672415787],[102.83140762785,16.4965313104284],[102.831410465419,16.4965702123013],[102.831398430105,16.4966827474172],[102.831361831494,16.496754476684],[102.83129532094,16.4968101155976],[102.831225888264,16.4968486563616],[102.831159705885,16.4968659154466],[102.83103446508,16.4969003055478],[102.830987002721,16.4969064314187],[102.830724019464,16.4969403828945],[102.83060368603,16.4969501655003],[102.830521370671,16.4969845554565],[102.830473445141,16.4970045751679],[102.830398666324,16.4970678356738],[102.830375909641,16.4971186807716],[102.830386503881,16.4971453856955],[102.830408409795,16.4972006032134],[102.830487164096,16.4973389801198],[102.830527604052,16.4974620125895],[102.830521656401,16.4975009908738],[102.830512874693,16.4975585543412],[102.830446122971,16.497667508838],[102.830314089876,16.4978395532214],[102.830260369357,16.4978863818371],[102.830187288299,16.4979152273426],[102.830147950286,16.4979686693854],[102.830042629799,16.4981700183758],[102.829986983313,16.4982398060582],[102.829945678805,16.4983139115894],[102.829894648877,16.4983767363522],[102.829826225667,16.4984009126529],[102.829764519117,16.4984043382879],[102.829721362057,16.4983845007474],[102.82967479351,16.4983120036055],[102.829592553329,16.4982378725697],[102.829539671854,16.4982067523714],[102.829430150202,16.498195007608],[102.829221466309,16.4982148800274],[102.829089820587,16.4982860596814],[102.82898237672,16.4983797164795],[102.828852819813,16.498606467237],[102.828840985647,16.4986213006171],[102.828815880249,16.498662047794],[102.828762544294,16.4988307109901],[102.828721210194,16.4991054006546],[102.828719771704,16.4992095802854],[102.828776690386,16.4994640817949],[102.828776686312,16.499488270693],[102.828776677285,16.4995158153309],[102.828758116831,16.4995853782997],[102.828741050977,16.4996328273887],[102.828678679801,16.4996900699471],[102.828635234006,16.4996926136192],[102.828556090504,16.4996551002598],[102.828525840488,16.4996184036345],[102.828348033061,16.4995549638733],[102.82826186092,16.4995720718303],[102.828228723933,16.4995940991931],[102.828167904556,16.4996623266313],[102.828135663906,16.4997139473992],[102.828138466095,16.4998025812012],[102.828161918734,16.4999075901987],[102.828200116173,16.5000375417341],[102.828197162235,16.5000819042094],[102.828193567282,16.5000936377671],[102.828158820754,16.5001058929773],[102.828120046444,16.5000934837071],[102.828022665854,16.500037959947],[102.827969060771,16.5000073958505],[102.827957002406,16.4999929600202],[102.827918242347,16.4999518401783],[102.827799852444,16.4998898693283],[102.827703874985,16.4998625489985],[102.827578456309,16.4998380629904],[102.82755750391,16.4998231161879],[102.827496676822,16.4997901272443],[102.827479608447,16.4997872343229],[102.827373817354,16.4997752469797],[102.827307882818,16.4997771533247],[102.827191374511,16.499809888179],[102.827022112085,16.4997916293535],[102.826730328264,16.4997206663102],[102.826251846282,16.4995529397097],[102.825875809428,16.4993993799899],[102.825470207589,16.4992952641938],[102.825442569787,16.4992772103064],[102.825423770709,16.4992472130951],[102.82544822787,16.4991619530801],[102.825458613652,16.4990861237179],[102.825433645937,16.4990246923678],[102.825348717109,16.4989345630354],[102.82524935412,16.4988355262375],[102.825100209325,16.4987419897143],[102.825016453453,16.4987114330449],[102.824878295021,16.4986933350223],[102.824807358196,16.498664462591],[102.82472767683,16.4986456666402],[102.824692589316,16.4986177479855],[102.824654016774,16.4985870590378],[102.824643197572,16.4985784489722],[102.824603844887,16.4985104036439],[102.824564893344,16.4983568677183],[102.824512574482,16.4983045073118],[102.824511864508,16.4983035034231],[102.824507555256,16.498301907692],[102.824462529479,16.4982852323689],[102.824411646054,16.4982897899512],[102.824376554792,16.4983095760321],[102.824230275776,16.4983613805912],[102.824095034287,16.4983707343541],[102.823976509504,16.4983843664367],[102.823882831676,16.4984019962156],[102.823835647667,16.4984149946236],[102.823783200857,16.4984612562756],[102.823746022595,16.4985296938835],[102.823720864961,16.4985914210551],[102.823681914962,16.4987473414404],[102.823599163343,16.4988886807138],[102.823557411645,16.498937826017],[102.823532702668,16.4989537260031],[102.823517481525,16.4989635249847],[102.823377490091,16.4989729653622],[102.823213927311,16.4989920056364],[102.823199709156,16.4989976428513],[102.823001754409,16.499076118656],[102.822905869919,16.4991284559031],[102.822824465571,16.499156528473],[102.82272043228,16.4991477412062],[102.822631788995,16.499110399279],[102.822571151807,16.4990473259958],[102.822530528422,16.4990215348715],[102.822479015268,16.498994906384],[102.822325801976,16.4990151442203],[102.822261270081,16.49899569637],[102.822212552635,16.4989347019787],[102.822192185,16.4987448221621],[102.822156961692,16.4987301468188],[102.822120045323,16.4987342875458],[102.822054928735,16.4987725499927],[102.822012324404,16.498822637332],[102.821973603644,16.4988517760398],[102.821916373581,16.4988520243384],[102.821873873694,16.4988342446919],[102.821782162578,16.4987958820559],[102.821684852547,16.4988011003373],[102.821586309543,16.498840019683],[102.821423162168,16.498904454051],[102.821251882083,16.4989579243815],[102.82108656642,16.4989529161746],[102.821057521959,16.4989381248345],[102.821010786597,16.4989444256572],[102.820641036244,16.4991227736111],[102.820278433594,16.4992898620881],[102.820195712093,16.4993120062027],[102.820017269253,16.4992992267403],[102.819773539447,16.4993495273268],[102.819641213545,16.4993863327346],[102.819591608327,16.4994009942179],[102.819590005466,16.4994010984365],[102.819523279326,16.499381789108],[102.819512600107,16.4993703501536],[102.819409787276,16.4992163612987],[102.819324137145,16.4990895661017],[102.819253685873,16.4990106299745],[102.818979249099,16.4989491757546],[102.818888367584,16.4989187486002],[102.818772923739,16.4988475099817],[102.818743027546,16.4987769992204],[102.818765842936,16.4986604855661],[102.818779959005,16.4986182835842],[102.818789256363,16.4985904884663],[102.818822675995,16.4984775597052],[102.818820244758,16.4983538481806],[102.81879967482,16.4982875610569],[102.818752906765,16.498222097816],[102.818740511451,16.498191954674],[102.818712759065,16.498151523702],[102.818680463036,16.4981295495246],[102.818636800246,16.4981132088259],[102.81851052013,16.498068382002],[102.818257147589,16.4979905000208],[102.818120374456,16.4979219428371],[102.817955144875,16.4976973229523],[102.817953088709,16.497694871085],[102.817936985286,16.4976591589542],[102.817945138414,16.4976037272259],[102.81795587868,16.4975306937769],[102.817942878828,16.497473626801],[102.817905032958,16.4973966102749],[102.817855792793,16.4973390573599],[102.817807281539,16.497304656968],[102.817775559077,16.4972967751968],[102.817735534319,16.4972948416648],[102.817671816228,16.4973166362726],[102.817628125418,16.4973604139437],[102.817594620833,16.4973782173689],[102.81756773207,16.4973701136399],[102.817536640758,16.4973294222701],[102.817518118809,16.4972936586633],[102.817500804012,16.4972286490032],[102.817506233257,16.4972176561574],[102.817530350416,16.497196268085],[102.817549622907,16.4971877795743],[102.817585725799,16.4971787938352],[102.817611439209,16.4971458261146],[102.817605501735,16.4970778636088],[102.817607358449,16.4970529286449],[102.817598340136,16.4970345682432],[102.817580238398,16.4970088631111],[102.817547835067,16.4969922657107],[102.817473159001,16.4970005076133],[102.817417162074,16.4970084783424],[102.817385909856,16.4970038217765],[102.817354987485,16.4969717253735],[102.817310832371,16.4966962366454],[102.81730834852,16.4965830675416],[102.817319794687,16.496540863005],[102.817316394313,16.4964584054057],[102.817315145391,16.4963948217702],[102.817330126685,16.4963348989272],[102.817337988563,16.4962878170749],[102.81734037102,16.4962276039432],[102.817316101169,16.4961713158856],[102.817249014018,16.496112372827],[102.817183876982,16.496087575362],[102.817117564045,16.4960425723052],[102.817046296256,16.4958847628651],[102.817017494054,16.4958466985317],[102.816959988123,16.4958219644896],[102.816805286231,16.49583854638],[102.816688052309,16.4958655642398],[102.816669743637,16.4958677892481],[102.816525030786,16.4959038379477],[102.816443472913,16.495895906776],[102.816422977165,16.4958860113097],[102.816199010822,16.4957258492496],[102.816170076347,16.4956913278442],[102.816124529224,16.4956532887701],[102.816102267407,16.4956438036094],[102.81607421483,16.4956318563042],[102.815981861204,16.4956472980686],[102.815868399763,16.4956768776572],[102.81566013503,16.4957786763636],[102.815571510046,16.49580264253],[102.815482482156,16.4958059919103],[102.815464730607,16.4957988189928],[102.81542141051,16.4957813189508],[102.815211825434,16.495724978027],[102.815095671938,16.4957081915348],[102.815017598939,16.4957250890598],[102.814937746816,16.4957420208687],[102.814835446126,16.4957954624619],[102.814775588945,16.4958326602483],[102.814770032453,16.4958401796672],[102.814758982214,16.4958490762277],[102.814731743666,16.4958626862641],[102.814695755075,16.4958633437704],[102.814651549204,16.4958572261568],[102.814646155041,16.4958564819468],[102.814629897388,16.4958542317406],[102.81454382605,16.4958265783288],[102.814490418219,16.4958292738357],[102.814419254704,16.4958402150915],[102.814363596294,16.4958838263994],[102.814354476748,16.4958936468294],[102.814293415508,16.4959600914699],[102.814244921542,16.496031462334],[102.814211448544,16.4960509817517],[102.814199338741,16.496056357876],[102.814169038467,16.4960601696343],[102.814156331749,16.4960571471142],[102.814141208354,16.4960537915731],[102.814128403688,16.4960428711001],[102.814085310491,16.4959793640543],[102.813998096955,16.4958996570476],[102.813947160559,16.4958675429977],[102.813651642265,16.4957637961814],[102.813572471104,16.4957301747327],[102.813540741102,16.4957237992309],[102.813504803027,16.495726936963],[102.813428411522,16.4957386482958],[102.81336475773,16.4957638773112],[102.813252570747,16.4957676450888],[102.813077871254,16.495763958982],[102.812913861545,16.4957600766175],[102.812823084163,16.4957651739107],[102.812755632266,16.4957784406692],[102.812701140335,16.4957983445788],[102.812674347285,16.4958175586242],[102.812644391506,16.4958689681068],[102.812597470204,16.4959502200864],[102.812549056445,16.4960572765994],[102.812480412845,16.4961529246013],[102.812396949969,16.4962061818033],[102.812290884723,16.4962493767122],[102.812223158283,16.4962748349955],[102.811996953223,16.4963250506661],[102.811912396328,16.4963501989554],[102.811848979427,16.4963839537309],[102.811799692909,16.4964253196012],[102.811750846177,16.4964891567822],[102.811711163522,16.4965449593818],[102.811627443903,16.4966128051345],[102.81158611053,16.4966439099392],[102.81155244575,16.4966501450218],[102.81151253861,16.4966351362795],[102.811416261893,16.4965369688264],[102.811307458254,16.4963498488372],[102.811292687617,16.496312928671],[102.811226887186,16.4961484594318],[102.811213406217,16.4960971319186],[102.81120714549,16.4960791926899],[102.811188362297,16.4960637630861],[102.811150235834,16.496049173802],[102.811046602094,16.4960417264389],[102.810944861996,16.496077431045],[102.810917411313,16.4960870634968],[102.810898392266,16.4960891764585],[102.810824956358,16.4960973454978],[102.810644576161,16.4960765710683],[102.810428703697,16.4960633180291],[102.810360275186,16.4960267462607],[102.810236624673,16.4959911794825],[102.810079133886,16.4959562328383],[102.81003418107,16.4959570531184],[102.809904372521,16.4959795758772],[102.809857013318,16.4959877929992],[102.809764993378,16.4960204151477],[102.809689294264,16.4960910969177],[102.809650994984,16.4961534265981],[102.809606823121,16.4961882697041],[102.809404446937,16.4962625186922],[102.809318720375,16.4962525926407],[102.809263355675,16.4962461820769],[102.809153082645,16.4962567884371],[102.809034109395,16.4962778705442],[102.809003480239,16.4962892534964],[102.808977074352,16.4962917428673],[102.808974183993,16.4962913399255],[102.80892898109,16.4962780703611],[102.808927535897,16.4962773432907],[102.808903522111,16.4962520924102],[102.808894290769,16.4962259709181],[102.808894091837,16.496225412404],[102.8088809482,16.4961912675985],[102.808860919067,16.4961692843968],[102.808835643246,16.4961525554456],[102.808826331219,16.4961508060873],[102.808760526731,16.4961384536778],[102.80866837172,16.4961642012967],[102.808523923455,16.4962493566257],[102.808480704592,16.4963171907059],[102.808481748604,16.4963704661047],[102.808566148477,16.4966085801251],[102.808570143048,16.4966674276413],[102.808552442312,16.4967044125544],[102.808474940367,16.4967505243285],[102.808137107186,16.4968787446312],[102.80808363501,16.4968780019055],[102.807980565751,16.4968247925852],[102.807845755365,16.4967551949161],[102.807646202475,16.4966521748651],[102.807396382043,16.4965432659546],[102.807325971581,16.4964964139534],[102.807293705368,16.496486687027],[102.807213141782,16.4964675254768],[102.807124045252,16.4964674311657],[102.806992923553,16.4964990760537],[102.806878267769,16.4965605986803],[102.806800830684,16.4966142954038],[102.806689317384,16.4966524294071],[102.806632349518,16.4966551887638],[102.806561055654,16.4966406799477],[102.806508874736,16.4966293678638],[102.806479786124,16.4966144631201],[102.806450638011,16.4965964726241],[102.806411953353,16.4965817446178],[102.806373240324,16.4965654723507],[102.806320102024,16.4965479200864],[102.806272064886,16.4965457089755],[102.806228946659,16.4965495818481],[102.806195422631,16.4965532789114],[102.806186129663,16.4965688833849],[102.806188121218,16.4965889119441],[102.80620918409,16.4966024191734],[102.806236400127,16.4966034668981],[102.806274782625,16.4966027671868],[102.80631156546,16.4966020966308],[102.80636461126,16.4966150207836],[102.806398678273,16.4966390943798],[102.806453747766,16.4966735903398],[102.806500518629,16.4966928025142],[102.806579686377,16.4967041071304],[102.806629997389,16.4967171207683],[102.806687126116,16.4967160791972],[102.806711901815,16.4967095702184],[102.806773575914,16.4966784012581],[102.806994217264,16.4965712297958],[102.807108890361,16.4965124074332],[102.807162293278,16.496509712959],[102.807230116559,16.4965153528084],[102.807291320733,16.4965469015786],[102.807369026484,16.4966022160374],[102.807548603832,16.4966728654912],[102.80763316542,16.4967143025799],[102.80774293368,16.4967690321489],[102.807991344852,16.4968968770163],[102.8080397893,16.4969249325702],[102.808057812424,16.4969295476444],[102.808107802425,16.4969291339533],[102.808226574249,16.4968977424733],[102.808346928741,16.4968560076794],[102.808580170038,16.4967554813887],[102.808611796394,16.4967325549989],[102.808635904463,16.4966981412047],[102.80863942594,16.4966813543326],[102.808622008002,16.4966171834861],[102.808555793314,16.4964126251997],[102.808544048162,16.4963652250862],[102.808552428124,16.4963364020162],[102.808558281968,16.49631626561],[102.808586035026,16.4962821065665],[102.808629251999,16.4962594686491],[102.80865110935,16.4962517097503],[102.808676060492,16.4962428513369],[102.808718303917,16.4962278530319],[102.808761974923,16.4962123495481],[102.808782301259,16.4962075023694],[102.808812580927,16.4962142208813],[102.80884821732,16.4962485960247],[102.808886802447,16.4963080649284],[102.808924748538,16.4963348789155],[102.808976607911,16.4963442472426],[102.809076022706,16.4963252435894],[102.809296529464,16.4963023081716],[102.809364278627,16.496321399503],[102.809432248428,16.4963236432515],[102.809494401745,16.4963147159559],[102.809538172012,16.4963025626093],[102.809605271315,16.4962691780015],[102.809732731047,16.4961748657903],[102.809810601696,16.4960745971494],[102.809968562509,16.4960424888553],[102.810087876072,16.4960385927671],[102.810172032434,16.4960594065301],[102.810311846898,16.4961015513014],[102.810378036224,16.4961312910113],[102.810410424668,16.4961306999425],[102.810436939678,16.4961198989854],[102.810518745977,16.496111529497],[102.810624109919,16.4961233605706],[102.810728501538,16.4961764676812],[102.810781974331,16.496177210651],[102.810946823094,16.4961329417423],[102.81099300235,16.4961252223324],[102.811128747554,16.4961416562438],[102.811148646747,16.496156764109],[102.811198796659,16.4962607175049],[102.811243232878,16.4963458662734],[102.81135240529,16.4965518884752],[102.811458651027,16.4966995147937],[102.811494546795,16.4967126125843],[102.811549767021,16.4967116045193],[102.811618561357,16.4966759668591],[102.811683490212,16.4966249250643],[102.811762367647,16.4965581584332],[102.81183169755,16.4964588996191],[102.811940887838,16.4963932993424],[102.811988815319,16.4963838288815],[102.812299391889,16.4963197065019],[102.812385932405,16.496280304998],[102.812535654071,16.4961916149982],[102.812603470264,16.4961061376244],[102.812702838803,16.4959031822012],[102.812748310782,16.4958593728901],[102.812847722697,16.495840367599],[102.813038186395,16.4958300138554],[102.813182903709,16.4958497176867],[102.813259668083,16.4958569111942],[102.813353906356,16.4958465946827],[102.813385698618,16.4958322619032],[102.813456409933,16.4958034634635],[102.81353125651,16.4958038153754],[102.813638942533,16.4958431076898],[102.813918875254,16.4959428640361],[102.813973056943,16.4959796938452],[102.814022445584,16.4960625172123],[102.814053963187,16.4961071527275],[102.814115111097,16.4961443839885],[102.814161470437,16.4961463306829],[102.81419545686,16.496144107328],[102.814255481125,16.4961155065512],[102.814308010263,16.4960681302291],[102.814344673294,16.4960296400682],[102.814405498443,16.4959511664973],[102.814484677057,16.4958998627863],[102.814538082121,16.4958971682301],[102.814652621558,16.4959225817333],[102.81468625429,16.4959270238263],[102.814737878473,16.4959201281093],[102.814750491012,16.4959156369635],[102.814988768567,16.4957995385627],[102.815072048741,16.4957756684848],[102.815237975948,16.4957863906065],[102.815315246233,16.4958193603379],[102.815431871222,16.4958602081157],[102.815530108856,16.4958721668876],[102.815645486446,16.4958494280426],[102.815898249308,16.4957450990212],[102.816066082584,16.4957162942338],[102.816085851364,16.4957210327915],[102.81613737667,16.4957630762434],[102.816233909124,16.4958696198156],[102.81637090423,16.4959496321271],[102.816430224985,16.4959760556772],[102.816487415745,16.4959927407116],[102.816529741185,16.495984207198],[102.816604689768,16.4959677109029],[102.816792657177,16.4959212934414],[102.816895778248,16.4959089921135],[102.816933906904,16.4959103496622],[102.816943866587,16.4959122185425],[102.816966059945,16.4959363583543],[102.816969054116,16.495948190642],[102.816979784894,16.4960090357013],[102.817020111015,16.4961170403051],[102.817043931303,16.4961626812636],[102.817067173542,16.4961788426116],[102.817107310968,16.4961799522544],[102.817130010435,16.4961684785677],[102.817141124176,16.4961260130311],[102.817144561148,16.4961230573939],[102.817152991472,16.4961227237128],[102.817201255893,16.4961304367423],[102.81724646276,16.4961639936528],[102.817283007179,16.4961989694477],[102.817304339604,16.4962458396763],[102.817302061766,16.496273002024],[102.81728569843,16.4963472228579],[102.817282549479,16.4964590241861],[102.817281404984,16.4965249831486],[102.81727115183,16.4965843106471],[102.817265480606,16.4966171239386],[102.817268551196,16.4966419868684],[102.817294576408,16.4968709601134],[102.817298880705,16.4969088262176],[102.817306554019,16.4969554174094],[102.81733267536,16.4970151102953],[102.817384905258,16.4970433802239],[102.817434647134,16.4970355951516],[102.817525152612,16.4970167486335],[102.817557722902,16.4970419401823],[102.817570661734,16.4970657726857],[102.817573763077,16.4971327611282],[102.817552860714,16.4971572124099],[102.817494449109,16.49717719013],[102.817453917966,16.4972002777989],[102.817443972726,16.497238283526],[102.817457285697,16.4972810188822],[102.817481689861,16.4973441791208],[102.817523708297,16.4973967056946],[102.817581047052,16.4974171863422],[102.817650276892,16.4973995462571],[102.817706367785,16.4973596969682],[102.81774053969,16.4973329214006],[102.817792744408,16.4973296731188],[102.817838682248,16.4973700920495],[102.817875523698,16.497431307689],[102.817893407028,16.4974951618637],[102.817882657106,16.4975526622501],[102.817850680262,16.4976201883639],[102.817850457528,16.4976206571259],[102.81783815964,16.4976702021949],[102.817848536076,16.4976909938238],[102.817861614376,16.4977054018377],[102.81788836592,16.4977221801131],[102.817915073792,16.4977514922467],[102.817993057986,16.4978509207421],[102.81805871205,16.4979276542508],[102.818112976252,16.4979850439127],[102.818162933777,16.4980324452646],[102.818220120805,16.4980455728451],[102.818345380365,16.498090582747],[102.818583213222,16.4981404046254],[102.818641023998,16.4981806070461],[102.818673115545,16.4982419093444],[102.818683869134,16.4982795545313],[102.818703731092,16.4983490803743],[102.818711184167,16.4984864764906],[102.818664284382,16.4986510319274],[102.81865339601,16.4986892435123],[102.818660622992,16.4988151808508],[102.818697509117,16.4988786863799],[102.818743760953,16.4989351477008],[102.818801436878,16.4989684732974],[102.818935655183,16.4990279073295],[102.819149286045,16.4991386093859],[102.819283502649,16.4991980422784],[102.819395006297,16.4993106124183],[102.819470974767,16.4994284154518],[102.819545106047,16.4994704050385],[102.819546249104,16.4994705086428],[102.819590493863,16.4994651947933],[102.819676041678,16.499465923187],[102.819900815197,16.4994182568977],[102.820121108525,16.4993844271286],[102.820247165199,16.49939128958],[102.820287406661,16.4993836766856],[102.820704589206,16.4992132973949],[102.821121365311,16.4990222945293],[102.821251497028,16.4989947003749],[102.821299178811,16.4990029968133],[102.821359545189,16.4990523180583],[102.821365522992,16.4990947667668],[102.82135650722,16.4991394759061],[102.821359604823,16.499176095208],[102.821381431524,16.4991986169295],[102.821382867265,16.4992716205301],[102.82139576165,16.4992854568478],[102.821423517656,16.4992849487636],[102.82144591161,16.4992801978407],[102.821449308345,16.4992673039792],[102.821446426966,16.4992490985783],[102.821426691725,16.4992046658],[102.821422875872,16.4991313836482],[102.821433723118,16.4990954375571],[102.821456507808,16.4990756976089],[102.821573702974,16.4990690272119],[102.821793231904,16.4989962437522],[102.821843107165,16.498995330683],[102.821913877054,16.4989762551579],[102.822008887266,16.4989682275755],[102.822113251933,16.4989594403832],[102.822122746991,16.4989592665434],[102.822134835707,16.4989672327291],[102.822137317224,16.4989750445647],[102.822147359683,16.4990023665551],[102.822164976039,16.4990524720218],[102.822198945816,16.499088525145],[102.822218349918,16.4991145000237],[102.822274769148,16.4991285138607],[102.822296266021,16.4991232342865],[102.822365199168,16.4990854811503],[102.82239881911,16.4990778853474],[102.82247228222,16.4990798580034],[102.822552075764,16.4991151405794],[102.822604505902,16.4991727851979],[102.822729135129,16.4992278102109],[102.822838205981,16.4992166427988],[102.822972681902,16.4991683368567],[102.82321250031,16.4990401669636],[102.823377052228,16.499071536506],[102.823445929668,16.4990702750306],[102.823552356071,16.4990454054995],[102.823627273541,16.4989890199082],[102.823705724793,16.4988706805945],[102.823818658723,16.4985729237186],[102.823874666763,16.4985214699384],[102.823990096417,16.4984712195827],[102.824227464544,16.4984599960349],[102.824313616941,16.4984199662386],[102.824366868268,16.4984207682849],[102.824429495701,16.4984407782118],[102.824467196887,16.4984770927915],[102.824529196653,16.4985805374626],[102.824587595642,16.4986505239229],[102.824674991769,16.4987451948604],[102.824759153511,16.498796371772],[102.82483300377,16.4988064797922],[102.824930111348,16.4987909486405],[102.824925269851,16.4987864509436],[102.824996596797,16.4987999328263],[102.825067605951,16.4988248743273],[102.825199503307,16.4989115932949],[102.825287351496,16.4989832676669],[102.825312880643,16.4990269007793],[102.825311109787,16.4991022727213],[102.825308274139,16.4991084034887],[102.825206015673,16.4992424013058],[102.825203649827,16.4992948674936],[102.825218978223,16.4993217332754],[102.825261609491,16.4993372882825],[102.825478818401,16.499388319574],[102.825710821581,16.4994665843482],[102.825924229699,16.4995658216452],[102.82631519288,16.499753489792],[102.826616704987,16.499862571455],[102.826816974856,16.4998978678684],[102.826960559484,16.4999502470759],[102.827128028918,16.4999812657415],[102.827201974113,16.4999788417285],[102.827231421354,16.4999720371748],[102.8273161509,16.4999360880494],[102.827464155705,16.4999455978748],[102.827568520009,16.4999368069888],[102.827700005587,16.499977947376],[102.827864034417,16.5001033025624],[102.827953220423,16.5001681377147],[102.828137453637,16.5002335243502],[102.828244283019,16.5002292742808],[102.828308002884,16.5002074764398],[102.828344964297,16.5001540781544]]]},"properties":{"id":"waterways-0108","label":"ห้วยศิลา","sourceRecord":108,"sourceFolder":"ลำห้วย","datasetId":"waterways","sourceVersion":"2012-30","geometryDisplayRepair":false,"villageIds":["v03","v02"],"villageId":null,"electionIds":["e01"],"electionId":"e01","insideMunicipality":true}},{"type":"Feature","id":"waterways-0109","geometry":{"type":"Polygon","coordinates":[[[102.876779651261,16.4987918672118],[102.876774840898,16.4987869625587],[102.876766765779,16.4987787323686],[102.876740437714,16.4987513515205],[102.876695153633,16.4987719527769],[102.876650863128,16.4987861990311],[102.876547002518,16.4988189957071],[102.876436376155,16.498833395558],[102.876336616126,16.49885788381],[102.876192203065,16.4988893743862],[102.876049719062,16.4989105406228],[102.875941635319,16.4989454716838],[102.875835970258,16.4989947632187],[102.875736497248,16.4990336513143],[102.875549195775,16.4990535894674],[102.87537886785,16.4990690989651],[102.875204317923,16.4990867447525],[102.87506175144,16.4991037948899],[102.87481720809,16.4991412602778],[102.874708919665,16.4991659043146],[102.874423986775,16.4992102921963],[102.874194533104,16.4992557072323],[102.873977668745,16.4992905981478],[102.873609909805,16.4993529828523],[102.873411945278,16.4993731197491],[102.873227144266,16.4994115301867],[102.873086706732,16.4994285413485],[102.872989242056,16.4994612159507],[102.87278951475,16.49949990567],[102.872625788934,16.4995255790038],[102.872377102948,16.4995692891139],[102.87208593675,16.4996220200463],[102.871750282609,16.4996899812375],[102.87148679565,16.4997401399522],[102.87105949714,16.4998118551159],[102.870713180671,16.4998800124878],[102.870405079207,16.4999392276351],[102.870156555547,16.4999911654082],[102.869854728002,16.5000440911097],[102.869601653152,16.5000817071279],[102.869416683312,16.5001118871365],[102.869331888172,16.5001381520707],[102.869253120766,16.5001457872087],[102.869097634485,16.500156899697],[102.868961788022,16.5001902849252],[102.868802979795,16.5002487887787],[102.868680131765,16.5002922223375],[102.86854026779,16.5003380283485],[102.868409012668,16.5003877908614],[102.868301131627,16.5004330049186],[102.86814457727,16.5004976389599],[102.868026033797,16.5005430504843],[102.867903144341,16.5005844254536],[102.867756759659,16.5006241794538],[102.86763985794,16.5006448654053],[102.867527096386,16.5006593012951],[102.867448164715,16.5006587056854],[102.867366935869,16.5006499221529],[102.867304897274,16.5006407821439],[102.867229942039,16.5006257090302],[102.867150314278,16.5005901427046],[102.867044894207,16.5005447665502],[102.866930701477,16.5004872053581],[102.866786656235,16.5004301961931],[102.866702681852,16.5003905967578],[102.866610464216,16.5003655537328],[102.866535428122,16.5003463647998],[102.866413318875,16.5003198163962],[102.866323767767,16.5003214750973],[102.866234132918,16.5003190200795],[102.86613564167,16.5003002654198],[102.866093040008,16.5003031143236],[102.866065526414,16.5003139115321],[102.86606175176,16.5003386755425],[102.866064374486,16.5003633210675],[102.866098818509,16.5003791458606],[102.866137483695,16.5003928334959],[102.866218672515,16.5003995620207],[102.866299695701,16.5003980613134],[102.866383260681,16.5004170905512],[102.866481669168,16.5004317304772],[102.866580160482,16.5004504849518],[102.866719776077,16.5004993440615],[102.866922004427,16.5005861418868],[102.867008112324,16.5006257016829],[102.867096228063,16.5006590536523],[102.867171509944,16.5006905834773],[102.867255197917,16.5007157842382],[102.867328102632,16.5007350114557],[102.867396497705,16.5007419765184],[102.867462596502,16.5007407518456],[102.867562809983,16.5007388950591],[102.867641577854,16.5007312613978],[102.867752001267,16.5007065793473],[102.867834706414,16.5006824108592],[102.867934428371,16.5006558689535],[102.86815281671,16.5005900882799],[102.868283743466,16.5005238692788],[102.868408559477,16.5004721689933],[102.868556953392,16.5004262040592],[102.868650033819,16.5003874392757],[102.8687219954,16.5003593543743],[102.868834223077,16.5003181747842],[102.868973883053,16.50026208387],[102.869103250286,16.5002247035005],[102.869233190957,16.5002161207701],[102.869322620679,16.5002082897971],[102.869418076227,16.5001818272498],[102.869847468328,16.5001080165187],[102.870157702835,16.5000487616663],[102.87040630853,16.5000009384735],[102.871065072607,16.49987760233],[102.871502990552,16.4998036303132],[102.871760082138,16.499753590182],[102.872378660854,16.4996474563562],[102.872608320875,16.4996123296005],[102.872788817377,16.4995719414602],[102.872995146165,16.4995434195129],[102.873081992491,16.4995129981601],[102.873234811832,16.4994751803335],[102.873415512989,16.4994450763568],[102.873602694294,16.4994189671879],[102.873989682481,16.4993582827642],[102.874195804578,16.4993194741843],[102.87443374704,16.4992718453342],[102.874703998256,16.4992400782325],[102.874816675535,16.4992215241664],[102.874952846722,16.4992045910853],[102.8751784053,16.4991777681967],[102.875391294193,16.4991573544274],[102.875542267219,16.4991339738479],[102.875753104606,16.4991177111988],[102.875818628692,16.4990876864972],[102.875864918976,16.4990559599396],[102.875947417479,16.4990215030479],[102.876085597615,16.4989983605347],[102.876219307633,16.4989650098035],[102.876365975333,16.4989396505686],[102.876546551788,16.498903373133],[102.876637907094,16.4988852131917],[102.876712121938,16.4988632581392],[102.876745620277,16.4988317680749],[102.876779651261,16.4987918672118]]]},"properties":{"id":"waterways-0109","label":"แหล่งน้ำ #109","sourceRecord":109,"sourceFolder":"ลำห้วย","datasetId":"waterways","sourceVersion":"2012-30","geometryDisplayRepair":false,"villageIds":["v01"],"villageId":"v01","electionIds":["e03"],"electionId":"e03","insideMunicipality":true}},{"type":"Feature","id":"waterways-0110","geometry":{"type":"MultiPolygon","coordinates":[[[[102.876185675326,16.4507454068576],[102.876091165474,16.450795156429],[102.875932475672,16.4508192153353],[102.875755314209,16.4508148169872],[102.875565495128,16.450774170926],[102.875245257851,16.4506783437615],[102.875059689438,16.450551220818],[102.874698959615,16.4502199857775],[102.874390398029,16.4499108234183],[102.874253693825,16.449733859095],[102.874087170417,16.4495104414894],[102.874057082196,16.4494700726909],[102.873851214992,16.4493608035633],[102.87386288566,16.4493964370713],[102.87397801961,16.4496167819894],[102.874086459319,16.4497340519453],[102.874248731012,16.4498904065085],[102.874433660814,16.450067725035],[102.874507894306,16.4501311484942],[102.874613781622,16.4502388436024],[102.874796403741,16.4504178600413],[102.874995089033,16.4506042579872],[102.875079881866,16.4506612528564],[102.875264990497,16.4507701351731],[102.87534312893,16.4507974893864],[102.875666962621,16.4508740523894],[102.875724834378,16.4508739371195],[102.875951519813,16.4508764619531],[102.876070508124,16.450856979202],[102.876163383571,16.4508148875966],[102.876291351997,16.4507568906288],[102.87639744171,16.4507122549366],[102.876329741044,16.450676322588],[102.876185675326,16.4507454068576]]],[[[102.876586161644,16.4506746319406],[102.876669230852,16.4507137220007],[102.876672521927,16.4507152715727],[102.876674427586,16.4508055811847],[102.876669181335,16.4508143840477],[102.876642901499,16.4508584798569],[102.87658126169,16.4509486067816],[102.87649495462,16.4510814298056],[102.876393904682,16.4512071048028],[102.876273314445,16.4513346087573],[102.876216633958,16.4514059092861],[102.876125147843,16.4514771578868],[102.875940573844,16.4516433058038],[102.875807473107,16.4518116700052],[102.875706428819,16.4519254917433],[102.875598023028,16.4520298019238],[102.875430474592,16.4522052379258],[102.87533674873,16.4523617894756],[102.875261958245,16.4525255928134],[102.875252927277,16.4527313037369],[102.875219746199,16.4530349347462],[102.875217604852,16.4530545299677],[102.875234743342,16.4532224875685],[102.875238927833,16.4533274520086],[102.875182003107,16.4535540845103],[102.875081508069,16.4538184406995],[102.875046485472,16.4539527382252],[102.875041954284,16.4540660872711],[102.875054829328,16.4541794568456],[102.875076497216,16.4542340627416],[102.875093749055,16.454330649532],[102.875150066097,16.4544860637976],[102.875189118785,16.4545532888249],[102.875241219122,16.4546247338761],[102.875323728247,16.454725605029],[102.875471465304,16.4548517574921],[102.875580063633,16.4549652641474],[102.87569300017,16.4550871697961],[102.875749353021,16.4552215929472],[102.875866560777,16.4553938808568],[102.875944635973,16.4555493256693],[102.875996635718,16.4556837427101],[102.876013802381,16.4558349030826],[102.876039767813,16.4559231014611],[102.876074199641,16.4561624472163],[102.87609990969,16.4564143768141],[102.87608653756,16.4566158714638],[102.876038330271,16.4568341104539],[102.876003343172,16.4569474136904],[102.875946678353,16.4570103078293],[102.875872604409,16.4570773734985],[102.875733254303,16.4571485473169],[102.875624369905,16.4572155639253],[102.875546001315,16.4572448412649],[102.875445864838,16.4572824869312],[102.87531963646,16.4573116943094],[102.875202055029,16.4573786976969],[102.875114939177,16.4574373493624],[102.875036495272,16.457517003779],[102.875018963187,16.4575967426526],[102.874997004351,16.4577268536457],[102.875040150539,16.4579578097284],[102.875070422972,16.4580753998702],[102.875131228734,16.4581468549469],[102.875196420889,16.4581931260958],[102.875283383915,16.4582310324175],[102.875357312581,16.4582563256575],[102.875418163134,16.458298392314],[102.875452904624,16.458340421093],[102.875487586243,16.4584202357675],[102.875488991264,16.458419703573],[102.875545663534,16.4586170658598],[102.875510170572,16.4590206044667],[102.87549668308,16.4592854435175],[102.87544393934,16.4595754474908],[102.875330116869,16.4599158129299],[102.8752034171,16.4601300384133],[102.875059374872,16.460289584315],[102.874819281247,16.4605709116649],[102.874705702031,16.4607557257466],[102.874583524898,16.4608648542245],[102.87426937283,16.4611376623893],[102.874121000027,16.4612803824901],[102.873981423046,16.461372672012],[102.873881146641,16.4614103614829],[102.87378526207,16.4614270389467],[102.873689394956,16.4614311024471],[102.873632762582,16.4614226143125],[102.87359358982,16.4613973329779],[102.873563106798,16.4613846775507],[102.873506496605,16.4613635753659],[102.873462957588,16.4613424936739],[102.873388892408,16.4613381818347],[102.873323513596,16.4613507004957],[102.873275549972,16.4613716503986],[102.87318840128,16.4613757263634],[102.873157880379,16.4613882960773],[102.873118624339,16.4614134624866],[102.872935504132,16.4614888670339],[102.872525490243,16.4617657335372],[102.872364002904,16.4619378602184],[102.871949468531,16.4623198175478],[102.871809653552,16.4625634422414],[102.871761404544,16.4627651590384],[102.871752557581,16.4628492259501],[102.87173935841,16.4629290795615],[102.871730539916,16.4629963295888],[102.871629979086,16.4632147880809],[102.871586306555,16.4632777840008],[102.871555725689,16.463328184713],[102.871490277858,16.4633869451636],[102.871372054306,16.4637525151025],[102.871376270468,16.4638408037264],[102.871371603359,16.4640383826957],[102.871406320609,16.4641267148518],[102.871475975372,16.4641646522414],[102.871545610691,16.4642152026843],[102.871589043901,16.4643035493838],[102.871640971208,16.4645306411582],[102.871684376117,16.4646358046967],[102.871693025451,16.464677856902],[102.871693019231,16.4646820588511],[102.871693770794,16.4646814837308],[102.871701672921,16.4647199091407],[102.871775587126,16.46482091232],[102.871910408969,16.4649808622278],[102.872036529428,16.4651323916962],[102.872297487745,16.4654354630095],[102.872475804696,16.4656459276237],[102.872571442758,16.4657890074558],[102.872641046333,16.4658605779225],[102.872736800904,16.4659279828491],[102.872802122232,16.4659533023473],[102.872998061394,16.4660418765679],[102.873119935543,16.4661261398862],[102.873311534471,16.4662063002535],[102.873437805823,16.4662653413127],[102.873603247879,16.4663538706992],[102.873642311118,16.4664506227866],[102.873659546003,16.4665767706248],[102.873720293158,16.4667408211896],[102.873715772314,16.4668459171757],[102.873698167696,16.4669594011349],[102.873693611578,16.4670855177282],[102.873780142127,16.4674808297573],[102.873797142244,16.4677583287748],[102.873752989773,16.4681282296886],[102.873730523316,16.4685654281331],[102.873716762271,16.4690068475808],[102.873677316646,16.4691539393688],[102.873593969365,16.4695111706255],[102.873462590805,16.4699314024258],[102.873418903849,16.4700028073162],[102.873405388062,16.4700158102554],[102.873396473331,16.47001323705],[102.873310283981,16.4701601319595],[102.873031515828,16.4710267879845],[102.872921200624,16.4716109610472],[102.872947848079,16.472063398551],[102.873029438092,16.4723613526497],[102.873029137569,16.4725536226881],[102.873137927819,16.472949642861],[102.873289917327,16.4732062319954],[102.873473146004,16.473477963062],[102.87366030006,16.4737383843797],[102.873804635681,16.473893183733],[102.874023238397,16.4740330086096],[102.874284843176,16.4741615979453],[102.87438391098,16.4742206272583],[102.874632342598,16.4744110691657],[102.874930192396,16.474667963517],[102.875104522166,16.4747680709895],[102.87523429644,16.4748172092878],[102.875339730213,16.4748623975543],[102.875411697878,16.474779343026],[102.87535211587,16.4747234249737],[102.875337944284,16.4747038299143],[102.875331899996,16.474676414077],[102.87533804892,16.4746353149974],[102.875295532187,16.4745765226254],[102.87526511142,16.4745666880864],[102.875161685115,16.4745371663375],[102.875080606388,16.4744881005573],[102.874644902459,16.4741585638756],[102.874512397495,16.4740805474801],[102.874515517868,16.4740763663193],[102.874390656122,16.4739593027432],[102.873906683286,16.4736003995958],[102.873684291117,16.4733851625557],[102.873629731712,16.4732908272683],[102.873450358819,16.4730530382976],[102.873384185275,16.4728908245382],[102.873283108377,16.4725589098132],[102.873259834595,16.4724495422798],[102.873260033909,16.4723213644075],[102.873248687457,16.4720800657391],[102.87326467941,16.4718463493232],[102.873296442482,16.4715221796622],[102.873296724966,16.4713412225374],[102.873328170405,16.4712206312276],[102.873422327191,16.4709757303881],[102.873426456939,16.4708324787315],[102.873457978119,16.4706628806729],[102.873693237933,16.4701251446536],[102.873732841287,16.4698771501902],[102.873759343863,16.4696459558292],[102.873873254056,16.4692509274556],[102.873938957961,16.4690324080796],[102.873965356182,16.4688684818541],[102.873996415329,16.4685111736708],[102.87401403276,16.4683892767952],[102.873987998024,16.4683177660401],[102.87399718661,16.4680150816527],[102.873997401336,16.4678763444144],[102.874023911938,16.4676409508444],[102.874063365354,16.467489661633],[102.87400701266,16.467300392907],[102.873981169579,16.4671069652266],[102.873951191134,16.4667705915233],[102.87384270126,16.4664845530276],[102.87380369676,16.4663499636386],[102.873782045512,16.466261646388],[102.873734324334,16.4661270442986],[102.873638560468,16.4660638437208],[102.873477469077,16.4659795248818],[102.873359947278,16.4658994768337],[102.873146561344,16.4658192832703],[102.872994133231,16.4657686076268],[102.872776546581,16.4655917194254],[102.872550197614,16.4654442453813],[102.872471959766,16.4653222124595],[102.872371985995,16.4651665179838],[102.871958847116,16.4646572273362],[102.871898014183,16.4645520382636],[102.871883443239,16.4645363713701],[102.871884969389,16.4645352035594],[102.871819810014,16.464408988835],[102.871776535261,16.4642197456436],[102.871728871401,16.464051517958],[102.871694232913,16.4639127380533],[102.871672784578,16.4636983029042],[102.871725470029,16.4634461460018],[102.871869609201,16.4632235477954],[102.871952721602,16.4630176766904],[102.871970370172,16.4628789700882],[102.87197051557,16.4627864837588],[102.871983706589,16.462710833941],[102.872009996342,16.4626183851378],[102.872079863394,16.462521797576],[102.87252060236,16.4621020444979],[102.872965586273,16.46175376154],[102.87314435823,16.4616741435762],[102.873235892783,16.4616532566732],[102.873332364456,16.4616438516086],[102.873405849961,16.4616366875007],[102.873462472575,16.4616493831082],[102.873506011722,16.461670467491],[102.873571357969,16.4616789684156],[102.873628013198,16.4616706425079],[102.873780525154,16.4616666578117],[102.874133556509,16.4616083126894],[102.874255684828,16.4615286133502],[102.874618027134,16.4610919201848],[102.875032649696,16.4606595021649],[102.875259717698,16.4603487297888],[102.875482457739,16.4600211318581],[102.875548008949,16.4598993089152],[102.875578682279,16.4597900464516],[102.875675176138,16.4593865939814],[102.875697204874,16.4592310740823],[102.875723652519,16.4590377245283],[102.875750331138,16.4586972321763],[102.875702810416,16.4584365116727],[102.875653028319,16.458357498297],[102.875666195993,16.458286150064],[102.875622740189,16.4582483050291],[102.875548892993,16.4581726345658],[102.875431676978,16.4580045442335],[102.875357799365,16.4579456670763],[102.875301395544,16.4578448296702],[102.875305932537,16.45772728865],[102.875284321184,16.457634899731],[102.875314968056,16.4575173929812],[102.875393392201,16.4574503361873],[102.875515255467,16.4574295139972],[102.875667593698,16.4574003416251],[102.875772053161,16.4573794979275],[102.875872200298,16.457333460905],[102.875950653671,16.4572496060645],[102.876024727652,16.4571825412622],[102.87619031773,16.4570274393852],[102.876281857893,16.456922614441],[102.876334249417,16.4568093334031],[102.876347493488,16.4566876052897],[102.876360844751,16.456498704781],[102.876352461326,16.4562971792379],[102.876227020158,16.4558268019545],[102.876209886433,16.4556546517864],[102.87617529017,16.4555202597992],[102.876118957548,16.4553732436443],[102.875867312852,16.4549194800866],[102.87572825876,16.454801738598],[102.875628298278,16.4547302273726],[102.875419865421,16.4544654482291],[102.875328888344,16.4542176214706],[102.875307345046,16.4540832472788],[102.875285776641,16.4539656618803],[102.87530336774,16.4538481335411],[102.875347264639,16.4536046922913],[102.875412803345,16.4534326511452],[102.87543917013,16.4532689513998],[102.875452375443,16.4531724069309],[102.875465633001,16.4530464722101],[102.875461806537,16.4527147968345],[102.875470817541,16.4525216809495],[102.875536291331,16.4523916186521],[102.875590259229,16.4522861493668],[102.875787413805,16.452053782804],[102.875928644591,16.4519177294779],[102.876181391894,16.4516787625683],[102.876290304667,16.451594939395],[102.876373082397,16.4515278760905],[102.876412319328,16.4514817431979],[102.876482110559,16.4513726766696],[102.876553738427,16.4512618915975],[102.876587619048,16.4512136563915],[102.876615362337,16.4511741577437],[102.876701664829,16.4510413428835],[102.876751008139,16.4509559333337],[102.87678584399,16.4508110909941],[102.876786166611,16.4508076978082],[102.876794073324,16.4507245383347],[102.87678850656,16.4506906506819],[102.876784360785,16.4506364007141],[102.876774276329,16.4506213336923],[102.876546930623,16.4506799753105],[102.876586161644,16.4506746319406]]]]},"properties":{"id":"waterways-0110","label":"ห้วยพระคือ","sourceRecord":110,"sourceFolder":"ลำห้วย","datasetId":"waterways","sourceVersion":"2012-30","geometryDisplayRepair":false,"villageIds":["v11","v16","v25","v08"],"villageId":null,"electionIds":["e03"],"electionId":"e03","insideMunicipality":true}}]}